Crop,Soil_Type,Nitrogen,Phosphorus,Potassium,pH,Organic_Matter,Fertilizer_Recommendation
Sugarcane,Clay,65.1089728388419,40.495877754336355,52.468673154260074,7.4199932439598815,1.6465958749312763,Organic Compost
Cotton,Clay,76.280992312503,36.62664914198331,75.94094338869645,5.238047982394846,1.4252761071161404,Organic Compost
Tomato,Clay,129.63663504830524,21.734621687771707,58.45334416235165,5.886558777479545,5.229343655205648,DAP
Sugarcane,Clay,57.6006140483849,62.690333659641354,12.913745395620657,7.153122547431273,7.762814257449284,Potassium
Maize,Silty,131.750955873704,50.27929524831974,22.630122494437764,6.428357378097919,4.519049162683068,Potassium
Potato,Clay,22.33882033673681,87.24159427078035,25.83617748293732,7.454284154539575,1.3606065815751358,Urea
Tomato,Sandy,118.7517812092083,8.050410145795535,29.497104096260266,8.34483160489144,2.548530592542193,DAP
Tomato,Clay,128.6566686276631,66.16745311773701,58.7133222352979,4.96618675086079,2.7135503449103946,NPK
Sugarcane,Silty,35.45447139722742,77.4801434585983,52.87674908341238,7.338270865592244,3.36499990395865,Urea
Wheat,Clay,70.24851453210806,77.15122407288916,24.300203644599847,5.421376622528458,1.3052236851034884,Potassium
Maize,Sandy,33.16996845291179,89.17702687407488,11.417710128290272,6.157906909630277,7.334248903485414,Urea
Sugarcane,Silty,108.92457805919048,74.25820556880194,21.286059425098216,4.631450903180559,4.608947613050467,Potassium
Maize,Silty,84.94868752863195,93.14195585653115,98.51622469876732,5.043629529170795,5.696515550678764,NPK
Maize,Sandy,98.94526853916494,36.602376982984694,49.511960230189864,5.779109156195599,1.4702098582650627,Organic Compost
Potato,Sandy,37.50817537386956,52.80489459139659,87.39782294670069,5.86794322115194,1.3788082746255457,Urea
Tomato,Sandy,39.64442068733874,6.337568011874614,85.63148433354012,8.098340865848384,5.105274404283831,Urea
Cotton,Sandy,15.809625571386892,5.660970793812665,53.594357958973,7.46725163706606,7.211072073529456,Urea
Potato,Sandy,55.08945492740216,27.81202894289439,72.13533230375164,8.388731872748163,4.699374006716829,NPK
Potato,Silty,88.3642525867145,14.5766837282131,23.311440989207668,6.896286041340963,7.1447342079905,DAP
Maize,Silty,130.11088795962604,29.720079953896594,70.39768696805629,5.466854928365272,6.676938911386675,NPK
Groundnut,Clay,103.3698426442153,21.819112980197755,30.876535030012505,5.810620119686572,1.5309765005644453,DAP
Tomato,Clay,70.9554852759652,7.709402359671582,84.04589919164432,5.779343693167869,2.413702320699829,DAP
Wheat,Loamy,143.4368160151793,91.38389390857469,12.953792645346443,5.805977310653006,5.603974684087397,Potassium
Potato,Clay,110.69432808061646,5.7811974819446945,78.44817392410137,7.191856692447263,4.104509677850291,DAP
Cotton,Clay,140.223128400757,74.92780371202312,14.494006124018856,6.623231712361665,3.034898695528444,Potassium
Groundnut,Sandy,83.86231625810319,19.45404925735407,88.71297750495935,6.041696712346577,3.9304369923358538,DAP
Groundnut,Sandy,46.24659847103955,91.66181408996201,33.899429222825354,5.096359074914867,4.11639752389444,NPK
Wheat,Clay,17.395736091061078,89.81561426103914,67.1673696589046,4.588556651768584,7.373865755751176,Urea
Potato,Loamy,111.65187920773907,67.12060890507945,51.31271646892658,5.37533871035077,1.724207985934671,Organic Compost
Cotton,Sandy,26.98241972077478,68.86224423105749,39.7987987999222,4.929885615874725,2.958115227653305,Urea
Tomato,Clay,52.388517958075404,5.5072184871204115,66.31697415243217,7.6417801234089575,4.762953716078997,DAP
Rice,Clay,84.54592710374564,98.56279878079219,95.01468315236761,4.9499918312555415,5.888008486414142,NPK
Cotton,Silty,89.01832228916467,88.39409733970237,8.920626000589076,7.396912949227344,5.414461022714706,Potassium
Wheat,Loamy,94.08164757819904,90.03509144435874,92.29102130889491,6.042634759104331,7.591499164161761,NPK
Groundnut,Silty,33.275746248958086,67.62823101983284,62.86275722699629,4.7935135589751035,6.569262473736313,Urea
Tomato,Loamy,63.163236675030824,37.75475822218097,81.69485857305997,7.750920197726343,4.899537893821012,NPK
Cotton,Sandy,96.40719179637534,89.89662166359568,41.46812057625637,6.818522280946453,2.5027788417145524,NPK
Rice,Loamy,145.77464104872988,32.69410817436327,49.82508260957331,5.443046051454292,4.156119619815678,NPK
Rice,Clay,111.86835927795642,58.457596617509274,87.54082142111058,8.07872469733067,5.853675709361341,NPK
Maize,Clay,139.1645259931541,14.474442372668827,44.410557131933196,4.681033255482205,6.865735223852594,DAP
Maize,Loamy,116.70968816398478,92.58578486261126,55.792658841163075,5.307278432791051,7.718153570956711,NPK
Sugarcane,Loamy,92.84037564493606,18.373193488265265,6.918517693011626,7.508187711223444,5.238169362965424,DAP
Wheat,Loamy,36.88327167908824,26.36519654438869,20.066810554614015,7.337511721239556,4.688435571131027,Urea
Potato,Silty,103.33599126495183,58.02274502218042,65.96021825760599,5.657086774897913,1.1238434618480382,Organic Compost
Cotton,Loamy,97.27313923438699,77.58883502023325,73.11280560106833,4.748099501411133,1.5046934840512596,Organic Compost
Cotton,Sandy,94.3456838640173,63.8383740639484,60.34708899452745,7.932312288899775,2.092734983461802,Organic Compost
Potato,Silty,78.57002151835371,27.052721716014837,18.614453446183013,5.75479055227961,1.3833195183273965,Potassium
Sugarcane,Silty,84.01192455849859,5.089589040111582,47.31351571489431,5.28285365971306,3.8060426716344855,DAP
Groundnut,Loamy,56.82195379653457,76.92930512920672,38.734002804503035,6.564247289443909,3.358149815972105,NPK
Groundnut,Sandy,82.70377696992244,98.59469596155391,52.087827683333394,8.14090879712979,5.46147910507875,NPK
Sugarcane,Silty,37.65782679498696,81.94174642907859,87.68125828263895,4.674186311373502,4.749655755533819,Urea
Groundnut,Clay,122.72441563045275,48.719628724878454,78.70683667257192,7.5632163521235505,5.171795315715018,NPK
Maize,Silty,36.00877365781909,90.85788983291512,12.9790026319701,6.789892911754835,4.303840420563579,Urea
Cotton,Loamy,21.8952805845253,43.93552894624325,89.57937378858361,6.201796466207268,2.9441600398798,Urea
Sugarcane,Sandy,71.07444369000203,54.868738003129415,49.81787935923324,7.4763217764202405,7.66977720462534,NPK
Cotton,Loamy,102.16304153084866,50.32732790258991,75.66690376416985,8.36329769776653,1.6048641183209726,Organic Compost
Potato,Clay,71.2803554906958,47.52426790322487,18.303726970113452,5.416824844650764,7.57223699625715,Potassium
Rice,Clay,48.7455784731832,78.64312308292105,68.71835494216957,5.074589460288479,3.1786663280531426,NPK
Maize,Clay,88.1439657446617,55.04304619060174,27.450971672898504,8.151526980890788,4.588630117571082,NPK
Tomato,Loamy,58.58032695770799,35.088126592395525,46.6461852283885,7.175812309829215,1.761896259792823,Organic Compost
Maize,Silty,140.60147661772862,29.52502592755544,6.601972657799919,6.251944086247864,1.496517478597065,Potassium
Sugarcane,Loamy,139.1703195445001,8.585995111906172,19.403010603395224,6.793038281057132,4.00681814103022,DAP
Tomato,Sandy,80.33205479609336,60.40354037888937,13.747646846743878,7.482455620704976,6.191881634657747,Potassium
Rice,Silty,55.90375916255619,26.84633446309825,27.775696429134552,7.592127594822869,2.8855534428398424,NPK
Sugarcane,Clay,113.19853795392947,19.072722591556392,14.501718552310615,8.179576723275858,4.9364352225472405,DAP
Wheat,Loamy,15.13981208762933,67.11384656362938,70.73145252885838,6.207371155582491,2.9505523836597285,Urea
Cotton,Clay,76.46766084611117,69.71487949304714,7.75879070987584,5.6736436400775805,3.720291426251286,Potassium
Rice,Clay,57.08527519784669,76.45471476447827,63.685347559374804,7.058657067159368,7.345124229316773,NPK
Cotton,Sandy,138.87502391435766,52.83980515216619,18.367243928429552,6.162911597118121,6.990877378464437,Potassium
Groundnut,Silty,11.680423818175555,89.93518749436923,94.79033843190021,6.878393815795912,4.612122803923409,Urea
Wheat,Sandy,87.39408260056888,93.95256157283164,93.64393694543615,6.179943193823801,2.6667393923045513,NPK
Wheat,Sandy,113.69290134932764,81.7002392802865,26.422794739491447,5.1119831467126975,2.3522873891311598,Organic Compost
Rice,Sandy,77.90251825336577,65.38138079077778,63.3700233311878,6.377707006635834,7.67861147125,NPK
Wheat,Clay,21.95642422278103,33.853490591162924,7.660505349883551,7.263671287764131,2.4190161755748125,Urea
Tomato,Sandy,146.1445946039063,98.37976755392101,93.51991158986154,7.697135230670599,6.657178176387774,NPK
Wheat,Sandy,82.52146039265371,31.042935883234144,54.68379427821242,6.473305107186187,3.582791466748761,NPK
Cotton,Silty,95.98607420466159,24.25240758909095,9.106199384689004,5.160951560841603,7.899618932907668,DAP
Cotton,Silty,43.125369579051025,47.00464080972536,37.53749933577305,6.158750838597726,3.577090182539515,NPK
Sugarcane,Sandy,77.68973191495253,10.399854217676904,12.30069887681725,7.645175715366793,3.460616374375083,DAP
Cotton,Silty,70.08092887416507,97.95697414382012,42.32972174046919,6.151437082468291,5.4622454021433615,NPK
Sugarcane,Silty,20.485417880277723,60.90118785956036,68.64300250532568,7.28612317441689,7.730617646387735,Urea
Cotton,Sandy,24.86244949664541,57.91044870809665,49.63954126393676,6.528854726712359,7.833467240575031,Urea
Tomato,Clay,127.24615274662844,67.30064659047339,41.45360659834817,5.464892500437587,5.950443025268896,NPK
Potato,Sandy,43.57479330892264,52.21724653883463,16.319919326344156,7.684602032092297,6.282244559454475,Potassium
Sugarcane,Silty,37.29415800980827,8.04603412398145,28.26920934089735,4.836853816282748,4.943815231811193,Urea
Maize,Clay,80.68760317501949,63.169572439837694,14.513612335143357,6.599561131020602,6.290430173926323,Potassium
Groundnut,Loamy,117.62459839075181,73.03651831086091,81.71237950738278,5.33556413697362,7.018457584793476,NPK
Rice,Clay,18.67251260105831,44.591160759285046,17.847783658548643,4.768262514165503,4.4026671223651626,Urea
Cotton,Silty,90.75310874935582,76.94307934676333,61.56046982214488,6.511735748332995,5.339035839810721,NPK
Wheat,Clay,26.68946199768027,26.565123437149957,37.56033929094036,6.498248623739695,4.761216866631334,Urea
Potato,Sandy,15.104547115586584,26.02127615128748,26.467946542242434,7.327603606702883,4.937294294700741,Urea
Cotton,Loamy,17.384153302710434,20.334613830319526,65.74950175174985,7.47900277220762,7.2303353691175865,Urea
Wheat,Loamy,126.78297514918178,40.339502179970374,48.41521939080936,7.411165954771587,3.4893178114389913,NPK
Groundnut,Loamy,26.516147707928617,85.46614336196293,43.01381939203312,6.13823493166702,2.4572881792043697,Urea
Groundnut,Silty,16.32119101772087,83.65164590416111,61.32094046476105,7.02675914890625,4.193960771915404,Urea
Groundnut,Silty,71.30598420000771,41.36829975653286,51.670424706550065,6.807780970575841,2.4565963333688563,Organic Compost
Wheat,Loamy,128.15908607188345,60.966279918122474,33.830999812398275,6.186247024467678,4.4888029796341335,NPK
Cotton,Clay,46.73717270850227,73.47755006511699,58.110822337698906,6.888850776743973,7.32455673749941,NPK
Groundnut,Loamy,69.03976645362829,27.914643589662184,68.60236477231598,8.28899150682505,5.322034643377345,NPK
Tomato,Clay,15.589154558925172,20.97340316000097,7.535850065751157,5.271574974725509,6.988029973121544,Urea
Sugarcane,Clay,72.87099197888261,97.34911935516955,49.25781424622916,8.123088383142106,2.1633364373085824,Organic Compost
Wheat,Silty,90.86583128919871,63.667944754913755,10.479912035436659,4.713822055932793,7.306115147760238,Potassium
Wheat,Clay,89.92698752530028,98.23449357419807,22.70851433647055,5.733556851606643,5.212510150849811,Potassium
Cotton,Loamy,56.53973690441112,37.08681877756177,58.248329737407445,5.652580994446113,1.2223185211833587,Organic Compost
Wheat,Silty,54.174645292838974,71.7880114975425,87.28794695023016,7.005460431523623,5.431832686995258,NPK
Wheat,Sandy,24.927306651123704,26.147345471417584,88.86653952290607,5.024899807109161,7.659778693826425,Urea
Groundnut,Sandy,61.351764890477575,29.81401627102173,11.644680963169971,8.029390447359015,1.5541690033275346,Potassium
Cotton,Silty,23.929253642215052,53.63070152061428,44.814983197237126,7.8142056338601655,5.077192913287005,Urea
Groundnut,Loamy,117.32343225968722,35.363721923266766,60.38561588543237,7.108263278741111,7.408350220088003,NPK
Sugarcane,Sandy,145.27840168474603,20.924048564855525,18.971640932282625,6.333655327168791,1.0678661783406218,DAP
Potato,Sandy,145.81042393333897,29.973666688985972,77.71606059075332,8.231824168568313,5.416390485260762,NPK
Sugarcane,Clay,131.10995391255514,8.396097474257141,75.7023495515377,7.822986218882224,4.324316042816738,DAP
Potato,Clay,94.11090090754668,71.92024404036123,90.8173963021455,6.497260592324979,3.4289252305402744,NPK
Groundnut,Loamy,108.12119761414318,51.75108242315685,5.8061711479270866,7.307493417817245,5.392755429617632,Potassium
Sugarcane,Silty,49.92881237525797,13.953091308429935,25.58500317895525,6.767719808718738,1.3689146621119184,DAP
Cotton,Loamy,98.30785882416689,21.310929347206663,83.58273785330556,6.851768953553059,6.271441324011802,DAP
Rice,Silty,73.79093692158284,14.74078112070118,68.70510482855886,5.823904277749885,1.0313563384379534,DAP
Groundnut,Sandy,77.48242756877055,63.196316786208264,89.96703610135663,6.348338418499587,3.1485502065464654,NPK
Potato,Clay,116.08871845252212,13.949984543186911,10.43206718037532,4.812485723158977,4.527710463792749,DAP
Tomato,Loamy,49.46856978361523,76.65682163834553,61.71157674306207,5.92939476665837,3.639155753965862,NPK
Potato,Loamy,54.52554563723278,6.948537335437162,59.059424614899044,7.283314061448608,3.1523315464390773,DAP
Tomato,Silty,139.44985075800912,28.69069985960975,8.389069554250575,8.312864122024745,6.815846018276673,Potassium
Wheat,Silty,17.871401279136116,89.61333420973118,53.78459730668594,8.352256451052082,7.543828019903362,Urea
Sugarcane,Loamy,77.98880177786765,73.26047522161338,62.9044295744428,6.722891476499567,7.115988794341221,NPK
Tomato,Silty,137.79211205710064,11.931991627940334,23.172851549200185,6.926489007238328,4.657019191349997,DAP
Potato,Loamy,95.45082109454198,83.00697992609207,30.966310396842978,5.24288474200387,7.189149226354381,NPK
Wheat,Loamy,86.4969903896985,51.838336546319454,65.83299789828502,7.281232432374123,7.446030956270806,NPK
Rice,Loamy,44.96418509210973,85.44438758103878,49.48859002199604,4.782635170697545,3.8646687793322343,NPK
Cotton,Sandy,58.05856846902276,62.07027857278737,86.51129746899105,5.638742743197778,2.984121016538118,NPK
Cotton,Silty,129.286778212657,69.77413804312158,37.52626777087289,7.173453389141769,1.6878564406932424,Organic Compost
Cotton,Clay,88.29053844758414,99.38264823759228,30.33266754687911,5.741240526173957,4.353643447344603,NPK
Tomato,Clay,82.06390712594919,27.071876862781725,98.56226433276007,4.699387496457817,7.62407844306909,NPK
Rice,Silty,23.94115989560405,64.27482960233189,91.55789816235793,7.827481637403855,4.926352696492597,Urea
Tomato,Loamy,12.243941903717237,48.73053205545284,7.754310774903086,5.741320028538253,5.672934712503201,Urea
Sugarcane,Clay,144.91592641618686,8.747935527655686,78.21921845412376,4.752420899434714,1.790186729442933,DAP
Tomato,Clay,62.77806342015783,6.374710942772178,15.481803513394281,4.799152658011461,2.0046376489957938,DAP
Rice,Silty,94.4498286939306,16.32671489269657,7.6110935087902405,5.507035195155014,4.251312833717708,DAP
Rice,Clay,21.1601102462199,66.66371535116207,31.001074016803145,5.212063788886105,7.65885359288608,Urea
Sugarcane,Loamy,105.63600000122652,58.88049335177226,30.587858510804907,7.597200471120603,3.525492491140702,NPK
Rice,Silty,140.55933921883454,57.57580831055411,82.83528242296164,5.786736186668138,7.142388289222735,NPK
Potato,Loamy,90.59313541963876,8.026392440184708,72.51338836456934,7.71878314015933,1.8420201539799805,DAP
Rice,Clay,27.65614513255748,49.58378465420067,98.25289559654135,5.195383991292611,5.319120448535971,Urea
Cotton,Clay,91.44101384628674,92.83916769504022,72.59372552962276,6.471516718176336,5.204290838373627,NPK
Potato,Loamy,117.28860983465133,42.77122758451143,44.73427755932455,7.252148534212515,7.019123250491879,NPK
Potato,Sandy,66.89831512036261,64.36763462990335,71.3981277897956,7.10796341546342,1.0232169308343106,Organic Compost
Sugarcane,Clay,133.1772847118055,79.08277418419864,99.9486113827082,6.904517639721075,2.329521670383005,Organic Compost
Maize,Sandy,100.81561347003102,79.47290151847932,72.46347884344017,8.19928640772468,2.537813378006372,NPK
Maize,Clay,135.89484856048836,54.331607827550776,77.35972881813024,5.414100590826978,7.6497626166351615,NPK
Rice,Sandy,97.29074357462721,86.50543481322195,94.14467644307464,6.474876817848422,2.0758555938892647,Organic Compost
Potato,Sandy,28.380316080675392,42.18091886955596,15.796869824609917,8.035970200289634,1.2587364515439226,Urea
Maize,Sandy,53.35683955472648,89.42585540455585,71.95450787753406,4.811575062380628,4.7412304631926565,NPK
Maize,Loamy,38.25129275534397,27.821580807576805,85.82656600690765,4.723553073012301,4.699909237035771,Urea
Rice,Sandy,137.23570968036074,31.620558664104248,95.66596702098484,5.433209150233166,6.90832875757505,NPK
Maize,Sandy,116.45600942024757,10.046459298905106,25.04208252261144,7.032084878152074,7.6420175512446145,DAP
Tomato,Sandy,104.69577164740085,80.58027447151687,52.8732557338032,5.5395185057992276,4.769818094980917,NPK
Wheat,Clay,52.13528474842703,44.62024744210703,69.65271052622577,5.260959535235196,7.509959276937589,NPK
Sugarcane,Sandy,35.76626808702989,26.76607832158291,28.509434302627056,6.335209261433168,6.076114059098808,Urea
Wheat,Clay,115.90315231844765,27.02007637357507,62.044922008776034,6.954392275077646,2.851913895969095,NPK
Rice,Sandy,76.38211242307115,90.63299441677715,29.46998433730994,5.494230828066962,7.4989449766074845,NPK
Cotton,Sandy,41.61053730108807,84.2220770437985,36.67841695050649,5.702764746894968,5.672102233273123,NPK
Sugarcane,Loamy,96.32707694313851,57.58543410893242,46.944276168532184,6.954237219246055,3.8986715291984364,NPK
Rice,Clay,15.646739299383277,63.5305260394935,55.27305938092386,8.28295368795781,5.7616945916185145,Urea
Potato,Sandy,55.66383557795549,50.06092920227765,47.68975780438931,7.198966909752353,3.8091897942062563,NPK
Cotton,Clay,75.59797924275885,42.20832157348684,51.85357437985327,7.63161657433824,1.799286375915715,Organic Compost
Wheat,Clay,30.71416677531682,91.9703037157415,33.3659318473878,5.9672403790218755,6.032851230238299,Urea
Rice,Silty,147.85162686271755,16.933206834428695,20.101683932149907,5.589017437537864,6.768613285195206,DAP
Potato,Loamy,39.273631042546,44.75244502304165,9.498247846049747,6.31707097281049,6.1016433931357135,Urea
Sugarcane,Loamy,28.249438206057174,37.733381258848155,23.617978636708433,7.728531314846695,2.6038026742967357,Urea
Sugarcane,Loamy,38.4948823441655,52.3243184238591,60.28464594304939,6.325198567162223,7.69644509434329,Urea
Groundnut,Silty,117.66855864236139,48.475028081791635,79.68096754129758,7.886901635159444,1.1767819318380914,Organic Compost
Potato,Silty,69.570792298058,54.29450550685274,21.07852175707498,8.455087922780509,3.328797081629484,Potassium
Tomato,Loamy,89.15823156535532,18.29230283656444,15.312758988401605,4.788106662921345,2.8206470417442686,DAP
Maize,Silty,12.941281978090505,53.74844264376132,76.18258425217877,4.681640624334815,1.336883593303957,Urea
Cotton,Silty,14.820383200264038,28.02978731928503,33.99004140104252,5.098358811653448,3.8401078509206794,Urea
Potato,Silty,72.41557697578227,22.51147815387817,95.39244672659848,6.037478702937385,5.361803881139422,DAP
Groundnut,Loamy,124.33173404822729,11.159250784688165,72.86020720798544,5.02416883658173,7.177870044395709,DAP
Maize,Loamy,133.93344301905913,77.4519930818334,36.04182448808793,7.982657910475024,7.9278280133402905,NPK
Maize,Loamy,22.13891946338963,45.606982481373194,32.50656104040197,4.592585004108255,6.656627104830787,Urea
Rice,Silty,85.3708342941432,64.53114991461705,54.75134669577436,5.76317086534329,4.280763630989774,NPK
Maize,Loamy,137.85215607909788,74.12136761395062,12.518743486429896,5.238778517976821,6.065930981769215,Potassium
Tomato,Silty,64.31618561570409,69.53508320478758,16.179268701303403,8.22615732063013,6.905366520127485,Potassium
Sugarcane,Sandy,126.1392163999716,49.69756831351982,21.706498725038287,7.177924019560112,4.257150374930769,Potassium
Groundnut,Silty,28.71739161592107,41.85036025041433,78.59874136393321,8.148121025805498,6.4953810381784995,Urea
Maize,Clay,140.95522855349182,40.71619141586305,53.81644913056663,8.389314841241573,4.378566928190137,NPK
Rice,Loamy,115.19926445438237,65.80463570835535,6.003876663572079,6.488392974709477,3.7054719361370587,Potassium
Tomato,Loamy,141.78681499016622,52.00546371947797,68.98407010985036,5.437276432192105,4.682635864486328,NPK
Wheat,Clay,104.72641269735091,85.66756355890851,45.25056697274722,5.274915144786357,5.730983163390015,NPK
Sugarcane,Silty,60.87655047991978,88.09668851103766,53.530974671560806,5.391675446743362,6.088174394230181,NPK
Sugarcane,Sandy,141.34536415346113,21.203235910619256,25.34104312422888,7.334373230488012,3.497153882244755,DAP
Groundnut,Clay,48.579348683284984,17.942196896843935,57.419311697439845,4.6617829124920025,4.999241760892244,DAP
Sugarcane,Clay,56.50415308864255,64.88808797341996,98.01955777639142,4.70544429213086,7.36909611856313,NPK
Maize,Silty,108.11317852024365,33.61644606591655,11.977245645547338,6.932571769532601,7.834190300774479,Potassium
Rice,Loamy,117.14428193355408,6.764218282684391,31.97215296812091,7.068228586949626,2.5907366382876815,DAP
Sugarcane,Silty,140.11648773888155,89.42105358948074,28.084771321778828,7.161051697289841,2.34981815999339,Organic Compost
Sugarcane,Clay,38.67233726786933,26.555572888161784,28.61218452136206,5.987522018354365,5.73679943400054,Urea
Wheat,Clay,121.71972493069136,93.28166191015187,40.97710396871084,7.723779554856613,3.9027872007641067,NPK
Wheat,Loamy,113.39644747557489,73.1562728334341,82.72042955069591,6.634498350906471,1.1695563689269592,Organic Compost
Cotton,Loamy,18.9312378755037,77.45208154159101,91.7215755466168,4.921862520037678,3.428033094530989,Urea
Tomato,Loamy,64.21123976942897,24.13884210035024,24.210433308602465,7.68839722826938,6.647213204305765,DAP
Maize,Silty,49.587163988413806,27.248470433597227,56.58024410507071,8.312271145081834,6.581988512682278,NPK
Sugarcane,Loamy,52.62865940956426,54.52043661328625,65.50540235572063,4.740145252009435,4.462796041716073,NPK
Potato,Clay,147.61256313765813,21.349486001736906,54.573610064565266,6.065405354802319,4.308045544212748,DAP
Sugarcane,Clay,99.9888378871899,34.01601080488807,46.23725744870736,6.450064179338991,5.056552097040642,NPK
Rice,Sandy,110.47466209108994,35.53893540504143,23.237673056627596,5.085883040313268,2.535776973945032,Potassium
Cotton,Silty,146.7264692241013,20.16484365901259,51.38083912392766,7.970835791131508,4.682305374236688,DAP
Tomato,Sandy,62.80824954406942,24.492369172540272,43.11540863257624,5.636598579560176,1.0773245203965387,DAP
Potato,Clay,122.25762358339283,79.91242499078437,80.57851943771561,7.63203415975264,4.328916883481936,NPK
Cotton,Sandy,70.83433486262935,20.883606181990494,77.54241412048454,7.183977928113264,3.352357323754148,DAP
Groundnut,Clay,131.73471405409717,7.7034522251726365,17.729874714538717,6.892183289868093,5.724087241325617,DAP
Tomato,Sandy,35.29205578358244,64.78871954974915,13.40930999349142,5.268571394786218,5.468475089068393,Urea
Sugarcane,Loamy,142.67606478899916,97.71839634228274,91.27462460661279,5.382814082203623,3.665851161279663,NPK
Sugarcane,Sandy,40.62803917752315,36.46531238919653,55.87329695162728,4.689393618986277,1.0509108703501409,Organic Compost
Tomato,Loamy,55.67087097733042,16.272291803643967,86.49108904184611,5.462849719129066,2.7659154057647233,DAP
Sugarcane,Loamy,115.86691277494927,59.186795909915425,10.52435645380811,5.881774437842056,5.433434951324136,Potassium
Maize,Silty,65.12571981915693,91.10365005408639,55.01898356955488,7.832581215449702,1.5066134011225318,Organic Compost
Tomato,Loamy,95.14959274730253,79.48586908370548,56.24551888474245,5.965570666859222,1.7534969528342468,Organic Compost
Cotton,Loamy,72.24029014971998,64.13900749920802,86.76669309150425,7.518487131062425,5.5292451719696105,NPK
Tomato,Sandy,113.93179119256945,34.93036717772194,14.272949831822213,6.25776912518195,6.290371806645046,Potassium
Potato,Clay,41.96637533160552,56.4786164612409,27.842328549211384,7.639473247975554,3.2508479560889847,NPK
Sugarcane,Silty,18.184118213162783,13.668259923904259,43.62113981926625,8.405086401748159,4.427711458615933,Urea
Maize,Loamy,51.99011564622927,69.49981530666365,87.2549401648945,5.4593662322303205,7.61997955488561,NPK
Maize,Silty,76.40321308158023,73.88412179527683,94.19391493170386,7.949366447855505,7.618804935231786,NPK
Groundnut,Sandy,33.522807306975,96.67800417644229,99.30883886139465,6.987296345223099,3.1525194212440106,Urea
Cotton,Loamy,59.671620551894414,29.737749080781807,96.12338121355954,7.769177046354619,6.669915125119632,NPK
Wheat,Sandy,65.9976225610996,6.753359809087151,5.564466805213669,7.106343609071221,5.1576083696480115,DAP
Wheat,Silty,18.034858116358297,56.83280412057931,9.532292438117842,6.195798029096601,7.82839145345266,Urea
Tomato,Sandy,91.66301474578863,72.14509791769737,19.02264781997092,5.412299757767162,4.343294987977675,Potassium
Groundnut,Silty,133.80807991598027,80.08871020888385,38.141899193175945,4.7801409013246605,6.422948076108931,NPK
Rice,Sandy,31.244007813427338,23.405198637357007,83.84221294376108,6.6420734578428675,6.376959907304097,Urea
Tomato,Silty,93.69312187621196,29.866522558517246,89.80233855687064,8.461304378107462,4.482030073431533,NPK
Groundnut,Clay,103.06348868751847,53.696137900393154,22.749268597985388,7.452167220056825,6.569410800081155,Potassium
Cotton,Sandy,68.70685525870036,36.40707694715017,63.86809440387233,5.809382165596066,2.8272823331489754,NPK
Cotton,Sandy,108.1536622309978,86.74859122580727,92.14938858120128,7.8088192003469405,1.8557712540316023,Organic Compost
Cotton,Clay,67.50241608874168,50.007214605178426,49.05451491347547,7.575936000705626,3.9761462125872136,NPK
Cotton,Clay,80.64922031684088,80.95997118969028,14.836639335514477,5.626543173413827,7.605414596435093,Potassium
Cotton,Sandy,11.029426237619777,60.158877245823604,48.492296758039366,4.557229959176938,4.505212257417702,Urea
Groundnut,Clay,106.84081597885644,78.44356345362564,40.700515717365434,4.972650554135798,5.446813970528488,NPK
Groundnut,Loamy,102.58797505226141,36.603933720380766,59.877509626270665,8.00922476124823,5.369137191355128,NPK
Maize,Silty,15.376122825688238,83.98457908337956,46.67257501867485,7.846252141219487,1.928010070886713,Urea
Potato,Silty,61.55501503531863,31.08436997734705,6.647863051103204,5.68083600351345,3.732078176640472,Potassium
Wheat,Silty,147.06445771083344,56.87938676031263,99.42978467429876,5.640781705137682,5.948572810453124,NPK
Sugarcane,Loamy,68.90311875960634,25.33067575151805,56.63632258440424,7.671459948409884,7.8039306900650836,NPK
Cotton,Clay,80.27235671845784,50.175019554488365,49.99492177103791,8.250949879581688,2.176124168079183,Organic Compost
Rice,Clay,137.39022214236059,35.2266449033268,95.68865029288513,7.6165490271904,3.873093232373814,NPK
Sugarcane,Sandy,110.4166626212059,30.336825910535353,19.806734920772325,6.9223147081230465,1.6656565986191056,Potassium
Groundnut,Clay,91.4898183573913,96.86357671266356,22.977572241798583,5.470685401327218,2.696635217544792,Potassium
Rice,Sandy,121.69265538775015,20.207040021239408,81.76140116096443,6.602991656381043,3.6373154032830515,DAP
Rice,Loamy,131.01127730383627,79.79595455845255,29.77895260237583,5.434047434373058,4.784502735666453,NPK
Rice,Silty,73.96433004321736,98.49567115090542,80.92657509769506,7.7320456803870945,2.6139681756735667,NPK
Maize,Silty,76.51517109045696,6.8906409553073935,30.795680876307742,6.047844318070949,2.5929386282508,DAP
Groundnut,Silty,64.047130991257,71.40760433399903,8.152824871375142,7.834788867976105,6.444809853981426,Potassium
Rice,Clay,145.33885960258448,29.026621527847276,54.11639876923802,6.026436871930901,7.738491640628169,NPK
Cotton,Sandy,107.60327560064906,8.846343311188923,23.68521124205183,7.796597620799565,3.2652907742601935,DAP
Tomato,Sandy,21.65122926913012,43.27451000087993,76.99539782858476,5.833271260660968,5.815944130449761,Urea
Rice,Loamy,130.81434726382258,93.84569196623313,65.91396515705407,6.260530818470679,2.806563229505445,NPK
Maize,Clay,77.27839171707753,6.11768396486478,92.7422534579022,6.96195367737063,7.495665784759424,DAP
Sugarcane,Loamy,19.625546899148247,60.84914073332926,79.38389394024492,4.781150456119675,5.710316521157788,Urea
Groundnut,Sandy,86.96041572286354,52.632665466555814,22.17371570986905,8.292828247261857,6.61873798246299,Potassium
Potato,Sandy,68.40299905659829,87.97149561524951,81.01503248315565,6.794423144495212,1.3454783023941537,Organic Compost
Maize,Silty,132.88491668076747,12.980162879459439,65.96501925733222,6.531280058763209,5.189541777684372,DAP
Rice,Clay,38.55924450531423,69.74497283923178,68.55040596725937,7.857575884479648,4.693286319508676,Urea
Groundnut,Sandy,125.70504532890561,69.61042135116134,84.06497416716414,7.96305091958731,3.050978348380724,NPK
Tomato,Silty,88.07641676596339,68.56260160191691,59.513286572949326,6.589041618116064,2.8370098954012266,NPK
Rice,Clay,17.645442449885667,94.52177701882852,49.27033386353622,8.209049303174549,5.060173616218788,Urea
Maize,Loamy,146.05834218556785,83.19331525565364,65.48089835907916,4.758951064305922,5.945399445050576,NPK
Wheat,Clay,81.76613417444798,8.987408993133071,33.30595575104411,4.95290316900487,1.2322092992463227,DAP
Cotton,Clay,50.722759592421546,49.75287081692875,22.346727453274433,6.88715292005776,4.971811073465931,Potassium
Potato,Sandy,75.71695787849613,42.80554033912668,63.57584461676841,5.916263447174335,2.1932167026264002,Organic Compost
Sugarcane,Sandy,130.10008969244848,34.4639860036262,27.21559506312038,6.356900664756795,1.9825391197027038,Organic Compost
Maize,Clay,52.68643741390889,47.87698888963924,12.591935387927638,5.812316871588666,5.361836416662792,Potassium
Groundnut,Sandy,36.97469550813804,41.49844756796786,5.052647535599122,6.1189012457797425,3.1760908205223113,Urea
Potato,Sandy,28.069974570323403,46.071720488473204,62.790343133006374,7.790585388585198,4.086161631944048,Urea
Potato,Sandy,51.70031577462957,98.02987723282104,39.4041344306225,6.873904799417218,3.5199916660784103,NPK
Potato,Silty,119.20673218560609,13.420132601210172,76.46954221397831,8.489378197133993,5.538354241067666,DAP
Rice,Silty,76.02769112733664,92.61193263467933,40.641757839744734,7.647516791283852,4.290838362465282,NPK
Cotton,Clay,41.8474245170956,50.62248777974754,51.170327582631536,5.594665016407307,7.744210634265633,NPK
Rice,Sandy,33.265899945364886,64.25551332245641,43.67307241746157,5.557380470906785,3.4666793137452574,Urea
Groundnut,Silty,56.58212671145307,83.86738182868092,66.80460515538789,5.843593080468029,6.181990381839846,NPK
Rice,Clay,141.58941220399925,39.24398776917928,38.83322039142198,7.873037922590971,2.8010479730813116,NPK
Wheat,Sandy,58.02373976260341,45.89008126835685,96.55792674451935,4.609150602602263,4.561271648383029,NPK
Cotton,Loamy,148.33737063364896,43.90425562647783,93.93396372686036,5.42072511548503,4.867988263313699,NPK
Cotton,Sandy,77.93226380714987,40.59944714089718,85.56265075244173,8.119673681377067,3.3037649674391254,NPK
Groundnut,Sandy,35.08294856062112,92.92528555645502,92.42852570441107,7.059585744333008,4.302463702388404,Urea
Sugarcane,Silty,134.75961285109133,83.74833966333615,47.66827040364215,5.407388382004226,2.9549504652894454,NPK
Wheat,Clay,74.44975223887576,15.35499903698273,55.96088769500175,5.376579872930321,1.042005471717874,DAP
Maize,Clay,109.35398809063342,15.271718485324124,75.49879629303322,7.950472407037722,2.509538111465151,DAP
Rice,Silty,147.71962164928124,45.64760391103416,71.1338628691614,8.075030033108186,5.900449207452405,NPK
Tomato,Sandy,17.02454904479636,14.37245078961686,89.61446658251973,5.524524363848461,6.396741171397639,Urea
Rice,Loamy,23.5372383702594,63.813844050756366,73.05144758938606,6.182041432306129,2.96142006997244,Urea
Potato,Sandy,110.86394380478586,18.650702689864723,99.79904728170375,7.838382954513269,3.8563009917265036,DAP
Rice,Sandy,49.45550046136608,54.6254600768461,38.108050984001146,7.584029754439541,1.2615596209702775,Organic Compost
Maize,Loamy,35.80219557301387,5.685894965353187,84.1347855127447,7.755664426264338,2.659440307683764,Urea
Rice,Silty,15.51066317476213,35.07665309920144,71.2753081691031,6.573592763151876,6.454534983606094,Urea
Wheat,Clay,13.058539678068254,69.33311874890227,70.68171229542676,8.146196193220693,5.241903891855401,Urea
Wheat,Silty,118.42798443677071,50.9836993216456,35.9543815102749,5.803806175817741,2.4403936536805997,Organic Compost
Cotton,Silty,28.820679831737,97.93560116990388,79.63217028018714,5.126688537390072,2.802093965857025,Urea
Groundnut,Sandy,75.48088623596112,88.03986062629002,90.53572212302193,7.33492933025946,6.717614160926921,NPK
Sugarcane,Clay,94.82555412512762,39.11172400909936,25.76210384445348,6.6574176640275855,2.463589420614306,Organic Compost
Tomato,Clay,69.96925207963847,9.321221439866086,64.4221995260869,7.9183430752379245,3.3391040809299186,DAP
Potato,Silty,13.794931327072636,85.33449851092679,42.25280876476364,4.82463699649886,5.65051084158251,Urea
Rice,Loamy,119.69021036230724,91.56725947989378,99.00707133301333,7.874769613752267,4.927786699956551,NPK
Rice,Silty,11.47185143583149,82.9596023748085,50.48911750400975,5.673178612835288,4.2260914366367,Urea
Maize,Loamy,116.66458521284775,17.155244387377664,26.690416510709557,7.1194226686727315,7.29818763685821,DAP
Groundnut,Clay,135.0626291303372,99.80193776916734,41.27647439607409,4.660515156313023,2.5379732390053618,NPK
Wheat,Silty,70.59758894800412,29.565501047513514,67.11464703257948,6.938325185214403,6.189939236040999,NPK
Tomato,Sandy,84.97594623369176,73.79946671679515,12.228490278209746,7.369086756749343,2.1134468843272836,Potassium
Cotton,Silty,76.77767496647152,91.26331325189355,62.34218242101757,5.975000858022481,5.310136834375016,NPK
Wheat,Clay,64.48920660728143,27.390275861417397,93.46635212199531,5.3616428210485605,7.094364943879192,NPK
Potato,Sandy,134.23943495185046,91.28456269432128,85.7844648274958,6.65052270641418,4.205312498346965,NPK
Groundnut,Sandy,135.15069149379866,34.40075002351236,11.42898598250842,7.8327632177425865,6.070061550339302,Potassium
Potato,Loamy,57.01429104981484,97.75925612648534,99.37203848021147,5.794189433186603,6.742753470992917,NPK
Sugarcane,Sandy,96.10976556205772,31.719701936145086,71.37905775186852,5.509877190085119,1.9521849741432193,Organic Compost
Cotton,Sandy,139.767058700421,95.57640335199434,20.41667830983225,5.61574123455075,5.940788266974771,Potassium
Sugarcane,Silty,144.68818985178922,10.086741834804116,6.179528471095232,8.296528611666657,7.4388871679207345,DAP
Maize,Clay,81.25426565908666,72.38084110863224,21.271850447754378,5.937107663058239,5.034594268988809,Potassium
Potato,Loamy,73.39547273980574,55.55055771451535,84.62671246514516,4.514416959553149,2.302855711701292,Organic Compost
Maize,Silty,49.01720422999361,50.39832232665941,7.0557358697905554,7.626724831838478,1.8885977211226008,Potassium
Rice,Sandy,144.2420622466574,26.231959854304797,27.148993843718223,7.297099181341561,2.8181473132672354,NPK
Sugarcane,Sandy,29.99400262620143,72.03160002876673,76.94403155681316,5.0142730584118755,1.7245928831167778,Urea
Groundnut,Loamy,91.1761406466815,23.126901687399176,60.680500910322834,8.43961699653965,4.593758501095332,DAP
Potato,Clay,49.55703745260944,57.51997061855298,79.35989248421822,6.932249141220445,1.4879327789471422,Organic Compost
Tomato,Loamy,49.061160648691526,29.058309488823827,75.88429786354486,6.503117963762406,2.563832372453585,NPK
Cotton,Silty,66.69560223266637,95.78403107922882,9.807131776571449,6.028877070491564,4.0793731073855,Potassium
Wheat,Loamy,149.83101101419163,7.719963414387019,89.7885848139444,8.094691022254551,4.317403252814151,DAP
Groundnut,Sandy,17.69528295757509,23.97418661056747,26.568024256815526,5.475853925674253,4.957789396028751,Urea
Groundnut,Silty,90.9958545484944,28.019507606807533,57.57228182182756,5.643075600879607,5.9393047392550855,NPK
Maize,Sandy,21.560102124938805,44.33644344794256,66.20737487013898,4.989643226746267,1.3306004776582727,Urea
Sugarcane,Clay,31.632916198672657,27.109372977655084,21.01968003408406,7.536476382337041,1.5643466652304827,Urea
Potato,Sandy,71.53881184820582,51.6781635755346,97.74196938659257,6.882197121623413,1.4260140626334652,Organic Compost
Potato,Sandy,81.46441838850178,87.88422470956121,51.37481582829435,6.936264677017993,3.9620522082543723,NPK
Rice,Loamy,46.23093717103336,72.64602503387123,10.476056081752375,5.3738817240778545,1.2929356141805401,Potassium
Rice,Sandy,54.303998322418266,60.09638815083555,94.03989425389483,7.104673556508335,6.222568867819284,NPK
Cotton,Silty,22.17538283583063,13.455301908354567,60.69544510336047,7.561833788987456,2.561001267269345,Urea
Maize,Silty,52.45076973819507,70.92925029698118,71.42335380823076,5.931554122902757,7.574487453029711,NPK
Groundnut,Clay,145.31818151327616,20.809357009539283,54.891700043751285,7.7053885758468486,4.40482628567978,DAP
Potato,Silty,142.25903343414743,79.70490166636131,84.30010570381192,5.895162354128084,4.124280267095411,NPK
Tomato,Loamy,56.8829606191779,28.75539205846455,8.147678908355035,7.532553846037151,6.463770848476502,Potassium
Maize,Clay,89.91955107902662,44.61962919048558,30.495944701329037,4.634920429830876,5.992077887250938,NPK
Cotton,Silty,137.3433547555322,38.294669220203154,49.61659385825576,6.704658405894611,5.251163286637,NPK
Cotton,Loamy,10.865735169725534,86.5873218941114,12.277343549802454,8.378106242559547,7.54602694375259,Urea
Maize,Silty,123.49569984726286,17.021723577773773,72.06113358603254,8.424978402729563,3.9558148269095392,DAP
Cotton,Silty,142.77173739044866,58.73626382655492,42.398024335285875,5.627010313366963,6.659721730406005,NPK
Maize,Sandy,22.785602806697987,18.495852897090913,30.903459075473684,6.265596364321421,3.66065062022073,Urea
Wheat,Silty,32.60267604460894,71.95560443255773,5.320990446799166,4.751911631946532,6.868419720072734,Urea
Maize,Silty,144.50448238798975,90.9824221404757,73.38387961624561,7.993365230418399,2.8163224027617804,NPK
Sugarcane,Loamy,85.25562010964848,46.287727117389075,84.21188434292186,6.774288612560857,3.0248695098522274,NPK
Maize,Loamy,11.987528826041318,51.36876472517271,42.52885088974235,6.0404027157620686,5.745086738122178,Urea
Cotton,Sandy,46.068479826894084,93.10516946586242,58.600707818169724,4.951082233956612,2.4889930646625746,Organic Compost
Potato,Silty,72.99211439764035,54.49418192168893,26.63022946331185,8.287069141987557,2.6040793091780015,NPK
Sugarcane,Sandy,107.00724754346749,51.32185161470829,64.10877639661264,6.620876191283974,3.136837003121903,NPK
Cotton,Silty,112.64245293915194,59.94126475690889,6.15305853994405,5.6317117163316155,5.752501387622631,Potassium
Rice,Clay,149.35901180956387,70.47682495448043,51.42117022438205,5.900860520526038,7.225716646962623,NPK
Rice,Clay,50.25156791372626,15.153920633267981,66.19952077486576,5.582788723688591,5.721973557888907,DAP
Potato,Sandy,85.35081426158654,83.00550013544402,92.22821845682473,6.907239235427923,6.794699710408876,NPK
Potato,Sandy,84.6652967003447,46.37297760805963,41.226902626617004,8.21985430312204,4.804924127861288,NPK
Sugarcane,Sandy,66.79033632261326,11.873108440261126,77.69306928319783,7.926775213306257,1.482462549416017,DAP
Wheat,Loamy,33.68266513793883,79.68735357383025,61.78026784463257,6.34152350170391,1.7032634805595046,Urea
Potato,Loamy,146.84391884573796,40.81024731019585,93.06615072788266,7.805997449204032,4.880743848568408,NPK
Rice,Loamy,129.46440613332203,14.534912034030125,42.845879187645906,6.19242192510532,3.2946067804947674,DAP
Maize,Sandy,79.7666239611932,65.2090087566088,35.31405728793386,5.5092285630345526,2.5439765154585983,NPK
Cotton,Silty,94.45435917576417,88.61247857619595,89.27848987594366,8.433660461065712,4.2637984911183455,NPK
Rice,Clay,41.81654749835272,89.3365833943287,9.678218133787466,5.715550271883288,5.6654771863301105,Potassium
Rice,Sandy,86.13018985484456,95.97803010685246,17.956612328699293,5.794896923947634,3.694943634151009,Potassium
Wheat,Loamy,107.29581863700662,87.43201867783536,12.828421285484222,8.45877147114609,6.6177958001013915,Potassium
Sugarcane,Loamy,82.12338397412243,5.203387337820146,85.09544587475825,5.0357099726626195,6.169662725999756,DAP
Sugarcane,Sandy,148.63992388189178,41.12291080927207,6.007705220180342,7.54213595203878,6.144404175116968,Potassium
Groundnut,Sandy,95.58783187468167,82.7615450910228,86.85742977221958,8.243251033930907,7.89632782774172,NPK
Wheat,Loamy,61.936319762903665,39.79403556985505,47.870440560270346,6.547179977101674,3.066609841601444,NPK
Maize,Silty,118.10128386621734,62.14710810607208,5.382401491127221,4.510087046811281,5.513079104386266,Potassium
Sugarcane,Loamy,33.86475162142989,62.60011000058054,43.156291835143975,6.000235776452425,6.9883483811221945,Urea
Cotton,Loamy,63.832213918877315,39.67740388368819,22.74607989927838,4.946275969539308,5.0566710373973764,Potassium
Potato,Sandy,58.57425305286202,90.92502309172232,64.31804630985549,6.1647506437347825,6.526515232807748,NPK
Wheat,Silty,70.45299331508882,52.806692811681174,69.53908504255642,7.660107046569139,3.901165300879386,NPK
Potato,Loamy,119.44917563002168,49.154499564062576,51.31511918847498,6.254846195535202,5.133439419583633,NPK
Rice,Loamy,77.78422450287704,99.76380583788011,8.849354916768647,6.22770048538369,1.389664749630298,Potassium
Cotton,Clay,121.16202303723479,51.88253458689858,67.33223641488418,6.7271579076753865,7.9003732407736935,NPK
Cotton,Sandy,90.70844643958122,21.9478339332152,84.99368444252451,6.82676233899072,6.600129370138921,DAP
Rice,Clay,57.88972085205775,53.741595172026614,73.43080634600814,7.925185235195885,7.081663501420146,NPK
Wheat,Clay,123.39702411568614,82.33158987439336,83.84600230075526,5.733421756915806,5.8600599470006225,NPK
Rice,Loamy,43.36055387743282,78.80173105533673,24.04840473733431,7.786685057472064,2.302350229660896,Potassium
Potato,Sandy,41.41361717197137,79.91526768530474,89.44435426736585,6.763734994768189,1.2171990969262259,Organic Compost
Groundnut,Silty,80.630409367677,72.26225947980161,35.608377811556466,5.702118198868588,7.052596254152095,NPK
Cotton,Loamy,46.51889443469245,29.15069376133538,6.273457353939147,5.680504176024309,3.774314576152862,Potassium
Tomato,Silty,11.272184893170285,86.89798815482199,85.12220640126172,5.944550068422898,2.8470541322794394,Urea
Tomato,Silty,100.76165382183221,89.87712921074518,94.47302055164904,6.990772970479902,4.931710711872611,NPK
Potato,Sandy,81.55313500613572,23.44450617876216,67.27802875464813,5.423246925439797,3.9462896573300354,DAP
Maize,Clay,72.37249402904257,17.393285472382424,26.986479894025344,8.181334246689069,5.561661969812899,DAP
Sugarcane,Sandy,145.37559204656415,97.68247201596564,28.915724106840386,6.7996503367116015,4.386552631381595,NPK
Rice,Silty,89.96788575480792,87.49077654678496,49.32632297638385,8.180063107984028,5.880631983081894,NPK
Rice,Loamy,130.88042089051385,89.85743398494493,90.29395256213485,4.685617434316619,6.973962886564,NPK
Maize,Silty,29.523033068722423,89.20575653931753,19.211777334018045,5.870445481845893,2.368899076690523,Urea
Maize,Loamy,89.68890483811988,56.460248283204194,83.46749861043126,4.591230642750492,3.3060301639584075,NPK
Potato,Loamy,131.51714774232642,66.40816498325097,32.67376682698928,5.589007260391879,4.057709105994473,NPK
Potato,Sandy,91.63480601918572,56.80947095269596,81.8156860957643,7.948025889074353,7.7344091361934675,NPK
Maize,Silty,110.52198493778022,9.864603173081262,92.42576377214617,4.646438863368804,3.557335294832397,DAP
Cotton,Clay,62.086099493709035,75.82279310851341,45.61191783946042,6.244588399662979,3.667698947148407,NPK
Potato,Silty,22.942932385189323,53.00654316690863,39.679812140025426,4.970268281892912,5.574307660716928,Urea
Groundnut,Silty,74.10604131779,66.53236210507183,81.21102530227367,6.167362637041471,3.9343979692296447,NPK
Potato,Clay,65.22711471744006,52.750781472675854,55.300873826042434,7.855406337057509,7.658566219477237,NPK
Rice,Sandy,131.3884255330526,51.72207562063331,70.02265960400372,6.9922841336100765,7.261281323328107,NPK
Potato,Silty,44.15934232934612,21.319965400387847,64.16877751131206,7.447025381325693,4.593861444429711,DAP
Cotton,Silty,145.34279185491513,31.477802938409152,19.52444033625565,5.896416461798324,5.513426637634949,Potassium
Maize,Loamy,144.13933677262946,20.0910057346758,85.25508422750836,8.277590780040565,1.4062139331853438,DAP
Rice,Silty,44.66843003000142,23.58829808440753,23.598635584247937,7.337048375118,5.870113696226786,DAP
Potato,Clay,58.727273766824865,97.43285113992897,93.56680368672417,6.187195277138123,5.950406110643225,NPK
Cotton,Loamy,135.3778037223439,19.54577734835885,28.804272685104046,6.20585920090822,3.5143950695024566,DAP
Groundnut,Sandy,145.32711092545506,30.580690308994726,74.71869246100547,8.17473671177319,2.5377801853769086,NPK
Potato,Loamy,72.08147439704616,61.10601748516557,32.04226238189125,6.805618773741568,7.405548812719117,NPK
Cotton,Clay,54.9395863897257,62.966964742480975,35.18961381575207,7.325516839612167,3.9869343056358937,NPK
Groundnut,Clay,83.65316185521588,19.62754232566376,34.450176014319,6.168140898052683,5.575942733611974,DAP
Maize,Loamy,106.28768889120288,80.40315544959518,76.04976413247792,5.394771059058856,1.2333015648337917,Organic Compost
Potato,Sandy,48.28643215249717,79.59427245171838,57.89743620709234,7.394237167977675,3.8984701660378542,NPK
Groundnut,Loamy,113.10624444667019,27.545181899369652,88.88048330551223,6.931295088565552,6.72081167709716,NPK
Rice,Sandy,17.232029996049747,32.42329875416874,34.200408324384256,6.505371521699118,3.7130320028050052,Urea
Maize,Loamy,16.9012289870183,94.10884721865222,70.73928959539072,6.996083759977855,5.222128120958137,Urea
Rice,Clay,64.08027872037633,83.43878736805041,76.53011696799551,5.333142344256935,2.4689906033917763,Organic Compost
Tomato,Silty,59.48624688850088,71.29071814093976,19.39080073784603,7.675754826127825,3.915679541876917,Potassium
Wheat,Silty,54.18865015140132,12.81215604350705,43.05598894538206,8.292651220081224,7.4934640263723065,DAP
Potato,Sandy,78.7427667736474,44.735087685744695,50.86766196328905,8.064412576670811,4.96516224790726,NPK
Groundnut,Sandy,54.902701523619974,58.133677847298564,38.79030203996556,5.7857429812280685,7.31352021365052,NPK
Wheat,Sandy,36.91610858553287,22.804072358458807,35.600696617068124,6.1240230931283035,7.314135096426803,Urea
Wheat,Clay,53.32573687240413,47.58152530028133,70.20988992977598,7.733609199190244,7.609034602971357,NPK
Groundnut,Loamy,146.48659819343288,62.097458361425545,25.507307777651413,6.880468523298415,7.267741620560737,NPK
Maize,Clay,67.5558783792788,36.100784610962926,72.39212079885723,6.691657774706597,1.0229679030721046,Organic Compost
Potato,Silty,72.259788760167,79.18975780029628,93.8291986571194,8.206567870133782,7.538104241071178,NPK
Tomato,Sandy,90.7162985931596,84.84271025568651,58.69376451188636,6.644099843908203,1.9622160735976348,Organic Compost
Rice,Loamy,147.66770757799173,35.742899596236725,63.08625249025003,6.5597547183492395,1.279483757778054,Organic Compost
Cotton,Silty,43.82417870100682,84.67242967678342,11.548606701788463,4.668074365065438,1.3877197420463698,Potassium
Rice,Silty,105.37949547454073,14.839773779786427,87.12530584369368,4.7776678343605505,3.442413366235035,DAP
Cotton,Silty,110.23785709584138,84.58426436915235,32.117539783987226,4.5296812315226,5.345628596881555,NPK
Rice,Clay,95.02541835102923,19.511291008423576,63.429860725213665,8.152976903134535,3.8161783756329823,DAP
Groundnut,Sandy,22.400967549130172,12.878079488423975,98.01565612575622,6.1335466400708025,1.1788799925456563,Urea
Tomato,Silty,104.7621186158607,65.96866342189607,61.57274705441674,6.374245504533651,4.335378439223003,NPK
Potato,Sandy,18.973259545064565,49.83404974675296,73.84740130911587,7.881547790369848,4.094915195892661,Urea
Cotton,Clay,93.45997093698557,91.24960703921911,47.30536373125643,6.936985241503112,6.297944858511528,NPK
Potato,Silty,113.54136481104398,39.50297362863068,10.734755133930449,6.938006385562325,2.9572902889780686,Potassium
Potato,Clay,39.53578468679306,32.27946502657473,80.7719382015299,5.68613771741925,2.52271821656057,Urea
Potato,Clay,127.82708105598837,52.569816083698846,8.32488992007864,7.835633495698077,2.7915727037363833,Potassium
Sugarcane,Sandy,14.249532774620597,48.314887648022825,71.56249374434614,5.163319904157975,3.126178758408936,Urea
Maize,Silty,128.13380091216285,37.720664390632884,7.17754944921551,4.712598368691792,5.194154113570166,Potassium
Rice,Clay,74.44606708998711,70.90542337634122,86.91899747478371,5.266413430074129,4.300678398164559,NPK
Potato,Silty,40.46231159043023,77.15837422182129,19.975423404133153,5.570948875098258,3.3582619562534055,Potassium
Rice,Sandy,28.72894029915552,86.03347705786298,53.85579206704236,5.629244231416827,3.6201991079857487,Urea
Potato,Clay,143.46300346153217,97.42137744748257,61.729316925899,7.18205439447507,3.596465621112833,NPK
Cotton,Sandy,20.173182261361937,30.332338252587924,48.46681370047415,5.371298349314574,7.806846862972222,Urea
Maize,Silty,37.87307879102959,73.02888083654635,37.37253148814429,7.206633217979938,2.630978916370668,Urea
Maize,Silty,58.695128640626436,42.4545323720958,49.442358137192315,4.864528692935199,6.72643092190581,NPK
Groundnut,Sandy,96.83287885455687,69.32278733535527,34.58449661871008,5.088809844391636,5.95747586311731,NPK
Sugarcane,Loamy,86.27215193865378,50.21826058317593,46.621622972682005,6.53528579396398,1.0389900392248541,Organic Compost
Groundnut,Clay,27.59008893772396,99.40844476295351,39.09673414481291,8.18758321030657,7.952233526878416,Urea
Groundnut,Silty,50.56191772335005,74.24570290012124,58.789458233178806,7.938270355244455,6.295075594435015,NPK
Groundnut,Silty,43.42524795204337,95.48667354126083,27.60279541327343,8.375013769771213,5.77714710445554,NPK
Groundnut,Clay,39.89599962864779,84.32210720071265,98.92237271683119,7.101916261112684,3.837272953736461,Urea
Groundnut,Sandy,67.56020710719818,90.77559606052026,52.582645571305726,7.2032594656643685,4.886421622400027,NPK
Tomato,Sandy,108.56440336283197,82.36982373539412,23.445397354378414,7.000091995725969,2.7728962696722914,Potassium
Maize,Sandy,40.44341051041303,48.62011738571158,50.321341208890885,6.991275691432789,1.2483838360198822,Organic Compost
Groundnut,Loamy,61.3350431584174,28.919903067954017,87.3094373048583,5.088481380270339,6.85215160912181,NPK
Potato,Loamy,64.72843975776271,40.18041666779961,7.071645346817581,6.674955824655715,7.275391455768202,Potassium
Maize,Silty,146.70391412095742,6.922442100795292,69.55764131519244,6.044271733806903,2.137294456299679,DAP
Maize,Sandy,143.65328996306965,54.77935090914338,57.056940695423165,6.270148863109174,6.509392670920131,NPK
Wheat,Clay,122.01926158529062,52.98049102568883,21.108009465162876,6.59440229223695,6.188068712999611,Potassium
Tomato,Silty,43.83224891468592,54.89879415889638,82.66026173396746,5.013584687209006,2.2486250135526333,Organic Compost
Groundnut,Clay,19.525223972833757,97.53296637234607,40.04403912553054,5.937950935408479,3.952801618023557,Urea
Rice,Silty,54.366579280887464,91.58813032820973,32.91119273747321,4.753798243506415,3.9593054458387233,NPK
Cotton,Loamy,47.35123692073632,20.362713941360262,83.6718932264056,8.418672521689597,6.31974980813674,DAP
Sugarcane,Silty,80.82961202049515,40.043839547809476,65.65987938820814,4.974112115280505,6.863626340432388,NPK
Potato,Loamy,118.88190740949103,45.27583704900988,90.33461294910832,5.534098954179818,1.663425849739597,Organic Compost
Rice,Silty,130.1652114430401,39.25062719590654,64.83895184876394,8.065171706813588,4.940784644329421,NPK
Tomato,Sandy,128.2809719574712,80.85711654237174,75.37767750355096,6.430840184956567,6.3322394785021965,NPK
Cotton,Clay,60.35457857122949,54.78357863742076,84.46236014466322,5.042548806082522,6.503334158456109,NPK
Tomato,Sandy,106.2128080844956,59.34948261230438,10.200265411444008,6.036922152157396,2.0359546710128624,Potassium
Potato,Silty,53.79678765339081,86.03628810385293,78.72465109259113,4.963471976765543,4.678536002055559,NPK
Maize,Silty,18.52677605292558,81.56317457445907,63.302115775709794,5.300863988338007,7.002910944538921,Urea
Cotton,Silty,108.21913718441192,17.56009466792847,11.603240668943357,4.70811938779938,3.229630036096989,DAP
Maize,Loamy,11.375857359770299,72.82188548794525,53.31490257752793,6.252909978196399,3.97581829238258,Urea
Potato,Clay,67.2855622441884,46.366432245693375,12.833517408475618,7.726544486901039,6.630509579354327,Potassium
Rice,Clay,56.1130977022906,32.99164579093754,74.91498416370612,6.843876714799582,1.625236648286336,Organic Compost
Potato,Silty,107.07285539263934,9.751787985707702,56.91766282029889,6.925381221938447,7.0164530292228475,DAP
Rice,Silty,117.27436618645305,51.28870823281784,95.58948605416825,5.302336120332962,3.1780970171156633,NPK
Cotton,Loamy,52.573249035979735,38.76648466883048,22.397860299318136,5.875575373009466,1.01015221613789,Potassium
Cotton,Sandy,123.62778202227949,28.89373876925808,62.573177989435955,7.880968415363328,2.639114015394508,NPK
Groundnut,Sandy,51.148346470690726,70.99381431171096,25.10030278419668,4.851424737306058,1.6265044862685452,Organic Compost
Tomato,Clay,72.48569039811858,78.10111179498077,63.336173549102845,7.931722614674134,1.646694348973709,Organic Compost
Groundnut,Loamy,111.78259378197875,28.255004307795357,73.65172172428136,6.4347601050591425,5.84985013899814,NPK
Tomato,Silty,107.0088320914704,9.697506484537989,73.61891128630617,7.848589725300469,2.497834349473454,DAP
Groundnut,Clay,148.231586123708,85.63150655369732,82.43202911484794,5.772025677577601,7.543196540838877,NPK
Maize,Loamy,41.52254339023046,5.946175414408815,86.08727165604009,5.855371806332084,4.6151118261391275,DAP
Cotton,Sandy,102.72450789554154,94.02568692253983,12.340813995381819,7.506419473292571,4.220687805684429,Potassium
Rice,Loamy,95.35546715860883,64.62388802835706,37.61037992187838,7.639984693568881,4.039984627541061,NPK
Tomato,Sandy,138.11378362860418,35.57543034412542,70.27663943418155,5.418578711960587,5.848113477701423,NPK
Potato,Loamy,31.890699830282507,28.41540140978994,52.36569730216515,8.391485299287622,4.165839337665259,Urea
Tomato,Clay,115.25174290217062,5.855538105125148,23.114214941705193,4.837960416979316,1.9002024935763429,DAP
Rice,Sandy,89.55760627762757,27.36978461603333,57.50740916583631,4.774011852408524,7.161205264485296,NPK
Groundnut,Clay,48.453221770306754,18.084188644128403,43.70638701278366,6.882016861144411,3.9987674424796107,DAP
Tomato,Clay,76.42088798060438,63.15579096869884,42.05363637715899,7.390963071086485,1.5180320298965173,Organic Compost
Sugarcane,Sandy,56.72872358977169,20.821830916411123,81.92660315638807,8.343544516899895,4.7055619124843275,DAP
Maize,Sandy,91.10387639038453,55.219834565978836,43.72184171405722,6.119783123195447,5.5314280091899235,NPK
Cotton,Silty,134.46008551405322,61.061060122724726,7.513178020640296,4.601165635958532,2.92907724910431,Potassium
Rice,Silty,89.70269781770828,33.31396134295688,10.51601719465367,6.911585357785627,6.602382853716896,Potassium
Cotton,Silty,98.44113856572177,8.331170156778278,86.34318396070393,5.658784082395087,5.688430922261546,DAP
Sugarcane,Clay,82.62469859605932,8.53911865834863,96.25707695118952,6.2317884847816085,5.552388184851034,DAP
Tomato,Clay,17.163170902366627,7.502996558422172,70.39888696329221,6.453877928999741,3.9457746700745595,Urea
Tomato,Silty,42.6001979626532,75.2168433779719,39.61498793950762,4.758050442952135,7.733407109879014,NPK
Potato,Clay,78.88024212049159,35.21092195735832,94.16703000049911,6.443927138256411,2.9193241756447335,NPK
Sugarcane,Clay,53.43293972425867,80.64851766692804,67.96629320569491,6.205278667217259,5.043938507108168,NPK
Rice,Sandy,35.44690368656719,46.01461826507067,85.21168717393708,7.350177061146373,3.163386102308323,Urea
Potato,Sandy,80.57859786858137,48.034819578846566,77.75596888351589,7.0826636448493785,6.213633270800878,NPK
Maize,Clay,55.193371082699045,53.723847238409505,41.01823499839628,5.240862872602245,1.33454038709085,Organic Compost
Potato,Silty,46.13507004427806,72.73798835563487,50.47670908082463,5.324555672841588,1.3212570751253447,Organic Compost
Wheat,Loamy,74.95795844165332,30.982772253822173,22.68255466496945,5.5040247150974935,6.67602678663154,Potassium
Rice,Silty,28.65979613150424,16.550798205685055,32.741339541869735,5.215801761188709,4.039877127445697,Urea
Wheat,Loamy,139.88440263055702,57.82544684318884,78.92193782221956,7.128852798673869,3.38826038220249,NPK
Sugarcane,Silty,131.47829370869346,36.06287420806023,89.92794722889528,8.477720716801082,5.2526880352273695,NPK
Groundnut,Sandy,109.06688200367495,47.03667479846355,73.82374020888412,7.108433362063746,5.913295407082815,NPK
Wheat,Clay,24.86993586238387,66.459937292044,49.19150118238064,6.926726184765165,2.408409427910846,Urea
Maize,Clay,118.62281562575703,51.94194540842071,13.218380549276015,6.13971173340429,2.2980186898331207,Potassium
Potato,Sandy,123.11402593526266,63.926487624580076,10.410055126352582,5.750321035439043,7.707055234319171,Potassium
Groundnut,Loamy,117.48704648000728,56.69900020079464,40.560928638221114,8.144295027625917,5.1276501446919855,NPK
Potato,Loamy,25.955224196693763,75.28065533392942,49.06306328292799,8.376007496568612,3.730815341059877,Urea
Wheat,Loamy,100.14711398948705,72.0639786826039,62.8664591102632,6.487104702350911,6.610091862686545,NPK
Potato,Sandy,126.80547140491579,55.74803972181883,5.616504531764735,5.66080198202623,4.67611271144542,Potassium
Sugarcane,Loamy,90.82947617075348,69.49578698167215,99.02367459429911,7.580488830679071,2.6916396726220695,NPK
Groundnut,Sandy,100.49703253193246,87.98816221589821,39.57419392338407,5.029827163467514,2.4471471394910167,Organic Compost
Sugarcane,Silty,74.17088711968286,46.06577233987601,85.56899306110654,7.562352950574726,3.778014863188752,NPK
Wheat,Silty,84.01902478376736,44.212491911135395,55.82183703821342,7.775793497245354,7.019271021819158,NPK
Sugarcane,Sandy,14.81276016924153,77.60333398097612,17.391748180667918,4.9996157785086695,1.4301354123098124,Urea
Maize,Clay,99.45482307625984,60.342614518989436,80.76872749077958,8.407445875186255,2.529682005283342,NPK
Wheat,Silty,21.402609804762285,11.745644121145911,72.43357211738822,8.442049161553914,7.25206273196814,Urea
Wheat,Loamy,70.90204320763127,89.75064149065273,55.10642806827666,8.246877917309405,1.8521419827847536,Organic Compost
Wheat,Sandy,50.971713673437094,7.924394712575813,53.882543676709105,6.484139237625057,5.407380027849179,DAP
Rice,Loamy,86.35991302963983,76.0976538399256,13.310562546338165,5.484296569107314,2.4945795768471757,Potassium
Potato,Loamy,28.67828697324899,77.08544355690972,67.30565011451804,6.828037123527652,5.241067932583219,Urea
Rice,Clay,106.83007627626455,95.5455531017834,91.56828979665848,6.179735353885743,3.6817291679096247,NPK
Rice,Loamy,121.30161516998585,10.142768798220471,13.858267326029043,5.323794578868789,1.711738275016943,DAP
Maize,Clay,32.86962296404191,61.701401774526644,30.033587811645965,6.19470563847139,5.077325472878744,Urea
Groundnut,Silty,24.603832229263503,45.64485420957003,90.71925747699939,7.155559342710362,5.781299229592102,Urea
Potato,Sandy,30.37216759023028,36.41013071165649,32.01267143288037,4.783653243143965,5.76190833276062,Urea
Sugarcane,Loamy,132.79785866579024,13.580263228411939,67.124648857093,5.8336720057840665,5.459240863508967,DAP
Tomato,Sandy,83.94649664588987,58.45214136877437,55.807725669598696,4.5711795600513,4.5015734665488205,NPK
Wheat,Loamy,75.41653944105036,50.508868939088295,61.6511224753669,7.497982021846703,4.6363083180152795,NPK
Sugarcane,Sandy,24.9396546743296,14.932673524347305,44.49994564983905,7.062765070466803,5.449480768655717,Urea
Wheat,Loamy,100.93784094597466,63.18650317422292,33.49918970260256,4.7506885388078635,5.8318155322264875,NPK
Maize,Loamy,131.5199428653126,75.10554642402916,9.610677819318553,8.358950238407871,5.5841371718196955,Potassium
Wheat,Loamy,125.94602170528341,77.89143860009658,75.70668923294559,4.590486228508403,5.108618954394162,NPK
Rice,Loamy,97.64765925731218,91.0104528849306,75.87887890845154,6.859842585904355,2.0908728936288288,Organic Compost
Potato,Loamy,20.53902033123431,43.89972047943383,68.7189453074787,7.605469847196224,2.4743157694500324,Urea
Tomato,Loamy,25.735583804641813,95.541913019103,66.14520987136396,7.651585252178892,2.8215681472474383,Urea
Cotton,Loamy,16.903258195375454,87.21579348285518,28.153127555914992,4.637140542372816,7.437631599612516,Urea
Wheat,Loamy,46.0470903089457,33.16764924727421,7.122768707797665,8.125660530561756,6.315765642578766,Potassium
Sugarcane,Loamy,28.992605402452885,20.131888548198553,81.82796270411677,8.173806687708488,4.8700677367581475,Urea
Rice,Sandy,46.40672563534074,46.361992632161275,51.658160891103556,6.74556149261749,2.764398499808328,NPK
Cotton,Clay,63.90812780065463,43.18037725581683,34.14962241674874,6.4283327955485845,1.7762406627091982,Organic Compost
Tomato,Loamy,142.017589769959,59.69333400646441,14.683531144154157,4.679469852250399,7.291314581859823,Potassium
Cotton,Clay,95.45264836943689,60.42169207113606,10.958551135631899,6.7478165700394745,7.248662110760419,Potassium
Rice,Loamy,126.89632999561472,76.24876351609765,38.142338570541845,6.137516327080923,1.7748691698698407,Organic Compost
Potato,Loamy,109.44921009972651,53.43954507953297,81.45002115285935,7.591225629634625,6.580516662675473,NPK
Potato,Sandy,25.750438273728445,14.958150889372726,92.27875618671389,6.115534267544351,4.126515485169389,Urea
Groundnut,Silty,113.02885689235283,86.53767687754508,90.19137963824114,7.234323333298839,3.2677685298137806,NPK
Potato,Silty,48.51384341827742,34.42763540259277,92.40007930121722,4.905632584950123,6.173731753460951,NPK
Groundnut,Sandy,99.47509857925888,97.27325872912624,91.23390759728755,5.031809083063868,5.300306787425114,NPK
Cotton,Clay,57.73467631001839,16.196710324578163,55.08635140203761,5.058840762596633,6.460210753153362,DAP
Maize,Silty,149.6741168570523,96.0338613620878,25.844485662905864,4.682101999198974,1.5203020244305596,Organic Compost
Sugarcane,Sandy,46.897207129548896,13.646121653839113,80.81442536949794,6.665315437079215,3.230109139702195,DAP
Sugarcane,Sandy,49.07826590839775,26.94843310497065,25.302732610995005,7.675870904174544,3.23521795291715,NPK
Cotton,Silty,140.29411577873577,9.425094498221451,30.384691291874063,6.941644814774664,3.3082716460143584,DAP
Wheat,Clay,13.450216649085174,71.98574893070452,27.159160573142103,6.799819542211425,4.517359108506638,Urea
Wheat,Sandy,107.53645830224757,85.77837997432022,53.92332835110155,7.222495713610946,2.9810966215666315,NPK
Potato,Loamy,111.54569470302293,46.23675277251814,35.57361327606259,5.85858129228806,4.110685270612638,NPK
Sugarcane,Clay,127.0930008374559,93.20959712903083,19.64482471440744,5.947816286592916,3.5744431518079107,Potassium
Sugarcane,Clay,146.42150348938654,61.07841181678196,48.05147412991882,5.75708039288369,6.147072336143579,NPK
Groundnut,Silty,146.58426868193135,64.8506778674197,88.02118768459086,7.348435731414302,5.224505569725351,NPK
Maize,Silty,19.138746059304946,85.31482416157314,59.20252122024736,5.146561342683097,5.5754060262212075,Urea
Rice,Loamy,125.05750518540636,33.1960194799247,88.44188255932077,4.552101121251697,2.474087258578511,Organic Compost
Wheat,Sandy,100.48339071203338,38.65524352612445,23.60785758251805,6.884785786889969,3.2785151572882256,Potassium
Sugarcane,Silty,100.62789881223277,91.06543232349121,20.86251799889263,8.269525458936823,1.1481581332845199,Potassium
Groundnut,Silty,27.968989726057274,90.59153212368255,59.67982694134992,6.937631667985219,1.7586229510521894,Urea
Tomato,Clay,101.02620330239147,97.76586373908273,49.01624564689594,7.63168661176358,2.8553796239222113,NPK
Groundnut,Silty,147.5475612841747,90.67464006195875,67.7164009564609,7.191162837864121,1.4582460491141473,Organic Compost
Wheat,Silty,137.65459973552257,17.100343423169285,80.48954514754425,6.4897466140920645,5.2184268024829175,DAP
Wheat,Silty,71.47829251267908,83.25380718301379,76.37419308695677,7.373569607135384,7.986910811466777,NPK
Groundnut,Silty,15.592716260053209,43.93465542041144,94.5148114975633,7.796416495420887,1.7057064984577197,Urea
Rice,Clay,60.72108860002868,99.1261288148641,42.834358869916095,5.398926576686792,6.748611488684856,NPK
Cotton,Loamy,125.69464362407773,49.8666916112361,24.606740513577172,5.844521921932582,1.83171373085603,Potassium
Wheat,Loamy,108.20987420512324,57.614427837710956,57.33670079504915,5.394902930013135,5.689398131575053,NPK
Groundnut,Sandy,74.30811178315389,55.32861694939586,15.520596418162631,6.308691822361764,5.50210322141312,Potassium
Sugarcane,Silty,17.71421492223635,35.56501783653639,32.44085671650498,8.04025820366667,7.319018543678395,Urea
Groundnut,Clay,69.76526189526237,12.127098444827226,24.749365249998725,5.880828403341329,1.7976192957635866,DAP
Maize,Sandy,75.66349156050369,90.08686688818226,42.67355309572269,5.9978675565222135,3.2081112625732846,NPK
Cotton,Sandy,139.99777460517905,81.25420218999724,15.565574625210461,7.941468938687727,1.6354583224827999,Potassium
Tomato,Loamy,99.75205450150233,18.255044153168583,8.024965732069296,6.561497322978701,3.8516832806310366,DAP
Rice,Clay,53.631408331650846,78.79298577825692,67.39543043985302,6.641795998589737,7.381152214902114,NPK
Potato,Clay,83.54455702310099,64.45543327480794,62.97365293753146,7.943204813328851,6.4706620574329925,NPK
Tomato,Clay,19.247743095102408,43.86865985217412,72.2940989236728,6.4621069481018925,6.0603007031172345,Urea
Cotton,Loamy,146.15955299096316,29.132009164078458,67.73671182577768,7.226230138517581,4.7311925340389145,NPK
Cotton,Loamy,60.40838627030164,86.67423443271208,15.857994708526434,4.842578663496242,7.18440019634866,Potassium
Cotton,Loamy,76.90142968783901,71.51788463293504,32.6524937306864,5.214526852507541,4.1460925876892984,NPK
Tomato,Loamy,59.739756393169166,57.035291399568,17.305027940533474,6.117504802864982,2.047799669704468,Potassium
Sugarcane,Loamy,105.55164221626802,62.90901072035409,85.0823781946135,6.479356271279499,6.863096561845454,NPK
Cotton,Silty,102.71250216614303,13.651287297807194,75.95584725877471,8.362934804944917,2.9574682963620877,DAP
Groundnut,Silty,110.14512347407899,50.022377286563234,24.14506527723303,8.38260653219116,1.3754347871711365,Potassium
Tomato,Clay,47.540052145668916,23.40152781464169,37.424377846539876,7.904788349915046,1.8822662146815397,DAP
Potato,Sandy,54.19358736296924,24.79644950583841,96.82842426510035,5.762395341142298,5.263412413359037,DAP
Cotton,Clay,27.535172353469115,67.82387641725234,61.44513899856689,8.35611316332976,5.249573747448208,Urea
Groundnut,Sandy,101.77139605845576,91.56933442425736,81.10978174360994,7.25736345870485,2.8212821975742415,NPK
Sugarcane,Loamy,15.571597826991358,43.35687799544292,30.13614830302927,6.071760511269602,6.090261035621854,Urea
Maize,Sandy,93.67552697328426,24.736180936158085,24.955027417033996,7.306699667939066,6.41548108779674,DAP
Sugarcane,Clay,131.75742387922872,66.63095903748214,79.4721082404221,4.566090919146106,7.443518382935327,NPK
Potato,Clay,134.71650076054868,87.76276940328019,70.15788324698681,5.084618729096855,5.094562490747659,NPK
Cotton,Sandy,72.86528645179465,76.09028610663663,69.69290327511756,7.8187428462254704,6.45596354903301,NPK
Potato,Silty,74.30251634983033,87.53193690097578,57.50028527377342,7.082294547492685,6.271697758401436,NPK
Tomato,Loamy,20.77568562112243,55.97269374602594,58.53994256377214,5.956778805167536,2.80466333927035,Urea
Wheat,Loamy,103.907103562025,76.42824321507314,74.89126300409411,6.502666560890875,3.1715814955636157,NPK
Cotton,Clay,124.97631885219837,18.306133139098964,30.650235706513552,8.120568598583068,4.3493767702701,DAP
Wheat,Silty,44.251707644659824,38.08608845950319,38.513004256410795,7.026312437916346,1.1332727727047396,Organic Compost
Groundnut,Sandy,68.98212342867106,42.00717062574463,87.80549319940523,6.092597135737321,3.0817844121040645,NPK
Maize,Loamy,127.43750714713785,53.573095893373285,34.342194096154984,4.98130662959014,4.317180113409666,NPK
Rice,Silty,132.79686547272033,93.26225422439825,56.89940928103341,5.674987206502244,1.756485066968006,Organic Compost
Potato,Loamy,44.04519723699163,88.05817322110656,71.75074908063499,8.413360931186332,1.883931214425878,Organic Compost
Sugarcane,Silty,87.079888835791,17.77992176747253,99.99285854915176,6.24945225140711,4.242657150161389,DAP
Maize,Silty,36.94904108901579,21.415016928834003,46.35267649205653,6.3873578553794434,6.116755221101518,Urea
Cotton,Clay,24.263026979537916,38.97585221094658,45.66882327936966,6.494392129588062,6.836242516444782,Urea
Wheat,Loamy,137.55687019487405,32.620667259614024,85.04589604619841,8.036416091792844,4.82419728253324,NPK
Sugarcane,Sandy,124.87105059249528,63.40324054984492,81.52279556968702,6.915713137541239,4.3232429128271175,NPK
Wheat,Clay,116.40488625244434,90.76372453763176,74.45220876478211,7.274708145807688,3.6899639792182866,NPK
Tomato,Clay,16.82728463383966,96.41769645889575,49.00681555385774,6.057654170196416,2.3506429470632435,Urea
Wheat,Sandy,128.12203097943603,67.09228049084652,35.774216415268,4.616350474355897,2.025934019700553,Organic Compost
Tomato,Clay,71.32617062675372,84.62512413310324,62.82939584556062,8.223891656971377,6.543275161632657,NPK
Groundnut,Silty,57.93531726142035,54.894209021925725,88.24121284750589,8.296510723665627,4.255046425486354,NPK
Sugarcane,Silty,86.50669054355271,24.791059951703772,88.95885852981573,8.296612213392205,6.532241718358282,DAP
Sugarcane,Loamy,22.789453981297818,54.845399148880354,15.30734278169165,8.274748346586867,5.928581251304408,Urea
Rice,Loamy,115.93051690933584,57.73284713657685,45.693276962249314,7.760967764278244,2.357271400683652,Organic Compost
Cotton,Sandy,91.54091076436143,75.53346860028788,49.148585838881196,7.238384200465307,4.5721508494785805,NPK
Tomato,Loamy,36.12261356224345,25.888884022198162,97.87345991475655,7.878039673069143,4.108116412958765,Urea
Rice,Silty,36.352507967666384,39.98948629823951,69.40981144804553,6.902184956004145,3.967114542634877,Urea
Wheat,Sandy,35.794811220174395,39.5826095753838,43.688409639896705,5.0374784555680945,4.797997344426697,Urea
Wheat,Sandy,17.98033425727076,96.14676159541067,7.475499168631335,6.064872660165684,7.874573307528065,Urea
Rice,Loamy,92.29178291203587,47.1747712310383,58.71159020942361,8.38517964789175,6.690304183695217,NPK
Sugarcane,Silty,127.64874486239114,76.73392689332391,14.127217685643831,5.904551254382625,7.325987021412741,Potassium
Wheat,Sandy,12.449749958234404,76.32708123057171,84.2727459480375,7.971311654925477,1.2074770822322627,Urea
Potato,Silty,16.860650295978296,30.226697556307933,76.4892727541844,4.872845883099478,1.9823545675475416,Urea
Groundnut,Silty,90.18783873617241,59.32762049031455,48.74837019127698,5.836735369501879,1.5933456215719444,Organic Compost
Groundnut,Silty,124.72939595404732,89.95877486527156,45.775024056461476,5.903813298909519,2.8426170354569367,NPK
Potato,Loamy,55.7434446796087,50.143783348410196,90.24720172903302,4.706410172435921,4.093247443766553,NPK
Rice,Clay,58.946015833081105,94.78616319754188,32.403543289722194,4.976377320747019,5.494372733591227,NPK
Potato,Clay,93.48850964954863,25.37353178579535,28.656896400143225,5.272660844487084,4.505818864006214,NPK
Tomato,Sandy,48.38980447738058,12.045115048532919,94.2237561184474,7.851262363240451,7.322287404391979,DAP
Tomato,Silty,13.725171250875778,89.68811794875118,81.87835449158085,4.753607959759226,7.5789917122570465,Urea
Rice,Loamy,112.93199253422345,85.52971380641058,82.95943134138349,5.694803605377549,2.1446466583822126,Organic Compost
Potato,Silty,97.59098781180343,99.29603821371525,23.543412356212926,4.54070001035707,6.970390441853495,Potassium
Tomato,Silty,91.30583986779227,69.54238137068047,18.61311918593877,7.2825109816120985,4.372055428093107,Potassium
Sugarcane,Loamy,113.83577805885524,93.9853530333792,7.472807232627815,6.981212360173519,4.17330629922169,Potassium
Potato,Clay,104.53231725868525,83.56015738299052,27.518943347274604,7.079929048212567,6.494575439391977,NPK
Sugarcane,Silty,38.82347834496496,85.22050164640825,78.54809671286085,5.997531138858475,1.6519835633141362,Urea
Tomato,Silty,59.347346572069156,59.06844919315549,27.803649782594228,5.333071285070276,7.177451891934026,NPK
Groundnut,Clay,27.6554198350075,41.32463680208753,74.26481194151324,7.381280853144133,5.696043481833303,Urea
Tomato,Loamy,28.179981878503344,93.78301689161178,28.93128520990504,7.7444714909627805,7.126831253605985,Urea
Sugarcane,Sandy,104.6674044899155,46.05113168350997,42.55278730531381,5.054405992392807,7.9613430439533595,NPK
Maize,Clay,130.20401497754975,56.18783988871856,98.4004175415838,6.447317711749685,4.626031166500773,NPK
Cotton,Sandy,144.78256174055946,47.380859176892834,28.25711447199288,5.49486272791545,1.6528353853625029,Organic Compost
Wheat,Sandy,97.96859645692221,58.65773982621872,40.75520959333543,5.172427444824535,2.1656670405162055,Organic Compost
Potato,Clay,35.77418527053398,49.69798250427108,33.6032821441953,7.437301253979996,3.2653276978801697,Urea
Maize,Silty,24.791048362850297,9.556918065050208,15.414373701350216,6.6523877418913475,1.724870594942967,Urea
Tomato,Sandy,123.79913601514609,88.79457767073137,51.53994350242837,5.364741329514671,6.707392782964389,NPK
Groundnut,Sandy,91.02590669039989,47.21741279699813,40.975613016635215,5.74000004484618,3.0780749572293793,NPK
Rice,Loamy,96.55990294192078,60.94964660819813,71.01427315169161,8.366614685310969,7.831203316139057,NPK
Tomato,Silty,119.40469242565929,18.222841262008767,82.67148196039689,7.894718258834226,5.91814002352299,DAP
Groundnut,Sandy,108.45881188254323,5.321845558350718,56.70372287708566,8.019786971492513,2.2140125917889035,DAP
Cotton,Loamy,126.82415539985354,28.30255889614608,8.058660098297002,6.340048388322832,4.332298528607582,Potassium
Tomato,Silty,17.869946764382988,71.93567305266828,63.79762384229855,6.995229055683501,4.268189551433248,Urea
Sugarcane,Clay,114.65288914451068,14.423480360723467,10.262119351989224,6.0070709608176465,4.447581608335437,DAP
Rice,Clay,129.11938602509338,91.34430683671445,63.55385074190737,4.810847902755562,4.7498381945005494,NPK
Groundnut,Loamy,50.05890594416401,25.427144088837537,70.07784518057291,6.104277242627131,1.2182115762241161,Organic Compost
Groundnut,Clay,99.6626183590554,24.4363933577187,23.78792462366425,6.875923012828579,5.804107880205364,DAP
Groundnut,Sandy,53.98268893717609,22.243256354042074,82.83788412856825,5.648577083072526,4.410342427019103,DAP
Cotton,Silty,144.11594930754356,6.328262732279651,91.55308749953461,7.8918022989096634,6.536757792080893,DAP
Tomato,Sandy,14.679300140970525,78.32151950543229,82.24326159081286,5.1044006366983945,6.707447012823014,Urea
Cotton,Sandy,91.1709981366137,88.12828046829956,33.9853730701478,5.96851635774768,2.613745853942022,NPK
Potato,Clay,33.31049658693211,63.34545674853889,60.73108618233527,4.999615621296812,1.3389606249874446,Urea
Wheat,Sandy,109.71082872480221,22.87899825958692,91.90743917316664,6.119328535940902,5.922636992786258,DAP
Wheat,Clay,34.624639678612695,32.101409709383574,35.46314899117074,4.658645219897082,7.844339519247121,Urea
Potato,Silty,42.95365666577006,50.21303624967151,82.90264311521538,5.590197580246581,4.126605906066308,NPK
Tomato,Silty,79.21191354640614,95.66286540421358,5.9001374698611695,6.102941020454734,2.8172896671551704,Potassium
Sugarcane,Sandy,138.07689299956294,28.498380322685566,5.346436764544245,6.412661453106766,2.096703262084367,Potassium
Cotton,Loamy,39.64001210071592,74.50636087238937,77.17260773220191,6.674785433900567,3.0121191817340955,Urea
Rice,Clay,30.193602956534495,46.747581212827434,77.33752030207651,5.599964519159675,3.2954368596001484,Urea
Groundnut,Clay,116.25675645956429,33.295498094202074,79.9528328459679,6.592165338459489,3.9671232040412514,NPK
Groundnut,Sandy,80.08673452675033,48.31201401710081,93.35254959937542,6.536018486248239,5.587849862502106,NPK
Tomato,Clay,137.64991573344798,11.76463816641709,16.201099622927,5.764712203504834,2.9121413925615895,DAP
Sugarcane,Clay,30.52603800237792,80.87530023838444,27.038573573450392,7.820801322625913,1.3568373442807318,Urea
Wheat,Loamy,100.4299050232255,28.11368315838188,90.85386743551172,6.682564506374261,3.612950281009037,NPK
Wheat,Loamy,42.60308046125411,73.9141517033322,21.83743878837358,5.82907887498618,6.98940731311353,Potassium
Groundnut,Sandy,31.946460011229505,11.493095287578498,69.81178041977547,8.289354048323105,4.488460575963186,Urea
Tomato,Loamy,105.68011812201787,95.73436283574017,55.39398500387746,7.880449652284645,7.753486304217868,NPK
Cotton,Sandy,93.11584678722265,23.336423613541367,12.903399300893188,8.430351246207204,4.525350717621122,DAP
Wheat,Silty,115.67584417072638,88.86049723967264,32.10004788444562,7.268935498581683,2.931291718452935,NPK
Cotton,Sandy,53.32476070246553,81.89995491346627,54.43536056189195,6.0128916220241875,2.353197980716502,Organic Compost
Sugarcane,Silty,72.7160318935066,96.94669278773452,85.97326108496424,5.623442666716049,5.861671477499034,NPK
Wheat,Sandy,66.76603468625859,50.399612789846216,72.216156513394,7.153271374697924,4.754669000442055,NPK
Wheat,Clay,147.77252495531198,74.1027429153654,64.07890033821863,8.423266329981214,5.227992502968091,NPK
Maize,Loamy,50.9148539435143,40.217512418589486,52.123124544434404,7.006860320415395,6.285887525338918,NPK
Wheat,Silty,51.274413368547364,22.514982611870913,33.37497846234276,8.026459763959352,6.081324249854251,DAP
Potato,Sandy,59.63674923600503,47.09221362867764,16.328266575329813,5.816413724191074,1.3035431011775889,Potassium
Rice,Loamy,89.043171380645,20.74615646190321,43.86222328377907,6.127815129897023,6.618003337065197,DAP
Potato,Sandy,45.32518419692433,98.29423916470647,7.709256921572795,8.125100958357413,4.7289231493619805,Potassium
Tomato,Loamy,138.14059165309834,14.143416658368055,25.050309480350805,7.527466807831275,3.7419597157034086,DAP
Tomato,Loamy,47.19597908127689,60.97511372799894,46.08592070790269,8.425641281471624,4.762635983876493,NPK
Cotton,Sandy,135.41420241842724,64.51406624913531,44.76749263883193,7.599056838928968,5.2871601392012755,NPK
Potato,Silty,24.486508910521852,56.11755657303515,9.208065944714278,6.294062828872927,2.046544169116579,Urea
Potato,Silty,101.91877833595132,67.9076591426242,60.960714584902675,6.624272079289453,3.921907767285115,NPK
Potato,Clay,136.97797258135412,16.03717362612964,57.22000430605744,8.102061969852546,3.3491034713172865,DAP
Sugarcane,Loamy,33.62492137575214,57.72675979950265,12.41990888198672,6.706586944392192,3.452862613726269,Urea
Wheat,Clay,145.5657744138957,32.28519425709935,94.60048998374174,5.52158949665778,1.6393445688511576,Organic Compost
Rice,Clay,73.40367045817163,94.31672601360037,14.441364000331712,6.242479251079798,2.118904416001613,Potassium
Cotton,Sandy,142.40011518174342,77.39680707677394,86.20924436754693,6.565263955396471,2.1328244731035495,Organic Compost
Potato,Sandy,104.75480610820658,97.38887580517556,5.029424531925565,4.886879334204519,3.6125732025515345,Potassium
Potato,Sandy,52.22216178229721,8.567826625318007,88.8167040293114,7.475050697011561,7.2614408141235405,DAP
Maize,Loamy,36.3623534883949,32.08765164216733,6.873374559409693,4.937415733419892,2.4421916034465987,Urea
Cotton,Sandy,52.52290647151391,23.565145730643156,76.99214302975102,6.119670853475222,3.9133475537236317,DAP
Potato,Sandy,23.0224372967745,6.059685794623897,39.36062707352403,7.718489766161618,3.181265907093965,Urea
Cotton,Loamy,30.141515288066167,28.020944373400535,75.13059601295039,6.370281446453188,6.511683187859367,Urea
Wheat,Loamy,24.652461648507362,69.48371843444075,43.16579451537296,7.868062078874032,1.350885026245713,Urea
Maize,Silty,69.21209612381809,26.953447602784014,11.736252621524965,5.86752528822446,2.375803768751233,Potassium
Cotton,Sandy,121.3809726760621,53.35532732084873,77.91313606255959,8.330545175993741,2.4744907964835607,Organic Compost
Rice,Sandy,29.79369759028763,89.34272092167487,11.769005105529672,5.337873727220942,7.950739602192619,Urea
Rice,Sandy,28.244860644127023,70.90700243316215,92.60144141631571,4.653056579957205,4.995425125764125,Urea
Tomato,Silty,100.08005293242631,42.48976164107304,9.84253340020783,7.989706171961674,1.9727078506846274,Potassium
Maize,Sandy,37.60561747552928,40.38454919665029,50.535901388293965,7.508810863801633,2.9053939749359583,Urea
Maize,Silty,23.665405335258825,48.294902330806046,73.68827093082558,5.427935348269491,2.17475465886047,Urea
Tomato,Clay,33.35880094878087,21.818936900691106,42.35841415524359,8.438966428546696,1.872231987336136,Urea
Cotton,Silty,139.32239542274866,65.23007290451886,25.637180086281298,6.509120517074111,6.580274198855248,NPK
Maize,Clay,125.00597538866671,39.594517814937525,77.11364133262256,8.304261760576654,4.4702684006224835,NPK
Rice,Sandy,59.56903872971317,85.97470817989415,79.50799695492901,6.520115085547998,5.418470957941469,NPK
Rice,Clay,101.81490742583499,76.87250270549255,92.65602347566488,6.387498347085164,3.318758728943972,NPK
Potato,Silty,85.21859431352533,62.99875058875521,40.735685490952385,6.29655414857786,4.875865602471306,NPK
Wheat,Loamy,104.79739688755895,39.599211151704026,53.09391477724605,5.8395011045318,2.8029832276658797,NPK
Maize,Clay,105.57396134478631,24.94352400898102,39.497202070376844,6.634805988706207,3.1562539244976437,DAP
Cotton,Clay,98.02276210839901,78.73442709003417,29.422773075879977,6.310218647794271,5.565665610567131,NPK
Tomato,Sandy,47.254191595223205,51.20886440415322,76.34813134607282,4.6469875064942165,2.052450881434612,Organic Compost
Tomato,Silty,15.460898906794538,26.351253626848962,37.26692527661077,5.54174093369401,5.3205530141722335,Urea
Cotton,Clay,73.77934947861523,23.54158842880059,45.67419698927345,5.352491200422234,6.965643714961891,DAP
Sugarcane,Clay,134.73634385669854,20.71308592762911,43.34899747428265,7.969742409284266,1.8429625832653835,DAP
Groundnut,Clay,89.72961619260063,78.83031363953152,72.70281643644086,6.895479908907365,7.282228963989853,NPK
Wheat,Clay,126.53474583826711,26.75378260352961,92.19058448051457,7.55473240179891,1.5561197620922649,Organic Compost
Tomato,Loamy,148.82740801457194,55.03101503489376,68.34182582420084,8.327304150997122,3.442364588691111,NPK
Maize,Silty,32.90626857935868,47.89690429244036,49.8003466289521,7.0761570901056405,5.273565206665962,Urea
Wheat,Sandy,106.84886947987752,60.06303542668697,79.02448590019392,8.430439965618977,4.915903320829758,NPK
Maize,Sandy,104.40110031800344,88.32971553526346,65.89227579160307,5.7470562066085185,1.6747375074610342,Organic Compost
Sugarcane,Loamy,147.19376263015897,87.43600205776441,10.757983926192281,5.245068729251575,6.592392174500971,Potassium
Rice,Silty,147.98410275339205,47.85222682336167,14.088040709789956,6.113239551971645,7.812073052016769,Potassium
Wheat,Clay,106.13500564137813,6.459793819798714,8.602109686995167,6.383197659743232,2.2685980242863906,DAP
Potato,Loamy,44.1060708775072,45.512161542858806,48.39755098960038,8.08144617141034,7.26591678870824,NPK
Tomato,Silty,121.79781733828386,62.588386055293334,83.45607626220166,6.739761756146706,4.897666094782254,NPK
Wheat,Clay,24.984078789545336,57.98765211431587,34.742901088378446,5.668723997672068,7.551536398717292,Urea
Wheat,Loamy,119.29790258402802,66.87693005101951,41.49521739378576,7.470537131470083,2.232601708917328,Organic Compost
Wheat,Silty,137.4274573802575,19.637194584942932,91.40032529494961,6.523327748556284,6.544149752255972,DAP
Groundnut,Sandy,63.596675267580935,66.4208343841696,84.5058273050822,5.148527781100681,1.418471028117318,Organic Compost
Wheat,Sandy,98.28894129763127,22.35190378065836,68.1795706763432,6.807279150365009,7.1823751276190855,DAP
Maize,Silty,70.21998249355568,76.29977816619115,30.346359298763876,8.145578147229136,5.719115955397435,NPK
Rice,Sandy,71.28710769833799,37.2133232599546,16.11894085540213,7.870490469903281,3.5917834874570103,Potassium
Sugarcane,Silty,53.451924475136806,72.44006617123809,6.525588154610803,6.847239890541324,2.333267764484951,Potassium
Cotton,Clay,116.69814686304545,9.547231896080174,15.166013897419983,6.008332695539952,6.715731689970434,DAP
Wheat,Silty,141.06471898331074,43.746702431136775,32.79666214427456,4.847915004256844,5.222689249763681,NPK
Tomato,Clay,141.70512029282455,71.9782796150166,57.42005604005209,6.378595693326496,3.5229109706360098,NPK
Wheat,Loamy,34.469379882490735,26.552699051491942,11.080007861476755,7.508317750118317,4.106850773617614,Urea
Tomato,Silty,132.46411095191922,80.55226925573615,17.941638940252655,5.941094878932042,6.7857985925066355,Potassium
Maize,Loamy,113.2404017997971,64.92407464496853,22.2026667192544,5.441787302206658,3.372490353498074,Potassium
Tomato,Sandy,45.3972360966405,60.81836835423084,65.03829883341409,8.225518877083815,1.627428746769501,Organic Compost
Potato,Clay,19.41984580901204,38.58714114941203,63.50003090311182,7.78622280183197,7.378975205424309,Urea
Cotton,Silty,47.51961736381291,50.83288968620617,57.32274400535453,7.053102477680579,3.711406177606242,NPK
Rice,Loamy,137.7091531494136,61.74818359289605,28.797635346114262,5.047133375682078,3.4387125778064944,NPK
Tomato,Clay,98.64501448540813,49.883900821914594,40.25637066577954,5.0796353616246925,2.4307973321315757,Organic Compost
Tomato,Clay,110.94765252570205,71.33976577435321,14.185523052085589,4.912878365823116,7.281957998598419,Potassium
Rice,Sandy,46.00132915527342,46.20120864516116,26.513757357015212,6.965186667570973,2.522537335814837,NPK
Cotton,Sandy,110.71434178047484,24.215952265492884,90.28199651489514,4.962251185893344,5.456710076009686,DAP
Wheat,Clay,13.937010878909327,25.32370936609949,98.07071591140371,7.870508795450532,7.16535508125672,Urea
Tomato,Clay,62.54498840822193,5.551358040079403,66.527660635828,8.47186000727729,1.2443953022225218,DAP
Rice,Silty,97.74546879592637,33.59098297807388,92.09821274222492,5.965392738834661,6.80154193710137,NPK
Potato,Clay,30.45351917578483,76.14717584545936,66.06048053813538,6.31467938786839,3.8741959518284212,Urea
Potato,Silty,125.22050042257086,80.44545733957291,8.153666180019638,7.346668707942715,5.605822026856483,Potassium
Maize,Clay,42.90438183366861,24.234416499096252,99.69244557370885,8.248612025303064,3.6068319425788777,DAP
Rice,Sandy,101.31935579458248,96.10917970278373,14.400468660220817,8.07637509422554,5.8686137944324575,Potassium
Maize,Silty,66.72759996054616,52.72826538061204,69.85097113728077,4.730367314999395,2.780064401903894,NPK
Potato,Loamy,93.4461033668706,92.11298115675775,29.019439292105055,5.17628721022706,1.1535137970477738,Organic Compost
Cotton,Sandy,25.043077368047136,72.14270177685496,42.23820572616121,7.51838879423117,7.634512603515675,Urea
Wheat,Silty,12.367791989025026,73.63117518712924,66.36374755608912,7.255572432129789,1.1145743482805794,Urea
Rice,Silty,137.33901983324216,13.079144024076758,46.46629818423217,5.032874376160493,6.76869502743455,DAP
Sugarcane,Loamy,47.74820122740559,25.899157055208413,28.801875598457183,6.508258328006271,2.1839631532573165,Organic Compost
Potato,Silty,124.75478038926427,5.8374091629749,36.77238775344085,7.623258524341182,3.745541600214195,DAP
Potato,Clay,149.90904206610801,73.03212584529007,37.44707110770175,5.375122729050775,6.75744663554239,NPK
Sugarcane,Loamy,39.60037611984757,37.721637400708445,96.1357709282803,7.9851505429386656,2.4415250521864174,Urea
Groundnut,Sandy,47.12390376566978,79.73198902725295,80.86823651272785,4.711887099281472,7.05995323867525,NPK
Potato,Sandy,102.8003702688532,37.1989408940175,48.56213329054301,7.628780340272296,4.48431257371331,NPK
Tomato,Clay,145.16280884408698,82.8367064683918,23.982987432429592,6.963275599159481,3.563074239020936,Potassium
Cotton,Sandy,138.21400874670414,17.416334106089735,82.04653047495232,5.760797386617396,5.637064227154353,DAP
Rice,Silty,80.40257280918189,21.470449891963277,19.93233480279548,7.383730193367645,3.3897280538667025,DAP
Sugarcane,Silty,121.31543955374146,37.38327126047397,24.993910628490326,7.629463180604638,3.4310185129744992,Potassium
Tomato,Clay,29.004419433986147,43.80630194381597,39.77127222481436,8.235595885215877,6.134684736568122,Urea
Sugarcane,Sandy,146.8413457885617,38.126767030082945,88.63307860593906,5.9710986886170545,3.168825571773755,NPK
Rice,Sandy,145.0094527650381,77.54646808970588,17.519733520240475,7.24406694391982,2.405408538480976,Potassium
Maize,Clay,32.92205410308394,14.210382299537898,16.612248321179976,6.910465107738764,6.653522895976005,Urea
Rice,Loamy,51.91923747243493,38.365616865656364,51.927623889000266,6.6008242778283535,6.637597236090622,NPK
Groundnut,Sandy,24.02169965094737,84.53779995396864,31.259001403899095,8.061665896620152,4.4830999259480855,Urea
Rice,Loamy,48.04046384574516,11.345722339906338,59.029154456575185,4.512669256553601,4.6865893131406855,DAP
Rice,Sandy,124.23381051812893,94.52263322877896,47.90548504490623,5.62844642441439,5.872536380373471,NPK
Groundnut,Sandy,62.96418500313633,98.70010001584123,46.3211151033656,6.65310895817932,4.564920042337034,NPK
Cotton,Sandy,22.375575400546172,13.413976513382607,15.637432196264362,5.21317304654621,3.9192797127846277,Urea
Potato,Sandy,57.91157346904664,32.67088961429501,18.399720573734815,8.131466134931033,7.96425935307722,Potassium
Rice,Silty,147.3936667937792,40.37806327335883,83.00246485745076,7.090380470452061,2.0334829949679127,Organic Compost
Groundnut,Loamy,98.15570333628841,78.75718002200898,89.15886006931572,6.411531978527959,5.149095854679024,NPK
Tomato,Loamy,68.2625324968621,61.61304715108971,27.294935624098773,7.758807036266618,7.201041182529622,NPK
Maize,Sandy,33.3153918896178,66.2147415467939,15.77874764485306,6.303544765860416,5.810505288267803,Urea
Maize,Sandy,148.06475161971727,76.96343316775807,10.074583833778508,6.734612047720038,7.1664630936176685,Potassium
Rice,Loamy,124.91886129683803,16.20800494651744,62.788273305480196,4.5110039822156835,3.354343042482708,DAP
Cotton,Silty,49.40682234312872,84.15489840647493,72.95855518751952,5.962802120780294,2.9039508338216744,NPK
Cotton,Clay,19.809617400966523,72.03388139711369,40.416948974304525,5.055161889403879,6.958906708314733,Urea
Tomato,Clay,17.927578032858126,59.847463893655174,69.56920741161076,7.258754722649164,3.758802033298224,Urea
Rice,Loamy,26.852940930774736,89.52485680439038,72.73108747815498,6.416107835902935,5.967776261401179,Urea
Maize,Sandy,91.30760170601903,71.52910361896167,93.857516732706,5.707030229000923,2.0342400488987997,Organic Compost
Cotton,Sandy,140.02687896876893,24.161496449947414,11.16299559433519,6.371329357486969,6.290866877636723,DAP
Rice,Silty,79.54407992083783,45.82581120218834,23.26771370695258,5.338519551805385,4.842878543174086,Potassium
Sugarcane,Clay,128.01236754386758,51.93407235889466,11.509968821713873,8.200346529944563,2.880281479373226,Potassium
Cotton,Silty,72.42412678037309,10.245674541288537,87.4594236669305,4.715890530203652,4.461527747712335,DAP
Groundnut,Clay,109.20169640749553,95.6905637692053,80.29578020318901,7.961668141184481,5.878605380877924,NPK
Sugarcane,Loamy,112.46218322011012,17.214839775703453,59.59099670907471,6.545435154933404,1.0832048619316859,DAP
Potato,Clay,34.35491882646741,71.25882038653906,12.9480239548624,6.975785984555269,5.462269411698906,Urea
Cotton,Silty,60.570248256613645,53.091948428633614,30.964674072103364,5.710422483634815,4.791135447912921,NPK
Maize,Silty,99.22230191532334,7.435063739020146,33.28338556555911,8.366790467177285,2.542003174227128,DAP
Wheat,Silty,19.897525145811265,92.85101020711436,58.27060362146462,5.62740383407796,6.270867517833377,Urea
Sugarcane,Loamy,60.61562628681392,85.92449683779866,29.51416993348797,6.855511988561217,3.124226892432408,NPK
Potato,Clay,84.87192527936695,54.80450315086438,11.93118707173071,8.473666820428516,2.9380265208259533,Potassium
Tomato,Clay,149.4714290262494,26.749521933247298,74.42241867606344,8.024377585533783,4.298528442995259,NPK
Tomato,Silty,76.4346987671417,16.554174614608954,33.412620107264075,6.645319301144424,5.733047748956553,DAP
Maize,Clay,124.2479459960053,39.522285546052025,47.97554681721356,8.461498091868847,7.501921831133781,NPK
Cotton,Sandy,70.48941990932649,29.2656866993786,17.12833032331901,7.305479446930459,1.9895007019247277,Potassium
Rice,Sandy,121.49470116675924,53.13566409559838,81.24208882248506,5.334801664567237,3.7752768452621357,NPK
Cotton,Sandy,93.35807222681518,96.80888313172575,58.725528307785474,6.122384841743226,1.4689271475884094,Organic Compost
Maize,Clay,134.12336181033578,59.62058185681593,90.65063448993696,5.837973336046204,6.309855232302197,NPK
Tomato,Loamy,67.53195732901538,89.5434503095593,52.06979849120667,5.876054833084757,4.134130227769525,NPK
Cotton,Loamy,94.60261877500704,66.83348956209883,94.43543882269857,7.541825757439465,5.948503946317296,NPK
Tomato,Loamy,98.20261528663583,50.14842002578404,89.72747941622596,6.837051709091174,3.2553609678340107,NPK
Sugarcane,Loamy,68.43361185206626,86.18771845967026,59.76368636362722,4.652370846358114,6.910220689844264,NPK
Potato,Sandy,30.20368611624741,49.77997046643476,93.71987662423702,8.009793934603904,4.743796547680803,Urea
Rice,Sandy,23.098316967726976,87.51967619848429,35.69343099298247,5.687184561920658,7.605254752765585,Urea
Sugarcane,Silty,12.334017083948634,32.6997931096977,39.73600545690008,8.488299507652574,1.5517024740082395,Urea
Tomato,Clay,132.29479699433006,17.23724200748387,9.320405374073509,8.316762921339143,4.5999377717945205,DAP
Tomato,Clay,43.10648771341724,86.25487411447914,60.974086142566044,8.26212286672786,6.365186721983891,NPK
Wheat,Loamy,39.61094489944753,60.80444056030334,73.58277714324868,7.744510416255895,5.201068536515303,Urea
Wheat,Sandy,113.04495605964917,89.4637778336512,78.4843230729998,5.38245332673417,1.1623589829878993,Organic Compost
Sugarcane,Loamy,54.80225583223485,94.0935846642764,19.232547174379814,6.6305309761151285,7.806370748407165,Potassium
Groundnut,Silty,80.84625693765712,10.094697085287672,47.19511186968753,5.397210507299898,3.0878458515312888,DAP
Sugarcane,Clay,32.75154914164388,52.592083676592495,21.802005148921985,5.538701822355797,2.7449450645646745,Urea
Wheat,Clay,144.3644010046757,40.62163216208028,67.90209814115363,6.9438070777451095,4.399619129246057,NPK
Tomato,Loamy,129.22139600241323,64.45654772166114,20.00490538006797,4.663334181412253,4.795106752663442,Potassium
Maize,Silty,130.93054721510046,80.39116373422074,90.89554997582712,8.37783426728283,6.364016963128778,NPK
Sugarcane,Clay,66.94832480008073,31.656070517565052,26.910291337834266,8.174692690311858,3.752915603612924,NPK
Tomato,Silty,116.7305699190042,57.895846515451304,32.683215297383256,6.02307028863088,4.079722635235486,NPK
Maize,Silty,30.14266175456922,72.32921509096546,85.83610060434498,6.561689792027652,4.744719411536817,Urea
Maize,Loamy,11.206660362849238,17.770952869394733,48.55442296384376,6.3644776770710365,3.7607096981914845,Urea
Wheat,Sandy,12.796210560923937,82.33635606537035,7.279614851006937,8.02879911446988,7.401836553708092,Urea
Sugarcane,Loamy,92.12424323663846,62.580411986032445,51.985693864251346,7.254407505264444,6.958763766439765,NPK
Cotton,Sandy,73.75528673471172,95.20605652579692,13.031616861111688,5.612444989697426,4.184815865545149,Potassium
Rice,Silty,82.52214884719277,37.25524731741586,98.60774827529451,6.2873650178611875,1.00136403636122,Organic Compost
Wheat,Sandy,11.044839658410716,15.273864522033872,60.870599193282224,6.215863902747055,7.306541468704964,Urea
Wheat,Silty,69.17612675203961,53.11761409850791,29.370598673042952,8.337340673135675,1.8703560140762567,Organic Compost
Cotton,Clay,110.52954256812052,13.152023312396691,58.55317955702369,5.201243642058559,2.7115869063583236,DAP
Rice,Clay,71.97711827544103,97.10501971578064,12.30237482126671,4.858305349177716,2.0665289905577873,Potassium
Tomato,Clay,112.51068888371111,8.675071034433195,80.98967390553761,8.022475328646761,2.2587089898671664,DAP
Groundnut,Loamy,42.62265501555687,76.58287060519426,92.90616511709555,8.086743958023483,6.620142765228843,NPK
Sugarcane,Loamy,123.83988062744156,54.88472782351318,88.07221687958516,7.986956351648659,5.05651009166147,NPK
Groundnut,Silty,92.38037366348333,40.01896198733743,37.466972218363466,6.543907662502225,7.69266614187744,NPK
Tomato,Clay,39.50683392018687,11.255005628322191,35.94797136612001,7.138977713077842,2.6201745862660153,Urea
Potato,Loamy,43.14086661953661,64.10585779649273,8.3333230655485,6.7534521902439355,4.399444356918638,Potassium
Wheat,Clay,97.92426503973519,60.59593129214075,66.88303407658708,4.777791304217604,7.84199858357729,NPK
Rice,Loamy,126.19154304974207,31.683910941421978,55.81595449803052,6.88333958760289,6.785104599923388,NPK
Wheat,Sandy,68.18788948408172,91.47106163397964,48.63790527609743,4.5544565890244035,6.100309753843438,NPK
Maize,Sandy,46.16206007786291,33.890450697569506,91.22494056679716,5.799949638228345,2.3228264095955433,Organic Compost
Wheat,Clay,131.38162496748407,47.723914006250084,20.948495602870402,8.229170303492669,6.385837806368013,Potassium
Wheat,Silty,103.69756084511688,56.65743331227229,5.918295335567322,5.71618107854323,3.4329558581714243,Potassium
Tomato,Loamy,72.73196821963072,14.522028426747179,11.965062951472715,8.259306570576992,4.713758279327304,DAP
Tomato,Loamy,78.30602733910226,93.55536332529508,26.220286593600047,5.500535828596977,5.264128491276781,NPK
Tomato,Sandy,38.595905511095495,40.5809344828489,8.16212718002841,5.75824896184613,5.265545980669779,Urea
Groundnut,Sandy,97.75236820907816,12.674025318062643,52.77015251109787,7.013629985754214,6.085664303394615,DAP
Maize,Silty,60.22395147600441,41.792661499156345,34.83859324718991,7.546507891157179,5.631914648495439,NPK
Potato,Silty,149.3903247344089,62.01924197379517,22.145885766472603,6.505551072019536,1.4785961551741287,Potassium
Potato,Silty,77.22569213666429,53.79700382302631,76.2579871201229,8.028462748776622,4.201429181643751,NPK
Tomato,Clay,78.02398486654585,70.98148753354103,24.422875992090354,4.6609616864424765,5.648151247039855,Potassium
Rice,Sandy,89.21925023749407,10.27097449645151,70.32248459441035,8.188779354537482,3.0719508751601006,DAP
Groundnut,Clay,138.34584043662454,32.03135797584533,38.180166055525696,5.285231199581633,3.191396810514728,NPK
Cotton,Sandy,122.11453398036504,82.82690479980971,53.62363726294268,8.036954980338624,1.8719728342823088,Organic Compost
Rice,Sandy,73.1582097716978,12.58990034017928,93.71736878587538,6.1034527179455225,3.9303049018239875,DAP
Sugarcane,Loamy,110.61789723619144,86.27116569611597,8.548405307502218,7.83102822348415,7.907813040143223,Potassium
Sugarcane,Sandy,92.07296982930663,13.730128747325093,52.52512821035888,7.18666219921478,2.997235529016262,DAP
Rice,Sandy,78.93138681817484,84.27315041471114,86.17018123112373,5.2037665299130484,4.720058248802687,NPK
Tomato,Clay,36.92420818980907,39.274898102479035,60.857553595183106,8.172190279525793,6.2026607694535905,Urea
Cotton,Sandy,74.95107688368473,63.1598610094355,31.30269911168988,5.482069561953839,1.0944808961898946,Organic Compost
Cotton,Clay,44.41460218316045,19.52427598655983,42.779707838778265,5.476560474779996,7.3030769171880925,DAP
Groundnut,Silty,138.07790097923166,11.286028563892181,69.62523472921458,7.756715586549522,3.7058512930745695,DAP
Cotton,Sandy,56.956953889488574,25.514129381912834,89.62712995981128,4.923493022290084,7.083811906976876,NPK
Sugarcane,Sandy,143.31696203467212,17.146112701326075,8.901305505928102,5.388143625481842,1.2726336122963464,DAP
Maize,Clay,84.62774061325956,34.67856027956502,11.79618807958576,6.514710293684249,2.019644863045731,Potassium
Tomato,Silty,98.41621301466245,53.86640841854692,35.87989474291082,7.821908114746497,3.2577061813429147,NPK
Cotton,Loamy,86.01166222850588,60.9321490386759,27.114070021560504,5.08993589894907,3.4182324114429514,NPK
Groundnut,Silty,28.113286375338124,80.03747020107558,30.168434191128572,6.690672938049385,6.9345595611961155,Urea
Sugarcane,Clay,62.614970661111734,67.34278985859407,26.020649869458687,7.3449623672117585,1.0784078077176464,Organic Compost
Maize,Silty,23.880455718867353,62.832040887307535,23.603379641239982,7.942380898863805,5.487782435287757,Urea
Wheat,Clay,97.21356618567344,44.11929261114859,17.40927685258272,8.242262240808879,1.9191870532498518,Potassium
Wheat,Clay,72.56238732806145,50.01180132121318,93.72564252054761,7.63855965787573,6.7625095549773455,NPK
Maize,Loamy,118.91789601993115,44.379478792067204,18.69799907108454,7.111313592888008,6.450012861705386,Potassium
Sugarcane,Sandy,40.86586733991177,85.0057728558314,24.418358602725938,6.234480341251063,4.499447191878405,Potassium
Groundnut,Clay,33.03924818010689,26.850042992097986,28.395243778174645,4.948440616753679,2.488810578586626,Urea
Maize,Clay,66.88651233492749,5.543488496486639,93.63641294738996,7.3389487701020855,5.441467736758894,DAP
Tomato,Loamy,139.72195365057337,66.87539023649273,76.79284269210305,8.470949217901948,2.0938082236035194,Organic Compost
Tomato,Clay,109.45905410173765,24.23390744568898,80.0214458799739,7.4470423789283995,2.3301665481485743,DAP
Wheat,Sandy,68.64930747100861,89.56093794943189,14.952034656157315,4.566844374950906,5.386829315577504,Potassium
Cotton,Loamy,82.41810376560348,86.60940132213233,84.44943812648881,6.485039912167355,7.938599122620371,NPK
Groundnut,Sandy,21.78982156479377,12.28910033317956,43.77834277265471,6.958586529931615,7.237425860767824,Urea
Wheat,Sandy,147.84062549265585,15.106898514337349,29.96818749017693,7.258696804411372,5.151751503785739,DAP
Cotton,Loamy,103.29702265728865,52.0413012634333,59.696257934429504,7.378903342402834,4.769757381371966,NPK
Cotton,Clay,49.95656958487915,62.87615296308869,83.10737605258973,6.732433764866096,7.98869416005676,NPK
Potato,Sandy,92.0131751901342,31.11629206081287,78.97195435211638,5.393441330936961,4.831780033437256,NPK
Tomato,Sandy,25.327531249659156,73.0957830864402,89.54976084520754,8.268802645906186,3.9408156537161076,Urea
Sugarcane,Sandy,145.2171336330617,61.51702198729279,93.17255767146717,7.286665870654648,7.36688875042739,NPK
Rice,Sandy,34.46989830367123,35.858290426112696,27.621596785636207,5.447360147477638,2.639290071085018,Urea
Sugarcane,Loamy,100.72424452772998,7.410291364019981,45.266499946080806,5.789287329081091,1.6826819320776627,DAP
Rice,Loamy,44.36362475545026,76.26427672335917,6.389711224481651,8.187710682521478,5.438630240532812,Potassium
Maize,Silty,110.458593570795,25.401598253382858,88.5355576301807,8.049940746829343,1.670947436381243,Organic Compost
Tomato,Silty,118.75499141363935,84.2750056289497,19.684354390102918,6.1205857534323584,3.612039758670721,Potassium
Cotton,Sandy,104.27876204760057,44.92757470515424,86.84010717255596,4.653228887965804,3.9650416990720436,NPK
Groundnut,Clay,96.02992443572695,59.822357050017715,36.29179558872666,4.693989475575753,4.832766469344632,NPK
Rice,Sandy,134.94567315328163,87.93012938885518,39.97269104820813,5.635673163673556,7.941616820235736,NPK
Sugarcane,Clay,21.007739538566128,87.04418508739558,8.71756417596664,7.016488877355998,2.5468720633322652,Urea
Cotton,Sandy,56.32806720922733,40.29435964813946,36.053485027705364,6.836778541338248,3.630294649548384,NPK
Rice,Silty,44.760247148318435,24.844444807910097,89.39454986612009,7.03531114777577,1.925680870874606,DAP
Rice,Silty,148.321954689159,78.6388773842165,7.427003106552394,7.369131887728427,5.253294682232643,Potassium
Potato,Clay,64.51456915336229,46.14261934220246,43.601109939438906,4.576129014370954,6.093712276154834,NPK
Rice,Sandy,112.56577789365582,23.243989388105387,7.982964832210408,4.920342380689771,4.374537762651152,DAP
Groundnut,Clay,105.86152294334065,90.92040752012927,40.23772538536117,5.93793380730885,2.7208188780297973,NPK
Tomato,Silty,39.69137324683288,23.819898452903303,21.400860874127662,5.119439990086327,5.346217884272233,Urea
Groundnut,Sandy,43.45967522961718,7.451680978166952,28.960747360495343,4.801280170178217,4.774104063581946,DAP
Wheat,Sandy,49.379838897424776,6.926597507904897,88.3718454503348,7.063857583989328,2.198300063826024,DAP
Cotton,Clay,67.5578189563131,64.1199588631551,46.42467595907964,7.761345909964396,3.839773303514912,NPK
Tomato,Loamy,42.80550919107375,67.85913076816539,31.010809183181657,7.5105066297371295,4.046379641446364,NPK
Potato,Clay,12.751207584558692,34.54896198041347,60.987145905302036,7.768159114436717,7.87832427640003,Urea
Tomato,Silty,133.11502795300737,35.40104397847102,18.500161184095326,7.163426176231509,6.945000825088653,Potassium
Tomato,Silty,145.18537639332376,37.251921930694564,29.642202704981308,7.441381287256808,6.140595517915156,NPK
Sugarcane,Silty,57.81985418441951,69.61506194209348,56.893556922274406,5.587115096833205,7.221439178520632,NPK
Tomato,Silty,57.3909631195662,10.522710147548715,27.56468897556654,8.472032145136657,6.148390840801005,DAP
Potato,Silty,10.992853788411939,93.26605350567594,69.51713505308297,5.232662617975548,7.323812985880133,Urea
Groundnut,Loamy,105.23509636625236,26.13949919685741,51.69167371465464,5.35797549755753,1.3818718041565559,Organic Compost
Tomato,Sandy,125.56158540480803,99.96895449799877,78.33896167419563,5.655687327263387,4.192463464868416,NPK
Maize,Clay,30.525162050400443,21.294655909782765,95.08323089363452,8.401329720426315,6.228288346692835,Urea
Cotton,Clay,32.35328891140111,78.29691344467587,16.001464488003734,8.453154357415624,5.083070576270095,Urea
Tomato,Silty,120.61165499600129,26.224191768314377,36.79317594853176,7.67957499882599,2.2261631490555067,Organic Compost
Cotton,Clay,96.28070476958025,12.680446156109127,35.35716097344863,7.016230394238535,3.3834446056997396,DAP
Maize,Silty,16.28047806788038,88.11866581331164,19.362377337039156,6.580250300738454,3.2244206251868386,Urea
Maize,Loamy,97.15657866471943,86.58136962313473,81.97879804667973,8.382483382747383,2.8294283922903523,NPK
Cotton,Loamy,53.24848119812725,43.33918728271213,77.18847688368506,7.2824912114329905,3.4019488745977626,NPK
Rice,Sandy,61.62152176591843,71.72763354134055,51.02041972926791,8.27892051330412,4.603973019227847,NPK
Wheat,Loamy,117.76239856156323,57.921263604972125,56.08822389048791,5.766203197910496,6.984083173482932,NPK
Sugarcane,Loamy,123.53092697416548,86.03083079900614,10.656693110237143,5.835099169078262,6.194228636756295,Potassium
Rice,Sandy,66.04992775757628,34.93031708527217,57.773198471069335,7.918898376473742,6.846747928113635,NPK
Rice,Clay,142.60141104088967,54.74887799990359,80.17744478186546,5.0994196823411775,7.185226211941604,NPK
Groundnut,Silty,66.90478051329012,51.11037526443229,59.51361949046643,8.283711445184302,3.913053192683251,NPK
Sugarcane,Silty,118.05704493221539,38.62105349440158,30.204105161439795,6.52989741865363,3.4221839881872302,NPK
Sugarcane,Clay,77.74281703899626,89.68823113285536,68.41708587176203,8.20565551433479,1.4033636717891327,Organic Compost
Rice,Sandy,135.65452571309177,20.75840284294087,39.34140084669853,5.847171154903252,7.51344135313504,DAP
Tomato,Clay,137.08657411102502,19.203320754466134,56.76296200714485,7.363835616557588,1.4607611255670077,DAP
Groundnut,Loamy,22.238353101951738,59.80640585566138,51.31870951149785,6.431500487890759,6.187948607593293,Urea
Groundnut,Sandy,141.1090663834316,67.4619518485695,41.211625091692106,7.007214520981892,3.6467581312591104,NPK
Maize,Sandy,125.57487781285819,23.488829160833692,73.29340813744284,6.517489972556609,7.6414654214943045,DAP
Potato,Sandy,120.78350000377336,42.11815701418929,88.96823063865877,8.368462469485445,3.9372141465389032,NPK
Sugarcane,Silty,38.12758755597314,94.92356508298066,5.49518925530787,7.2684215912556684,6.716258459483015,Urea
Rice,Clay,122.71668922565308,28.42865515561403,93.69356932688488,5.505275874505262,2.978583825145736,NPK
Maize,Sandy,129.01858285590515,68.49426670115244,53.593937927906374,8.138707687620338,3.0936210207069266,NPK
Cotton,Sandy,50.48104682358113,75.31419240127113,71.56952863451019,5.676118952620417,5.168635869149039,NPK
Wheat,Sandy,143.31641097072531,47.572226449190154,86.28433378670833,5.986420397203425,7.9858784359523165,NPK
Potato,Clay,16.980420495882996,94.06496874216039,49.37485076985565,4.9084947920808535,4.623006925854374,Urea
Potato,Silty,30.987295454599554,74.9823898457851,84.32253696966457,8.099866079184764,7.554160454753034,Urea
Potato,Loamy,85.261359327212,48.502835086785296,21.87388284824421,5.6444480929114516,6.503748797741094,Potassium
Groundnut,Silty,90.61094595712336,59.08684416872893,20.120915775582375,5.535670471725529,6.571050199240644,Potassium
Cotton,Sandy,100.32101166212648,70.79827712538456,67.4597800413346,8.181050391979817,4.051719923901349,NPK
Potato,Silty,12.375678104165305,61.25806714077573,87.66358552741504,7.722107449620133,3.7057957512096045,Urea
Cotton,Silty,144.45134844709824,88.4762704634772,89.78048686592373,5.064315686077498,2.3434526566357077,Organic Compost
Tomato,Loamy,16.24233298278016,38.90442291663811,66.15534354583843,7.577298015614723,7.747588868885575,Urea
Potato,Clay,30.028673381276334,33.48914530530146,54.92147686988516,8.152132392215163,7.71575528710674,Urea
Wheat,Clay,11.962032453647977,25.31469450205011,36.48234333116904,4.814044872842976,6.22947414017128,Urea
Cotton,Silty,89.36018066117326,8.589381966136537,98.10003948193648,7.800859979618292,3.0737671489686864,DAP
Cotton,Silty,140.5173637489361,9.086326616105257,35.3710902332938,6.6896802074922235,2.716256782395975,DAP
Wheat,Clay,103.23260325126499,87.65524334538186,75.69768018700135,7.176789797515203,7.92027169670874,NPK
Potato,Clay,125.17204558725982,69.4473489085612,55.53827099097507,6.471417355619748,1.4657997057572425,Organic Compost
Wheat,Loamy,11.859368484201212,67.75057946646618,62.80867253990794,7.291212339621115,6.904950044989163,Urea
Cotton,Sandy,85.88214178716164,63.39106779881418,42.38065230591949,4.636391446667012,3.488206003377323,NPK
Wheat,Silty,74.33881685077307,85.67581874593996,96.65819691986354,7.550826892893134,3.932088038090544,NPK
Cotton,Clay,79.85551219091103,50.62535793823461,59.309820979430754,4.633374791435834,6.82384354124186,NPK
Cotton,Silty,20.109845946926313,87.68902871303852,94.08982489358505,6.321199390989374,1.634221112037506,Urea
Tomato,Silty,105.82095054970304,39.14727748731272,5.721184536521841,5.10385997252118,3.4791877496418,Potassium
Rice,Clay,80.45085808020882,93.0372129122136,59.40370540315649,7.794297109405228,7.664169940187011,NPK
Cotton,Loamy,117.12083898057696,71.3724131077178,73.13275452390079,5.754643636702674,5.893461389398794,NPK
Potato,Silty,77.94068876864014,29.43182792232059,75.78261626041072,6.31637417841733,6.284574153641233,NPK
Maize,Loamy,30.91342907170049,58.58806756041939,90.97280376925973,6.215002965193246,6.302537106688335,Urea
Groundnut,Clay,100.75597357089508,55.63790334138428,5.418152855359696,7.590007862738826,1.4239905821476118,Potassium
Sugarcane,Sandy,34.13409069472327,18.100388064381725,5.031365129650261,6.424577439183902,2.422453152823018,Urea
Rice,Sandy,132.13523886967408,61.16807604630834,49.865028775545454,7.655833340041385,4.438842792568483,NPK
Rice,Silty,95.83627346969381,34.904634253111006,7.782901975510212,4.794033107210701,3.5770516273276263,Potassium
Rice,Clay,32.00854369797359,9.97313284691223,97.58059259792559,5.266375871611981,3.876386051929974,Urea
Tomato,Loamy,144.72732804736896,95.12233498212366,26.096191581432237,6.706136998585443,6.470131650379708,NPK
Cotton,Silty,82.57116486694488,65.94158506110733,49.90314928966025,8.28835329901078,1.102754645474147,Organic Compost
Tomato,Clay,20.2057832620317,88.30729852773047,10.808074851161244,4.799031386887121,5.623443484248671,Urea
Cotton,Clay,97.75660661810942,69.22532047625904,54.59459953626956,4.672336864627457,1.0007716226127572,Organic Compost
Potato,Loamy,45.44784698179343,38.91345075331073,41.09583188900381,5.126202699711422,1.4414096790337059,Organic Compost
Tomato,Silty,122.51708326282234,53.70536687123708,9.242702743336256,7.064612515440626,3.858002838863368,Potassium
Tomato,Clay,124.49509029926669,69.19594223298182,36.83680533614135,6.095971666680988,6.88663963863375,NPK
Groundnut,Clay,147.05262981965265,96.22397089413657,42.18642192117128,7.802209517670745,2.0149703589512233,Organic Compost
Maize,Clay,80.26173434343052,29.098598616561166,99.0425416711193,4.787732605925463,4.882349863900281,NPK
Tomato,Loamy,73.6939631618832,88.12282056929118,24.749157832340668,5.285656347258804,5.749536587787209,Potassium
Groundnut,Silty,115.48658476250729,92.7873915029556,56.75406346015947,5.700105621859583,2.606730189205124,NPK
Wheat,Silty,28.54589188786972,68.68947389260087,98.79497717386973,7.006920346755141,4.586311786887081,Urea
Maize,Silty,86.56817193103738,93.4703296031271,80.24182475431284,7.240690761206189,7.379850981967346,NPK
Potato,Silty,86.47466401831913,42.79846581035001,99.36991258379845,4.996813175855095,4.585599677558729,NPK
Tomato,Sandy,22.52623719345421,95.53653672384206,96.98833989271608,8.275218835966959,2.101261432513536,Urea
Sugarcane,Sandy,68.5177719709679,71.76437333076761,51.50625649894466,5.864176540760837,5.394700076812813,NPK
Rice,Silty,129.4598717994083,8.990547904787132,71.15570573770376,7.352675052001132,5.145401260059598,DAP
Wheat,Loamy,129.86150707925242,91.15291902281001,15.492097059409355,6.596830875790795,1.1886833185869186,Potassium
Wheat,Sandy,23.89327308875534,51.0249168581533,46.909138379446176,5.3910324541884265,1.6341608402329664,Urea
Potato,Clay,22.70092358469632,48.73106355389412,81.85676151533626,7.884913292461644,2.0974694859870753,Urea
Groundnut,Sandy,46.77736678027094,58.81432756806526,53.00685549282862,7.77295211276772,1.9540235429330894,Organic Compost
Wheat,Clay,132.4672487575591,19.191531943266654,71.75640811763704,6.08428741566676,2.816260393926532,DAP
Maize,Silty,28.046361910289853,49.57077461390287,75.84637634850631,6.854430342775421,4.178737262648976,Urea
Tomato,Sandy,110.79955236784248,83.95708558818585,29.079568418074917,5.531302783743759,3.602014085292891,NPK
Tomato,Loamy,24.16318674583445,6.470833618063957,88.19144042954372,7.259406514985206,7.2345492398321785,Urea
Sugarcane,Sandy,97.23929952469555,30.927130230815273,48.683130936372,5.736107250481726,5.28476586584436,NPK
Potato,Sandy,59.849421876680275,5.233185712165201,24.967584844046655,7.87631493752894,7.133010449732902,DAP
Rice,Sandy,120.44795481522138,44.49257436923559,87.21450876990215,5.369540417109097,4.689275274423192,NPK
Groundnut,Silty,42.716662835550906,74.1899734969048,44.6927865800941,4.559213691273857,1.6290932948253798,Organic Compost
Rice,Loamy,99.48825611459438,80.88332376588971,76.27968164607337,5.574032167871674,4.243012143465044,NPK
Wheat,Sandy,42.995554840623896,94.79302730706563,57.06314186105133,5.264209945837947,6.754227827896554,NPK
Potato,Loamy,109.91243963570153,62.80793823222472,41.27781646227754,6.533145758899697,2.3587263701697565,Organic Compost
Sugarcane,Silty,132.31492483850482,29.18955233202507,81.93825942866408,5.314813166626305,1.6384999512685483,Organic Compost
Rice,Clay,27.752251877746406,92.7940551679864,60.524643506238235,7.552759482877979,3.306043168367821,Urea
Maize,Sandy,131.3233964033705,78.65499661863574,42.103399730568015,5.465482552016016,3.722284814480977,NPK
Tomato,Loamy,93.10053561800171,59.57070588529873,15.411797681837067,7.327872719650623,3.143803734841331,Potassium
Wheat,Loamy,27.795468721383358,71.08582049329891,90.06730480783725,6.813883692054896,1.9466854993718918,Urea
Sugarcane,Silty,69.85585975035968,92.81005372570577,8.369610607458323,8.444999425887538,2.755879018052002,Potassium
Rice,Sandy,32.52044108791371,72.67743270492755,87.00279809496534,8.499603908036926,5.775976832214772,Urea
Groundnut,Clay,108.04870444131973,39.99557822054973,39.19634486389977,7.97810433326932,3.7014996140521474,NPK
Maize,Loamy,116.24153881851295,72.73767921746419,65.73718253263355,7.539933477195005,5.42784611232989,NPK
Maize,Sandy,24.811512838191852,8.826425459861849,92.6089737643901,6.045825656002295,4.754126459431127,Urea
Rice,Clay,80.85957937725021,41.70947837390522,19.41212847287035,7.513106908525215,4.8433705790036825,Potassium
Tomato,Loamy,124.04750784362841,43.60068802533003,58.860295185686965,8.326702148317963,2.739846905634572,NPK
Rice,Loamy,141.0628258171395,20.849632269979296,77.62112192516824,4.593510301581777,4.650801229377271,DAP
Wheat,Clay,81.8925013438478,7.193120652418167,76.97046410831045,6.651658800790955,1.1651629970424124,DAP
Rice,Clay,143.039091305597,17.671217480585568,54.93503188695288,5.371993217553738,4.0222061962744835,DAP
Maize,Silty,84.99645586384418,67.18904210072023,64.3502486911135,6.731505263475402,5.008359762329405,NPK
Sugarcane,Sandy,65.18666924398711,81.21743755455032,76.96506444262023,6.365788359035564,2.273969349478765,Organic Compost
Rice,Sandy,128.74843799740535,98.87933180906255,84.89762558695412,6.8030743262091375,2.7959095437426598,NPK
Tomato,Silty,79.01757946413247,37.904532795306956,77.37224420320706,6.703848885674897,2.536717138709336,NPK
Potato,Loamy,76.06635147903323,61.941026114804664,38.63046960221805,8.340428156674248,1.4939056868579694,Organic Compost
Sugarcane,Clay,78.64374851737597,94.02877184743659,99.68900810048464,6.708744435738945,3.4350012479806304,NPK
Groundnut,Clay,128.54990026176435,20.8689692271245,46.27775590333392,7.884928352499469,7.852760365163576,DAP
Cotton,Clay,126.4718158363273,73.17633070256055,7.324146762098675,5.7792811472033865,3.4771628452452705,Potassium
Rice,Loamy,66.49279894162956,76.7229796491705,39.44861040061889,6.252402755164196,4.22375635285883,NPK
Tomato,Clay,56.661980381873505,13.452675907587146,17.13938068451511,6.38165390417924,5.571610756694627,DAP
Sugarcane,Clay,78.8699233654781,86.81869159239118,16.537048494195624,5.614912173341519,5.53948425818375,Potassium
Tomato,Silty,90.18815136319526,82.24497947553017,31.74582881015496,6.0191610459118206,7.649264860130369,NPK
Groundnut,Loamy,43.367209487919574,8.173285624856273,10.07067194683978,6.894052317867101,7.0029489827938765,DAP
Maize,Sandy,121.15371186018268,13.653019413604891,70.40865789890849,6.82075105321813,6.557654809736066,DAP
Tomato,Silty,78.10758720253921,9.66705491972597,12.028943999180981,7.045741378293922,7.661390580448174,DAP
Sugarcane,Silty,56.766376778794346,36.80063552093941,24.312507766415838,5.907271661680564,2.6153576983822013,Potassium
Tomato,Sandy,24.954939014958686,53.38245411459299,13.82547287694134,5.763325980612228,5.319379362352548,Urea
Tomato,Silty,43.43832245650497,55.57303415568974,11.00093443578795,6.946471531016652,7.210377367055094,Potassium
Tomato,Loamy,142.89936404583773,30.42834217809705,30.436408226256457,5.0314469937101,5.3689671079467125,NPK
Wheat,Clay,52.71395615473372,91.60170422322605,59.330401927735146,5.51212617412856,7.8419433222480865,NPK
Wheat,Loamy,33.64030051138494,39.984965037831756,96.64512786244997,4.668510947811981,1.7024689973446532,Urea
Maize,Sandy,74.49419083169904,9.327264816708489,88.1778821632126,4.79044341038432,4.075313519552402,DAP
Rice,Sandy,52.99228407043481,33.5215755964317,88.21372291730586,5.473533117042436,7.841540355360453,NPK
Tomato,Silty,14.922295037967181,55.45539514169477,21.726368423577473,4.578117121187676,3.6569761999894803,Urea
Groundnut,Loamy,55.240330419118415,43.78107314588204,30.16618338229291,5.481642368349846,6.17689462569513,NPK
Rice,Loamy,86.1752073515256,31.01503931442962,12.257365095554041,7.119905292248104,1.2128203075505444,Potassium
Groundnut,Sandy,87.23973208279537,17.475708727610154,78.95449229194259,4.744428313875732,5.8638598024121915,DAP
Rice,Loamy,59.918248964764416,82.82062750914183,11.632548641128384,6.246946711178564,7.542387127693049,Potassium
Maize,Sandy,72.62238587536409,99.63379800179823,57.88608872798106,8.152435147678197,3.678943996330019,NPK
Tomato,Loamy,145.1725085528673,36.306502684768795,28.54817937077532,7.6651393157016035,1.1490988654885061,Organic Compost
Tomato,Loamy,62.82878681224363,41.25399919677737,28.12733523273075,5.721750009179429,1.195368630768387,Organic Compost
Cotton,Loamy,46.15175385639762,63.71356484431092,99.11888024852249,8.199221916766588,7.244163139977623,NPK
Groundnut,Sandy,44.085386169346414,73.25194009987642,76.89408166296106,5.818585986990899,6.057612749673833,NPK
Rice,Silty,74.08704577857878,42.24280580634117,84.50923903764976,4.79006198535025,1.746804689586059,Organic Compost
Rice,Loamy,116.33282082037216,90.96830411327245,59.3383551076812,8.476223827072454,1.382131939358376,Organic Compost
Potato,Sandy,38.83834578638625,58.200378976747245,87.74635730240617,7.980090108756687,6.633777545308356,Urea
Potato,Sandy,109.30145779970753,47.78705725856344,66.32160122080353,6.36373113320437,6.669024429637513,NPK
Wheat,Loamy,12.96097526891828,66.43391155019098,94.8865019556528,7.165506096769615,1.8436528785443431,Urea
Cotton,Loamy,68.65061691775244,95.51636558367146,31.727165674335495,7.184912311426681,3.1106428272204574,NPK
Sugarcane,Silty,118.62110912839016,80.48246797006202,61.55535684937503,5.277928922921841,6.460182452017227,NPK
Potato,Sandy,57.422613808420394,8.801247400836813,70.56247805400476,5.30019453261453,4.677884496678044,DAP
Sugarcane,Sandy,88.92319420235593,36.56944152029617,42.32904397764163,6.378322813407303,7.6960940250770955,NPK
Wheat,Clay,38.69709259562751,49.70174507036616,88.57225832838506,8.146292560550792,4.367438517422035,Urea
Wheat,Sandy,113.87935475766412,34.879169359865,98.08130049489466,4.539975099434283,5.738705562958588,NPK
Wheat,Silty,17.319074457626346,71.51781827889337,51.90810168040285,7.630022543797438,4.56848356019109,Urea
Groundnut,Clay,129.35597028257007,83.4955692369452,42.110862206412214,4.730107134858617,7.60075846979532,NPK
Groundnut,Clay,37.747494099033545,74.4777840426008,49.834103212863575,6.412888459532471,3.790613644473262,Urea
Maize,Clay,132.4157244391663,98.98666224868614,86.0099908445335,7.051491332293906,2.6085751862502002,NPK
Maize,Loamy,59.354093782072425,30.892026549837766,66.31950042422592,7.24703706832986,3.286437021966952,NPK
Wheat,Loamy,111.17570042642812,88.12400202732005,9.253375389219032,4.733917054463646,6.969426429156605,Potassium
Cotton,Sandy,54.69154169006639,77.82915319157618,56.506141492342906,6.174414469535873,4.485569944584934,NPK
Rice,Clay,136.82763397285066,39.40698196802388,6.643511660392132,6.835349042009298,3.479766124515673,Potassium
Groundnut,Silty,27.72919757257241,74.74183164741203,78.96086024532352,4.764182149224028,4.80982015266638,Urea
Cotton,Loamy,34.99277049816382,14.88721585973346,36.18966598653405,5.04037822638124,1.9326079509378964,Urea
Tomato,Silty,79.02421752223232,79.98668082235247,49.84071080114629,7.154595958016154,1.0375151323791725,Organic Compost
Groundnut,Silty,21.471381465340457,55.57140724577475,80.87442006122504,6.586552786362606,2.9640927858544353,Urea
Groundnut,Loamy,37.43722585824667,32.76756640737905,9.412637642147349,5.147314645073163,5.235040038484796,Urea
Maize,Loamy,142.127293509682,67.29884366949712,20.061445881202992,6.640957347658934,5.981765387629711,Potassium
Rice,Loamy,146.7085525607042,65.95389987786885,42.80623576228591,8.150769493777663,6.786276764463766,NPK
Rice,Loamy,62.67630610625907,24.90119115836197,26.842890536828257,4.562350339101456,7.486644915761287,DAP
Potato,Clay,139.26004294195099,7.887754407094983,37.100635448630996,7.070535093943418,3.8847864287533764,DAP
Sugarcane,Clay,86.27545459428045,46.194145755659015,99.82660009978417,4.794601738421368,6.183617596902183,NPK
Sugarcane,Clay,47.763945222327386,59.10362758772001,83.41437156951201,4.525797771858803,1.5227105113864376,Organic Compost
Sugarcane,Clay,108.33582095128381,88.27750144520685,88.97067242121031,5.102617954642535,1.4027099914045607,Organic Compost
Sugarcane,Sandy,102.24625292048,93.18059558652146,94.02019018874866,6.191626527415677,1.8735859439030962,Organic Compost
Tomato,Clay,148.47754467522267,55.236495724892805,37.388908629848586,7.709375995927812,4.139983684815337,NPK
Tomato,Loamy,47.10662023729966,76.61133095801176,33.22231099066491,5.627141986418234,2.4789700694912495,Organic Compost
Groundnut,Silty,104.08833037264296,46.73381087115971,27.235936794347115,7.002692849555034,3.008474593564711,NPK
Wheat,Clay,17.283325704122564,75.87780487442484,83.86110657427164,6.144626551821227,5.535161214586118,Urea
Maize,Sandy,25.910445417540718,24.456144869220857,69.55742691709257,5.437327167864032,3.5096552516199218,Urea
Maize,Loamy,10.548572493153056,40.251149806335484,27.436338335873344,6.5569884571314345,4.9016009040261554,Urea
Sugarcane,Silty,149.92449534835424,65.25165988729341,40.81441377499321,7.6898579614904925,3.8868262971561456,NPK
Groundnut,Silty,122.31831760064689,6.7250067326724885,53.137617573615834,7.829969480224577,2.182784788638737,DAP
Potato,Clay,120.1412220626957,73.63382448220062,55.1733054410066,7.886078127508947,1.518139931791259,Organic Compost
Cotton,Silty,81.36165054034515,84.37587262047585,89.42913421241289,5.854231250219918,2.653620467169215,NPK
Wheat,Clay,52.00939160676159,42.918457803925385,41.15378262998555,7.673824258863013,1.4039032864373104,Organic Compost
Groundnut,Clay,31.17699982477463,47.55452963183061,91.30978289754867,5.3487138204356315,5.330283719228648,Urea
Wheat,Loamy,49.854463438504915,85.87181016057045,46.92991823038002,7.453700404971533,6.570023210262702,NPK
Wheat,Loamy,62.63597107007948,78.68719035597317,75.90540410527362,8.293537705090467,3.378185377661806,NPK
Wheat,Sandy,115.88341357724117,32.374201458170624,93.37416039858033,4.554975338763828,3.7097773874665076,NPK
Groundnut,Loamy,85.55265044644133,35.7777301233462,91.21969187651031,6.2614557247151925,6.713337439315146,NPK
Sugarcane,Loamy,20.847707717767577,69.49343207710668,10.41052239308971,7.091083953656018,2.558290386614922,Urea
Maize,Clay,12.524061254247714,58.503818782575316,24.541908022774134,7.307103081950212,1.8341218563641195,Urea
Maize,Loamy,24.32650513476884,20.41180925416721,50.30601542556614,5.204351033076809,4.507826821317606,Urea
Sugarcane,Clay,67.46981991763312,34.44334137677081,45.997657545545195,8.388733100954372,5.52333118673266,NPK
Wheat,Clay,140.64700838686255,90.49841130347214,65.88470815953467,6.961061471883892,5.197580975325355,NPK
Cotton,Loamy,99.23634736929102,70.37657148861503,94.74735982841416,5.157362404913071,5.997111316919266,NPK
Rice,Sandy,122.25562598257211,98.66756018012435,15.678447571405139,4.582090046850061,1.397258275211167,Potassium
Groundnut,Sandy,75.29244323063679,77.86619034817309,47.926573187752844,7.633056795159104,3.99741128930861,NPK
Rice,Silty,60.63325164730599,94.48757105364108,23.279048599278234,4.818818957781836,2.6699936676198517,Potassium
Potato,Silty,25.176052180327183,25.537914517695164,89.94022184780502,5.064203684280946,6.313848816822169,Urea
Sugarcane,Loamy,132.6306231060687,78.29106310760794,96.63511765115702,6.799320107422762,7.109113388422447,NPK
Cotton,Sandy,119.6424040639064,6.920664414040756,50.47665977958326,6.914022013798479,2.9693501856449043,DAP
Groundnut,Clay,33.53653366368152,68.72220206259573,14.88097828417337,7.247548474369594,1.6665265534858578,Urea
Sugarcane,Silty,81.71647894267647,49.58181642142293,79.60299333865396,6.074056050654483,2.7739957339397776,NPK
Wheat,Clay,78.23247310897429,37.94220683240652,71.2284282967779,7.595594675867291,1.7280594234124378,Organic Compost
Maize,Silty,97.512817376114,86.92841346784347,38.693728527979495,8.397434398463554,3.2569551627941764,NPK
Rice,Loamy,142.46616515877656,86.15543080246542,89.30371002705152,5.584379772319532,4.76739004825278,NPK
Tomato,Sandy,91.16800184674715,7.118661965371141,97.70402952935719,7.312114466151783,7.815766680787445,DAP
Tomato,Silty,85.6304173490066,62.90298663269594,57.996115667368564,8.213874609580628,3.79559178045951,NPK
Cotton,Sandy,17.04521061085295,39.94406131049086,58.744151577707775,7.245147050468171,2.540279466982348,Urea
Wheat,Clay,18.80704664252335,44.48779514254267,33.263782985808895,7.224437994577038,2.167612182595845,Urea
Potato,Loamy,36.22855078575044,84.04387022578372,60.52807341841485,5.395090276340826,2.2112783629707318,Urea
Rice,Sandy,14.545908036844759,34.43477829512943,46.76602044986042,6.640520801278772,2.3481837828302146,Urea
Wheat,Loamy,114.06940537980174,94.58963701057391,33.708147558164924,6.750091374418321,6.335869157762129,NPK
Rice,Sandy,111.26624255915485,22.065213505353373,11.382593669770625,7.300518249823812,1.4271939800269395,DAP
Cotton,Clay,29.047872820430012,67.9586302199769,29.007246672366865,8.48728579958473,7.981818948601239,Urea
Cotton,Clay,127.05104611133933,68.84998136630765,23.79619171937812,4.634575290175048,4.658804738163828,Potassium
Potato,Loamy,31.670044878455677,28.95854033565223,56.493988532625146,4.760930645069948,4.80990326010578,Urea
Tomato,Clay,52.16458217963023,35.85130785188419,62.15865206754142,4.811800277723675,3.5029471508972336,NPK
Wheat,Silty,44.8567658825911,84.30585679509434,62.814313809071564,7.471916537955828,5.831787515884844,NPK
Groundnut,Sandy,62.12299380022669,77.37149922072048,41.87719509933952,5.04541518044303,4.300194386165584,NPK
Tomato,Clay,45.65292722459466,36.264108629902154,45.01682470012212,6.989807497961381,3.3034289947518483,NPK
Wheat,Silty,78.45312970138329,55.72587195881872,84.2526508158608,5.798675511573833,2.8559688259563,NPK
Tomato,Loamy,67.03710338965595,10.859628144044068,50.24211728413043,6.329279824842844,7.479558448532817,DAP
Groundnut,Silty,148.11972870910571,24.830858827869775,98.83846655302662,5.362652639269656,3.0369266053669417,DAP
Maize,Loamy,17.829689017951594,51.15295309173791,46.76363685084216,7.964426245218169,4.054752816008894,Urea
Maize,Loamy,29.905392694229228,13.167504851525102,66.71018973869471,6.8446012966521055,3.4523898148152776,Urea
Potato,Sandy,17.39562514720435,85.11657371473406,9.7844849043726,8.27825305432901,1.6032517919962517,Urea
Maize,Sandy,97.61776729753261,73.21058996022654,67.06729281978703,6.798384998817318,2.30154076137587,Organic Compost
Maize,Silty,17.631298837920742,94.64519871160701,85.88550746942558,4.995632122387787,2.326513827284674,Urea
Sugarcane,Sandy,127.10156323265727,70.87935606658257,94.53349466066314,5.183481735353902,5.855546600727584,NPK
Rice,Sandy,81.67140829546989,94.33813036490763,99.7454581057782,8.45629590547139,3.8460978697606643,NPK
Sugarcane,Sandy,83.78106744141472,57.678692790641676,31.806971336677147,7.402260789323471,6.473772941494611,NPK
Sugarcane,Silty,88.6232310797072,62.02076805088709,59.6601561584431,4.697115000116359,5.962656470339098,NPK
Potato,Clay,33.9139188828695,97.81225018949479,47.818208625554,7.31512402013866,2.3443483647722636,Urea
Sugarcane,Sandy,37.67664243602826,66.00226895210474,58.56266065464125,6.148692187238447,4.940418440840705,Urea
Maize,Sandy,54.634425202220655,7.9247240417709275,19.95803093303543,5.728833547292762,6.20036192234162,DAP
Groundnut,Silty,93.0894982150592,73.7612637798997,86.33420939661444,5.116243174922137,5.431300464330061,NPK
Potato,Clay,39.41648863163003,91.01952575305448,91.40904961773582,7.8596158182262625,5.2001155566158666,Urea
Potato,Sandy,26.286441798656572,80.58012373046103,47.71785799572764,4.755365515956402,6.177276211805376,Urea
Cotton,Loamy,145.8163640985805,60.46416089941515,31.6408368494898,5.659341849518562,1.3974651747941482,Organic Compost
Potato,Silty,13.077454073347209,68.77383374388404,18.37917562703617,5.725531575302817,6.11995363153003,Urea
Cotton,Sandy,122.37763674704303,99.06821997890881,69.95765835389142,5.143621135854001,2.9085868420739986,NPK
Potato,Sandy,120.32492094050309,13.61289840838714,34.66202476396984,6.532739533147481,5.003105781565479,DAP
Rice,Loamy,51.60997593831344,68.38825872015775,91.40616414177192,4.5468105072435705,2.6961349628755524,NPK
Maize,Loamy,28.98772624102388,31.922780984206412,68.74618511026264,5.703902061641637,6.871723005447864,Urea
Potato,Silty,30.38801053875928,65.80858767568616,66.34010589155287,8.234517776132256,4.363915480105292,Urea
Maize,Silty,107.64042641320695,62.72423970897418,58.14320101033288,5.742118277368023,5.500588484174885,NPK
Maize,Loamy,99.99292275206432,19.578399050275397,9.348752245728933,5.9418375484270065,6.558574304337096,DAP
Tomato,Silty,119.58439439519414,24.64093134532272,93.53263139013076,6.392660192936287,7.267206785499551,DAP
Potato,Loamy,141.24736413587465,64.05480991410528,64.6540618634487,6.746773499405899,6.124434679485387,NPK
Wheat,Sandy,106.86983085732288,17.18184499385854,99.43588842139549,7.7348345792829765,2.0413800333328402,DAP
Tomato,Loamy,31.819215117202084,30.19218313738067,56.048858453424266,5.2612848926240705,6.981726587100505,Urea
Wheat,Loamy,44.0819663471575,84.34832703511023,72.46053473109025,7.986985508770228,5.330045411058543,NPK
Maize,Clay,127.90712232223603,36.07369307015567,10.339907997291107,7.5301974285755575,5.266148308661915,Potassium
Maize,Loamy,39.3028506167892,51.36571484561798,65.01493679822403,7.390601338646221,7.449383918634451,Urea
Tomato,Loamy,20.1531243736274,94.40833183885482,77.64171310108394,4.847218294858541,2.7418208896611818,Urea
Tomato,Clay,108.45920756591507,26.579163439509898,78.95885801099294,4.586562759898339,2.6771133294582334,NPK
Wheat,Silty,66.35368976861989,42.014471649010986,78.16060696187712,6.876050803632336,4.592354882864733,NPK
Cotton,Clay,138.8056073564265,62.613488676636834,26.49684959289843,7.952535850092644,6.2560414657440555,NPK
Wheat,Sandy,101.03570995311262,76.75719830287736,97.66285537249647,6.837765856562544,4.1306849575995646,NPK
Tomato,Clay,22.658656890832503,90.65707173770699,99.54230145936918,5.352939461782123,5.437239729246816,Urea
Groundnut,Sandy,142.6999194155125,91.96993381948394,12.18160814035212,4.862079591796853,4.167673069559032,Potassium
Tomato,Silty,46.198016909634426,78.78080706539917,93.96241016711694,7.29838581127094,5.272710263408781,NPK
Groundnut,Clay,57.20974865688001,26.69142947636449,32.49767345891509,7.387081109271238,6.755836118295978,NPK
Rice,Clay,66.31645791569588,7.356886354043751,70.48198776634166,5.190126802748434,2.2633368726364633,DAP
Tomato,Silty,17.171401496603856,41.45852338378426,37.12053746993255,4.6127612619861456,5.867649738041888,Urea
Rice,Sandy,79.51215911228468,18.447140843843215,96.93666072044654,6.133134052892788,6.511980175367283,DAP
Cotton,Clay,27.264588750540916,72.48682650663832,14.64286653883587,6.830874808532089,4.129779852372478,Urea
Wheat,Sandy,66.13584573636925,67.8074057484431,52.28594761085572,7.324009638268764,3.26263503947498,NPK
Groundnut,Clay,59.0993703188918,9.17730595403821,45.66454023449709,7.739780036611611,1.0948102674708147,DAP
Wheat,Loamy,118.19761167971046,84.47640901744036,35.97222796640857,6.942149709226929,6.579735156338654,NPK
Rice,Clay,122.44387162858236,28.630610297662315,66.32572913361412,4.94352243439394,3.2955706132519165,NPK
Groundnut,Silty,31.477803534472322,46.06157217164901,17.45029562505841,7.23032668856966,3.5011662858563515,Urea
Wheat,Silty,61.31716623309167,68.45370486829553,73.08292972270121,8.436706571579528,3.352043141691686,NPK
Tomato,Sandy,62.26944254445644,45.79478475096406,98.1562517614548,8.122338338389616,4.491175315686367,NPK
Maize,Clay,31.19746215105191,46.922341265994625,81.43307787451987,7.986675637078051,5.9174970125335395,Urea
Rice,Sandy,121.78349070716666,11.234659556895336,86.70159152640682,5.708680613433364,6.403041917003576,DAP
Wheat,Sandy,109.01196596695925,43.13713717970036,39.16549060200524,7.503152705816003,3.747995042822108,NPK
Rice,Loamy,36.653450081584865,77.66054985589842,35.86422761571578,7.904413783860582,5.641714245316184,Urea
Sugarcane,Loamy,61.341067203131864,91.94175203272678,54.119593695562656,7.213304818525053,6.044789751899207,NPK
Rice,Silty,24.81270347991199,44.282228021020316,9.344028402415905,5.502247026271922,3.0784213217416707,Urea
Groundnut,Sandy,97.94892359302615,45.240653553512495,94.8090227733706,8.315335887499833,1.676350286759653,Organic Compost
Sugarcane,Silty,26.992069436806755,71.74957510074695,18.659591436538257,6.3032776458347035,7.262660044511238,Urea
Potato,Clay,148.0307836074885,94.56334010500127,90.78623872096878,5.019222234663518,5.73981180247115,NPK
Groundnut,Sandy,119.29549045630073,30.37078932273922,12.940311090033791,4.939111580229568,5.53677286213404,Potassium
Maize,Sandy,64.63339694175932,46.813699621104,83.14936812946321,7.090075949196184,1.4123176064838459,Organic Compost
Sugarcane,Clay,90.99895051910963,80.6174581374686,19.436439958430437,6.250838585666957,6.725111402527485,Potassium
Potato,Clay,137.5878542702972,62.920889090533656,8.622503338689906,4.8779355007158545,4.962379092602372,Potassium
Tomato,Silty,87.57389925541565,15.505702676575698,73.35149777464383,7.461458288624378,6.935190921222963,DAP
Rice,Silty,34.429788095713725,64.63460987841523,31.62520351657069,7.697300669034479,7.8219282861573305,Urea
Wheat,Clay,63.018469781362306,22.740897036746055,72.8771345145132,7.401662523145806,7.699702246161695,DAP
Cotton,Silty,128.04028110416436,53.47051373744839,57.73309879491788,5.309043510736052,6.992625424731452,NPK
Rice,Clay,100.1898222385465,55.26481042774166,15.33670207185623,7.2591018239842775,1.0766316168195824,Potassium
Potato,Sandy,101.10141380673204,88.23931941137356,93.55235696361055,4.54289121157754,7.200090457658695,NPK
Rice,Sandy,131.35500799638848,48.93695603118162,47.96984660253037,5.7204485587136364,1.5254361967935184,Organic Compost
Maize,Loamy,135.15622804475066,31.54703011240995,74.77249139087536,6.0952861256301745,6.95835779123737,NPK
Tomato,Sandy,138.77096004912107,26.941803080522998,52.596954341484384,7.840987795542006,2.9612184802813655,NPK
Cotton,Clay,23.278887055441857,88.05392828501193,62.41434012131445,6.0615774922776176,5.270478369733573,Urea
Sugarcane,Silty,86.17764027483413,21.246031169731697,33.763491273885776,4.545077784757593,1.2664776180491577,DAP
Sugarcane,Loamy,113.6713329705646,45.457513283898656,24.034228880327777,5.909385647312037,6.398271872827596,Potassium
Sugarcane,Silty,115.96975831778194,22.781445918059966,56.54416932376645,6.495696393437148,1.7819428556308003,DAP
Potato,Clay,94.94026827580055,78.46388381086567,46.82080243224519,8.296019146691094,3.8748172017304032,NPK
Groundnut,Sandy,33.35022692571438,50.0654007975888,42.060755276223645,8.26413721515818,6.72212201627711,Urea
Groundnut,Loamy,121.638877551833,38.35865060289714,68.8938835339892,5.223496152885646,5.867442975558346,NPK
Wheat,Clay,110.8155866920924,39.30446585951435,70.59813004105791,5.240586166957806,1.0422988780064684,Organic Compost
Cotton,Loamy,22.05900801686508,85.96034963868304,9.36240532866999,5.1535258258582015,3.821226341797842,Urea
Sugarcane,Loamy,74.93337545441267,57.60852565797162,37.180726953148856,7.655687729656413,1.2934926187515563,Organic Compost
Groundnut,Sandy,34.3568359330525,73.19744585747004,44.11763227150585,4.5240881614736255,5.714499025729284,Urea
Potato,Clay,57.24678639981606,90.21865904381504,14.204755310595969,5.008708792767509,7.78263944227325,Potassium
Wheat,Silty,12.531352908795961,90.66545922386099,27.410582336337395,6.651838526576396,5.5868288361053144,Urea
Tomato,Loamy,66.04618157750616,36.208360162096994,9.90597073616188,5.490248267547062,2.5706070178228906,Potassium
Wheat,Loamy,86.98276896186947,95.48286999890661,99.64299936861696,4.869425832957049,3.4866312244657807,NPK
Groundnut,Silty,96.74156299579215,7.3632087913875175,74.97293428213523,5.939512049335337,7.836553889609274,DAP
Maize,Clay,102.8886483180194,40.799378296535735,13.307764867761598,5.596830420240979,2.5683668842264504,Potassium
Potato,Loamy,127.0807838343444,90.10089146333995,6.923691080058751,6.5444172260571385,4.930703511381099,Potassium
Maize,Loamy,40.164807018602204,31.09050358261338,73.33234101446662,8.416934375320784,3.803176660772213,NPK
Sugarcane,Loamy,26.867455141385513,30.942737780525245,46.72325573985336,4.997218547259674,6.378207085497551,Urea
Maize,Clay,129.2152040657096,33.74911708277943,79.74568736113471,5.990906819336377,7.07172490385921,NPK
Sugarcane,Clay,31.925794084970985,63.16977156045761,92.73022359274646,8.227940071489899,3.3858609204520773,Urea
Sugarcane,Silty,146.46641138706735,46.64161368336361,61.933536956555386,8.00749217397529,5.622774545895679,NPK
Groundnut,Clay,127.95535211580918,74.03980945356754,22.77530017713904,6.077084139137122,4.843333882624091,Potassium
Maize,Clay,80.12272482454388,90.01651104364325,79.308433424413,7.295813058078946,2.9491114303880335,NPK
Sugarcane,Sandy,147.39899948908354,69.04894061957177,95.80211560156557,4.851428054325382,2.903585619691012,NPK
Cotton,Silty,23.63274207512059,24.424338418769672,60.121972270695814,7.3501642221744605,4.770421532726128,Urea
Tomato,Loamy,52.42920656451423,93.6047807242477,69.78975749166969,8.391430917938965,2.0780201147260984,Organic Compost
Wheat,Clay,99.3514181056856,30.12682296801046,37.06009602848394,6.649952611336767,6.675669275377301,NPK
Wheat,Loamy,59.000961586245026,19.23995805617502,41.245130992729564,6.493960908137657,1.483033874402814,DAP
Groundnut,Loamy,139.97215727731086,13.546891491791285,74.79217729604107,5.249274478807641,1.6620214034582141,DAP
Maize,Sandy,19.18765234489446,58.52145536328573,93.13825434864782,7.035152795629168,3.395584162490873,Urea
Maize,Clay,86.91765648853504,15.807433935661921,64.75389678631346,6.8617491231156595,1.8266423073799336,DAP
Sugarcane,Silty,92.72127743531603,18.18370899069992,80.035551306108,7.107732237903003,4.329900148788448,DAP
Potato,Clay,101.38193732881138,33.50289565657218,21.305326654460437,4.604333146738887,3.7977312330930926,Potassium
Rice,Loamy,45.79327126645402,31.757035920024062,25.136113574507487,6.694893953396294,6.052668571200019,NPK
Sugarcane,Silty,61.03929985278102,62.40275348155352,55.543295249172054,6.8797393739894925,7.671029086468042,NPK
Tomato,Clay,128.11527415309686,82.59080154990474,21.77264826306985,5.330120541651208,6.274910093173881,Potassium
Cotton,Loamy,37.291987655822375,77.32821733927477,65.32453167098774,5.3333314299541446,2.2561406401642303,Urea
Wheat,Loamy,125.76149860427068,29.93602319806529,32.7070526124964,5.604872674043799,7.548648998250822,NPK
Sugarcane,Sandy,88.77175920638393,28.304497308668093,80.19559877335473,7.346886366908951,3.7449340278714702,NPK
Rice,Sandy,116.70625156717149,96.75019536016192,81.77048292836263,6.925064254129486,4.31932552648839,NPK
Rice,Sandy,109.90503127688602,5.782442951236212,49.05980829675854,7.883050584471219,3.951033661594449,DAP
Sugarcane,Loamy,39.051609353883066,88.5734506407205,22.177010328575353,5.682634287372393,2.963829163014033,Urea
Groundnut,Clay,89.6337831007422,23.97420931662847,66.44362130278358,8.148272239553274,7.265310014582387,DAP
Wheat,Sandy,131.48124139271295,94.99201069352794,99.3147667350407,7.474824647933433,3.325672061276313,NPK
Groundnut,Clay,70.4962731522701,37.51919205861437,64.14613530453971,6.080046680054788,5.050175287756825,NPK
Cotton,Sandy,145.32270783126435,46.83341851985897,8.398595617830747,4.881048262501824,2.6802350906203114,Potassium
Rice,Silty,73.31011401424053,72.1764583247162,6.642927697872845,5.5279346499499304,6.581627623391263,Potassium
Rice,Silty,29.989989133503855,60.82855988995973,35.43438719676909,8.327072868859402,6.419390616704305,Urea
Tomato,Sandy,64.52085521087426,35.20423632214816,23.599461651738462,5.7414535035363174,3.0741849691293077,Potassium
Cotton,Loamy,143.2383368946752,57.61393700744323,82.23986467861427,5.819603840596258,5.770878512004176,NPK
Rice,Sandy,54.760918907579594,74.41715401447419,85.25653836842004,5.258355724390868,5.927114731664648,NPK
Cotton,Sandy,131.5337423813888,9.021819860736748,29.568783274495235,7.727402404555061,4.937579912733363,DAP
Wheat,Loamy,133.37509543546457,6.063933999291891,35.936253810239805,5.60257692096911,5.204188675901691,DAP
Maize,Silty,59.02611340647455,48.51635921192467,27.443461932935893,5.821032993475423,5.021182468035571,NPK
Rice,Clay,21.656072127088496,17.524478691333847,91.29634200027009,6.157392433726507,1.5730508279639195,Urea
Tomato,Sandy,111.43810728223455,68.11270768914787,52.75168678911681,6.234913119098438,5.6918574129964945,NPK
Wheat,Loamy,53.611721861958046,25.334983341606247,67.33301918779189,6.145363161660087,4.288425068870839,NPK
Sugarcane,Sandy,119.60930599606013,46.12085514558874,44.470798236462315,6.514974781498914,4.0692009637898945,NPK
Cotton,Loamy,71.97167875646063,23.778739003055552,64.94634838293047,7.758051518465614,7.019994531472605,DAP
Sugarcane,Clay,77.93734392796702,57.10594064616683,41.65626078856493,7.777140162968088,1.162586994227824,Organic Compost
Groundnut,Clay,118.90731694479516,16.025078641534044,37.26945158427642,7.693252535053388,2.759204425711286,DAP
Wheat,Silty,63.5308663486279,7.195151014810625,65.27560695148063,4.90449935646595,1.8498244988992245,DAP
Sugarcane,Loamy,72.03782834520803,9.857505620136234,61.150897414653976,7.698715213099256,1.2473873122680803,DAP
Potato,Loamy,62.6666656277471,95.65455194395444,32.885155645955216,4.981007093946307,2.929738983731633,NPK
Potato,Silty,61.42767213881919,18.5171907680389,19.188102780349972,4.9988950802090315,7.919333909562743,DAP
Rice,Silty,83.63252076620432,72.30543404799934,40.014785914623076,8.291451086539844,2.8916042124530166,NPK
Cotton,Loamy,123.2319222301611,11.452989401168495,44.443775718481376,7.777591378822166,5.6459407385704,DAP
Maize,Silty,60.64756366915922,15.275233462342307,64.72501167533747,6.709641867472035,1.8280922302850504,DAP
Wheat,Clay,83.39566087528314,53.34324388388679,91.88023254550205,7.999880817911448,5.21293341033061,NPK
Rice,Sandy,103.90182556196412,49.16273836466265,8.437555765627888,8.457458570207452,7.891370381968193,Potassium
Tomato,Clay,47.7215224825117,95.4001293967876,28.147796191475265,6.94256826652711,3.0428626642232572,NPK
Groundnut,Silty,48.85319268633496,94.75936803697005,23.403014516558233,6.951593747926072,6.936529314629079,Potassium
Cotton,Loamy,140.67783778328368,79.06282104153418,52.717968825909445,7.517708116639712,7.9829996625657484,NPK
Wheat,Loamy,111.29484026635241,62.19967386209822,45.82157666910018,5.428555809461331,5.119878621045208,NPK
Potato,Clay,90.80613467126324,48.22123015233605,74.2585742629179,5.168499446075197,3.1658077029962475,NPK
Wheat,Loamy,100.68080761888568,38.836960761200004,28.029511691762064,7.53832300006029,5.714718819294093,NPK
Maize,Silty,14.101922034478571,94.97331696267777,61.47734474622706,5.879619179976409,6.913937443880331,Urea
Potato,Clay,96.53441517863756,62.276337085345126,88.96644004199614,5.040281425223736,2.199451700733848,Organic Compost
Maize,Loamy,81.33124225138826,60.011890130169476,91.51438529223894,5.759510903670999,4.167610346890173,NPK
Tomato,Sandy,86.404955169121,27.030606568046913,96.08453744887795,5.934547471498302,3.2343139708668867,NPK
Groundnut,Sandy,60.319335756314395,9.43629269908574,78.45980944759891,8.360910638022762,2.983512978736659,DAP
Tomato,Silty,21.406345679811864,94.79291507715672,91.06885109459692,7.291838844351693,7.025748825181209,Urea
Rice,Loamy,37.06749270568731,34.80484959024212,27.28043283860105,6.623425269598936,3.9515780477528697,Urea
Rice,Silty,143.10425984977405,47.04595721582358,23.770189713295316,8.37549255473042,3.3735343926273895,Potassium
Tomato,Clay,67.21793871793076,15.890794640642149,5.616367959150013,8.112558961896722,5.224573789982096,DAP
Groundnut,Sandy,75.33564181632099,84.50781134138273,72.15021395576434,6.5480034264566385,2.535811057461669,NPK
Tomato,Clay,17.37937057948146,7.62502412131341,94.05938284230572,8.122718541507922,2.6092544339765524,Urea
Groundnut,Loamy,15.259272136157282,84.22912239941417,22.75885777895926,6.117218632250626,4.6420211161005325,Urea
Groundnut,Silty,110.40540258654607,18.327076214856845,65.5096396655535,5.421682661426498,3.864909100523289,DAP
Sugarcane,Silty,85.33325297695558,89.22359069995944,75.91367712606886,5.4307127072883405,3.0648766874562714,NPK
Potato,Silty,81.21883779027733,74.32840054693496,93.12335233906536,7.149262097768506,1.3776579259187154,Organic Compost
Cotton,Clay,44.037434259173615,20.643674938193982,66.45172128163605,6.504281282829108,4.645419670469651,DAP
Groundnut,Sandy,114.26510242818911,58.75270932164947,97.17790461113147,7.135803388021786,6.716264439207525,NPK
Maize,Clay,33.55312107518886,34.70234986374585,37.74394839619204,7.2443038570486795,6.959640437002405,Urea
Groundnut,Clay,36.5908641125428,21.932144396600428,38.243210708283726,4.5892914915908705,2.6480798580825615,Urea
Groundnut,Loamy,74.49970398875857,86.6223089440553,56.58618845136283,4.716158369391609,5.197488427632418,NPK
Groundnut,Loamy,50.079180695671724,43.33466281818679,41.432678706011174,6.630710906365,6.991169166240582,NPK
Sugarcane,Loamy,44.64481737264049,42.86165286471134,5.135444187315599,5.264141911040308,3.8610814979338532,Potassium
Potato,Sandy,100.33327023746644,21.1392341066289,74.5183423832638,7.030135075217759,7.5249577211527,DAP
Sugarcane,Sandy,101.13604433059623,41.391239228148976,76.41311894045592,6.708742956682592,7.3208497039068705,NPK
Rice,Loamy,125.43238977199009,87.80360040124077,75.96258744524319,6.843041433483565,2.4569372819316655,Organic Compost
Sugarcane,Loamy,68.47919937621663,39.497227496515414,37.77696332799432,5.709821519324043,2.8127538303014266,NPK
Maize,Sandy,20.231912743661034,95.40233843747987,54.61749996456133,7.059374025111587,2.2630939905217824,Urea
Maize,Silty,48.31329388900407,94.8993454247968,39.1974842267836,7.817970545940092,2.372380460182916,Organic Compost
Sugarcane,Sandy,147.20076484755438,18.765372634197874,6.523458002911348,8.49228501436895,7.355034610214486,DAP
Potato,Sandy,93.47620053257829,21.844569084651262,58.432649420784784,7.853777544688857,7.517965364348361,DAP
Tomato,Sandy,109.36319187214283,86.95403668152947,16.757263277981046,6.72999503871979,1.3632806882959168,Potassium
Cotton,Loamy,11.030096147558035,42.31228729784832,12.603925788686858,5.273718366719827,5.155223489705434,Urea
Potato,Silty,82.54880250555291,5.4155283168858865,76.77241152619479,7.225783504479283,4.949620940003001,DAP
Sugarcane,Sandy,15.254012054452437,31.017822872010246,5.903089229720035,8.250615142231913,3.733833527071219,Urea
Groundnut,Loamy,89.69222969280271,61.774754353578196,96.10580214282899,5.34746615892921,5.421883149761749,NPK
Wheat,Clay,138.90791894905055,80.93026676619697,53.9492595906948,5.523982482106309,7.631574778575951,NPK
Cotton,Clay,145.5786782700571,17.671918623859657,98.3865609170841,5.096034173646604,2.1917841790550234,DAP
Cotton,Sandy,85.67737455444939,15.501429619589858,10.509769384907301,7.446886574505607,1.8428763680151894,DAP
Maize,Clay,74.14867273531023,92.5988020893715,60.435307142261756,6.126246013694637,1.2337339958028297,Organic Compost
Cotton,Silty,142.30239319478915,76.35909494314535,38.18606841771156,4.750782555545536,3.5468331548810044,NPK
Sugarcane,Clay,104.30537647953732,61.02906207391745,85.13083681735715,7.99979996596112,3.363399339545062,NPK
Groundnut,Clay,19.085899135377325,78.07274504961316,39.3161598472572,6.730687618810267,4.015737817110507,Urea
Groundnut,Silty,75.20158087344966,45.74116432413065,29.746320010448166,5.824377168001423,4.523170216166642,NPK
Rice,Sandy,43.634302585002544,77.05329599436702,86.46754707449176,5.875931904244387,6.304767958213183,NPK
Groundnut,Sandy,75.77260500281542,40.3212841710809,40.592043707059794,5.6610048807636275,3.7447937332026284,NPK
Potato,Silty,73.76518008089064,28.188984386797223,6.59916538675334,6.321920689570567,3.314291765528635,Potassium
Groundnut,Silty,91.50027239406388,74.25627502283203,42.077464579736706,5.8481667539525795,6.788151741817388,NPK
Maize,Silty,59.947868648895174,44.86886775494049,67.17961555603948,6.691785216282438,6.9485766945755945,NPK
Groundnut,Clay,32.99786292382993,98.23082491098852,29.164156186606274,7.594069009085176,2.629361750053472,Urea
Rice,Silty,80.52072084259387,38.20109231926959,46.03882128038994,7.197845133777494,3.202702758979158,NPK
Wheat,Loamy,126.22840380840668,92.56410495045127,10.387938136811425,5.6778275710164685,6.775814596370618,Potassium
Sugarcane,Clay,102.96171192946431,93.63144211387255,60.86881519382594,6.614964046159117,1.5558577100843538,Organic Compost
Maize,Sandy,57.37150122953022,27.976029971150883,76.84801776673741,7.860504639649003,3.280927462735165,NPK
Potato,Sandy,140.97322318624,80.83101225086126,44.26469333310548,4.772824938970902,4.1384507492860285,NPK
Wheat,Sandy,137.70905997488552,46.14207798873369,44.92210011613871,4.813189067947619,2.3095013064039973,Organic Compost
Maize,Clay,39.30877591377383,92.16484908688307,13.386837365567061,6.724680272199014,2.2593993762748874,Urea
Tomato,Loamy,15.518461916850816,47.76180590034769,24.184382128638344,7.056460513559212,3.974034406094701,Urea
Cotton,Silty,113.78321916910672,75.70885314704978,19.694153797151703,5.345652063103616,6.28165207314399,Potassium
Tomato,Silty,125.86543658888147,49.361903870560795,50.760338022846106,7.480880506766072,6.881630856833392,NPK
Groundnut,Sandy,145.50103923318974,26.641071792721338,55.27927639032126,7.085053508162909,7.854645647753213,NPK
Wheat,Sandy,134.5770951723635,23.938262249745197,95.14931247200471,8.193157072945146,1.5178883506420333,DAP
Groundnut,Clay,94.07486754889807,45.41596345435283,11.95699290633722,5.175816807434147,2.5167754080219487,Potassium
Cotton,Loamy,84.20732748973332,76.77199241635041,61.987457449729476,7.505497061432043,6.296408896689384,NPK
Maize,Silty,13.897747176762081,62.48179109217285,55.01736009618293,4.834572362333068,4.784190942389633,Urea
Cotton,Clay,44.5319025582689,70.41978254055161,54.04214430390377,6.76116963807159,3.2937584177369272,NPK
Rice,Silty,74.3460652426097,31.821003319534533,87.95013230136851,6.707580557996583,2.439127628730705,Organic Compost
Cotton,Sandy,97.9905460116995,50.73635786597252,24.526154716071215,6.053540178586962,2.963342861497136,Potassium
Rice,Silty,88.01525666457749,9.217550172086064,8.873461062430287,7.878284590674269,4.005022652106664,DAP
Cotton,Loamy,113.96903855543667,82.66557951602147,68.8657932252483,4.517482579144049,2.240058536542229,Organic Compost
Sugarcane,Loamy,49.16737032418572,99.0397554127881,37.78995909291811,6.580717607594083,7.749581691137254,NPK
Rice,Sandy,89.09336507134626,43.65351094934373,6.671042040189836,5.368614199340749,1.7531191121991205,Potassium
Wheat,Loamy,22.339914074710897,6.041547047496618,28.88053069258931,7.473994476465732,7.899042041424534,Urea
Groundnut,Loamy,67.91317330164898,21.13030075734,34.38604355059713,4.672269705224389,6.893253002004708,DAP
Potato,Clay,115.02251661364414,66.99005338628979,63.59964579450299,7.8262187527263105,3.9620613225961736,NPK
Groundnut,Silty,107.07611948006615,63.147535229366625,21.39565043468085,7.852368906827806,6.178714340717471,Potassium
Tomato,Sandy,148.68998320410506,79.84714836062668,44.240163055572815,7.831464049614011,5.700606705874702,NPK
Groundnut,Sandy,48.904757638285844,29.118981041301474,50.83516721969409,5.11027410693068,2.4930084256425165,Organic Compost
Maize,Sandy,79.74650188435707,77.54503197697774,48.62755217958864,7.02162607424418,3.373490602832625,NPK
Sugarcane,Sandy,56.13425792835954,70.35848204474863,97.52437283334427,4.557469436733559,4.591857939638205,NPK
Cotton,Sandy,71.68443596828446,35.66737728281511,9.32290259007813,7.891850365156799,5.464909259214088,Potassium
Tomato,Loamy,129.97301818171434,56.82137406541139,95.34197771297794,7.391900774034482,4.800264869496351,NPK
Maize,Clay,105.78927052638812,18.99101180734104,60.284035329433166,6.624614923597011,4.310912227045317,DAP
Maize,Sandy,133.54176678866145,47.99362782638035,80.59413292213463,7.422365732386469,4.102065914184301,NPK
Rice,Clay,38.4915551664641,88.71374725778588,45.887298711527166,4.877296386607089,4.487851495065126,Urea
Groundnut,Clay,132.27055649780132,45.01318108341213,48.11459871941314,6.614623328707426,4.040460638921792,NPK
Wheat,Loamy,18.36671838497382,84.7588371151651,88.53601740650325,5.665105967265782,4.789310542820012,Urea
Potato,Sandy,134.40389926120133,61.07406969967097,90.1137771477307,8.390477852891891,7.215897093326667,NPK
Wheat,Loamy,56.07032912450191,23.228287744723893,27.675443735973275,7.928471802495607,5.429805191382282,DAP
Tomato,Sandy,54.042268677969304,60.20509324630016,23.927978465538725,7.433102783335908,6.0583461249197805,Potassium
Sugarcane,Loamy,81.69240073781295,53.06841626992103,52.142341517645356,8.234990540998927,5.182381936115436,NPK
Wheat,Clay,141.69662628125243,42.87092684365648,90.52631757713071,5.887373218261895,5.501123776898016,NPK
Cotton,Sandy,16.68939105539675,16.36489175402668,35.623733873586744,8.103519595952726,5.048448799137261,Urea
Wheat,Silty,59.31233650990434,44.587323065486835,66.94138845721747,5.800952928426842,1.1880656553707625,Organic Compost
Tomato,Clay,129.920078415667,11.912425742764576,72.2744103353571,7.431186878764612,7.997188675400139,DAP
Potato,Silty,65.44762684096534,14.38305988288137,78.9740931649448,7.445667647105797,1.2352646814902768,DAP
Wheat,Clay,37.881965663589384,44.51207062860802,58.57282350249151,4.573399505816374,3.766036057635576,Urea
Cotton,Loamy,69.47118538639765,34.011240787004056,43.23324193650211,5.944238793112781,1.7358097480925339,Organic Compost
Rice,Sandy,63.977350208833705,92.92671095691122,96.86651893590242,4.5777306896339915,1.6784991530865272,Organic Compost
Sugarcane,Clay,138.1582682053385,40.692051511125705,63.07642156377101,8.488368070440995,6.554688661721386,NPK
Tomato,Loamy,116.67081260403359,76.99652159684952,74.21369510516072,4.988787047316952,3.9814804555065386,NPK
Rice,Sandy,80.71617780416089,55.373515004793056,37.77337034110844,6.671243582592437,6.607970958091354,NPK
Rice,Sandy,148.37187934101996,71.88813852102187,68.64517219529262,7.662224955050549,2.9095052947658204,NPK
Rice,Clay,75.13885437862926,29.71101838646292,29.490777905591962,5.30505440904357,2.7952395426436434,NPK
Maize,Sandy,18.15329631483853,94.48097241964126,28.284207165220437,6.440210672381891,2.758619672701235,Urea
Sugarcane,Clay,46.718405054097886,55.358407206870275,72.8986091718955,6.929715043684603,5.313019384855435,NPK
Potato,Sandy,71.04986723070377,83.97578677209872,54.53249994497883,5.1408190175821815,6.704995728919201,NPK
Groundnut,Silty,31.966367380456816,39.67934088023078,69.91127799012702,7.614221839646154,4.165827070526683,Urea
Sugarcane,Loamy,142.65911768536603,14.52007815979983,30.59665662106871,5.697345828757461,3.6547422344875766,DAP
Maize,Silty,117.35884569448824,69.00260653348063,61.87871740038939,5.344092305355361,7.815056879411546,NPK
Groundnut,Clay,47.56020805988817,5.737166592055326,47.17369672179569,6.7331549857496675,1.8172782520814716,DAP
Sugarcane,Silty,92.71263469250822,50.15283277372329,61.71122725032515,6.141254510571752,4.406428774314247,NPK
Rice,Clay,111.00288199534009,23.316180753313628,32.63357456320084,8.181143778545671,3.8594142722700404,DAP
Tomato,Sandy,141.7790500469517,64.6006729213594,72.96784154666676,8.020250792792616,1.6868861761082328,Organic Compost
Groundnut,Sandy,133.42894888455749,98.04488794809596,81.56328978514922,6.433402653555532,2.8774025346175343,NPK
Cotton,Clay,82.12691165934991,49.118276100461365,29.692065016483745,5.93705509890239,1.1990884880537842,Organic Compost
Cotton,Silty,118.45136677102246,82.66233436993834,33.558953186286,5.802071926525061,7.138680022880699,NPK
Wheat,Sandy,88.7002655358619,53.2394977603565,67.80965562331383,5.570254492326029,5.254946702932807,NPK
Groundnut,Loamy,87.37854460637561,52.10480295488229,71.0805915588367,6.678191414849909,6.705129485091755,NPK
Tomato,Sandy,26.063874167346867,93.3902318519839,71.88947001775776,7.719914418938174,4.650881166820929,Urea
Potato,Loamy,27.65927212226129,89.54675753093474,69.8563579537045,5.743026432814231,5.196568805953261,Urea
Maize,Silty,84.13470610314404,79.65104419285757,42.316733110491185,5.2603763587523265,5.905981344664154,NPK
Rice,Loamy,47.64061629706092,33.14429656509449,42.511099068349445,6.401935224733148,7.3560813922495045,NPK
Wheat,Loamy,12.945166344465608,56.77579949377435,29.207674246216236,4.776137667190666,1.6422632147809204,Urea
Cotton,Loamy,111.19748854602972,26.270237164040076,19.899201490154482,7.305116024518828,3.316638763150088,Potassium
Maize,Loamy,14.548123536623095,47.17208631442128,70.79485104270604,6.573433065207734,5.963183334900004,Urea
Maize,Sandy,93.33875775456764,51.00024124718011,13.85293466736972,6.485499231891417,7.70845394100975,Potassium
Rice,Loamy,85.48713117782401,84.00580381608644,94.09026724474425,5.7017815182000895,7.865651999430038,NPK
Potato,Sandy,145.63405668089263,90.12269470587434,83.53519884878787,8.118693750126948,5.466721063960836,NPK
Potato,Loamy,77.78983950866983,44.3889059276654,86.46304529593932,4.861945167398211,2.355189344284071,Organic Compost
Groundnut,Clay,18.904201092891633,6.681922281957535,91.13353738844307,7.979296035548126,1.8344623798976971,Urea
Cotton,Silty,87.23631549290464,86.86851477998869,43.817472218707806,6.00682080966369,7.6223055099629775,NPK
Potato,Loamy,127.7534638862542,21.556474457629268,85.4365687182881,8.022494063900089,4.037493826237553,DAP
Tomato,Clay,149.5588997994016,64.07878656958738,20.015823527706686,7.415045833329534,2.3637122328387936,Potassium
Potato,Loamy,70.24804431647016,7.372235541242463,7.055970487782389,4.916682906648154,7.537247610443208,DAP
Maize,Loamy,54.84182394954395,42.95311514975361,79.56468249306576,7.8261451460374145,1.731669900950183,Organic Compost
Rice,Loamy,136.93146157327985,98.66622870095823,12.105681559709234,7.22870733479802,6.106997677999526,Potassium
Tomato,Clay,36.77389807065699,14.565892104861295,98.90984339596255,4.629207651661394,5.376841192803339,Urea
Groundnut,Silty,96.16004810460973,45.25084943996602,69.10566081214782,5.03481072843868,1.6141426506662429,Organic Compost
Cotton,Clay,66.80001938533269,34.179245268045456,76.57772247300002,7.042512223342781,3.371241569476095,NPK
Groundnut,Silty,15.75153109377774,90.9833717218851,28.351366346397263,7.150402011521139,2.0495148267800745,Urea
Maize,Loamy,58.620386402797685,87.58731025119874,69.01721242237038,7.48660573135038,5.231490147732129,NPK
Tomato,Sandy,47.13199315037444,27.581382229091737,9.105894039220935,7.380981603099928,4.339791221742002,Potassium
Tomato,Loamy,106.05276155208816,12.71283976979096,84.59344339274209,7.13807981867982,1.0299258726234366,DAP
Tomato,Silty,142.83066967686855,64.57814743580616,21.114288837999382,7.56495560698569,7.8299739639873565,Potassium
Maize,Clay,47.52660623300928,36.95502762895242,71.2490163492082,6.800342823569491,3.4470925492267828,NPK
Maize,Loamy,123.60523148123545,68.848017107576,26.32564761710919,5.543165542097819,2.80743074985935,NPK
Groundnut,Clay,17.750374371377333,8.051376826442375,11.50305109547406,8.149506454922873,2.557100690558719,Urea
Wheat,Clay,85.33694140557384,17.672927341861495,50.74189946219246,4.572856123727911,2.1117112732149748,DAP
Groundnut,Clay,19.87700891938524,70.20536211340112,21.082189975914996,5.966246879485961,7.993959533515569,Urea
Cotton,Loamy,140.76461875828952,25.17521225373729,74.29717889102223,7.415481172388653,3.0657662751712342,NPK
Rice,Clay,117.28917927803462,86.47082919742815,27.56875512143106,6.208624164598698,3.8385944805699714,NPK
Tomato,Clay,102.11298756864292,10.566134332462866,37.53489284240374,4.599337629920058,7.099491413246622,DAP
Wheat,Loamy,125.345493427453,25.470788364629588,58.90672887012493,4.763923612464852,5.493212524800147,NPK
Rice,Clay,100.65277137982284,99.86322360608152,32.071986369844595,7.094549476553155,3.5808608822169075,NPK
Wheat,Loamy,145.65221560440077,46.1422297457453,40.908871039946355,8.359458397621198,7.288299051466971,NPK
Potato,Silty,109.95411270106801,71.78173803674113,82.48406824883673,6.707454543337995,6.248069415495201,NPK
Potato,Silty,139.45220534151454,22.3529896414163,22.02493570829744,6.527031272095076,2.5953035527918975,DAP
Sugarcane,Silty,82.39846488148932,62.937529823626086,12.8091510007837,5.773300852225069,5.506172962199443,Potassium
Potato,Clay,26.389017817460772,73.98007649509475,36.193989587636835,5.526762695464253,7.456789488046811,Urea
Groundnut,Sandy,83.94488099922239,34.8752804073185,45.315792866318425,4.583939927025138,4.4752261491528875,NPK
Potato,Sandy,27.762195928833062,83.74522563770839,56.55263180297393,5.591819470561885,6.13528681982167,Urea
Maize,Clay,92.9490870846967,62.32466995486691,40.38025113662567,6.29644176346101,7.797726207924114,NPK
Tomato,Sandy,77.54902847387281,41.96668591342787,80.04161152116649,5.2917991321958,5.832898986266491,NPK
Groundnut,Loamy,97.16055569658944,57.97602736760006,8.73535132850496,4.849391953925717,1.7170708283625644,Potassium
Rice,Sandy,11.406577347676423,59.79228050641281,46.01791612886301,7.37091146901841,2.7119168565190255,Urea
Sugarcane,Clay,37.27766883175097,20.72585280591727,41.31431189235844,8.078481076272269,5.1656750613985425,Urea
Sugarcane,Clay,78.78626046769833,43.259575137361786,66.5199566266516,8.247088278748343,2.9288907076033426,NPK
Sugarcane,Loamy,143.07049862247888,37.62590586185185,96.79624393025261,6.971994913987958,7.702791937723979,NPK
Rice,Silty,63.70526564972218,43.08575864501697,53.48566362974191,4.711098330397127,3.8374642381552166,NPK
Rice,Clay,69.41208364750885,77.3055059060995,98.75330045946345,7.463450519847093,4.2006128401265554,NPK
Rice,Loamy,110.05745246092711,50.8411487093339,33.71369251675376,4.940381221047545,5.911214654290821,NPK
Rice,Sandy,94.53098602005653,94.33003455773012,7.932472591533797,7.178992470751296,4.669748119393119,Potassium
Sugarcane,Sandy,51.84966101376665,32.89925926905144,20.73800091025921,7.617463342991503,3.675021768221378,Potassium
Sugarcane,Loamy,67.51429537943989,44.49183993706826,42.5368640535839,7.403458843305891,1.5364651260820512,Organic Compost
Wheat,Loamy,40.47797184001254,79.76089699550893,35.05172137291246,8.307535223044523,5.175119126555047,NPK
Groundnut,Clay,145.2430042782292,56.87233636547128,14.22014244342088,7.4525851378695585,7.073060215558243,Potassium
Tomato,Sandy,28.28881341803036,56.96767391032254,46.1027102306181,7.272839111927234,5.800337092320393,Urea
Potato,Loamy,62.057149839298724,10.067315485492434,37.12099830765846,5.54697268873241,3.670465070328665,DAP
Potato,Sandy,13.617456110801566,42.866967958253305,16.64882594345665,8.199074745743607,1.8940824523619058,Urea
Maize,Loamy,41.04912887069649,30.719704580064587,33.13112740813135,5.218175483176667,6.714367308329707,NPK
Sugarcane,Sandy,119.26595937322169,99.93683666895596,89.21142525876209,8.119586445892505,7.592238535618433,NPK
Maize,Silty,38.164532520443124,34.29373171006948,33.694642221487314,5.750650173383642,3.7179109355738533,Urea
Groundnut,Clay,21.208876354055185,89.02717080541703,72.8257652079949,5.020654375510675,6.100495324288431,Urea
Groundnut,Sandy,76.42344517823327,69.24220482884536,63.14447256748679,7.806732109084683,3.87534407923529,NPK
Maize,Silty,11.39569286283259,37.38705887324859,45.58221042879532,4.509981814403316,4.515868571965396,Urea
Sugarcane,Sandy,21.867261619686644,56.63576594554175,27.707435496348573,7.828353270723323,6.855334664314868,Urea
Maize,Sandy,123.06762173881651,84.85090859517341,40.05639643786482,5.549247368183904,1.583970395478075,Organic Compost
Potato,Silty,118.0062682803449,88.91998831293662,61.25018527974906,8.038885091022486,4.712347441506935,NPK
Wheat,Sandy,138.11943485668544,20.237418125583794,38.32155540118872,7.2659167289663165,2.502341922698557,DAP
Potato,Sandy,129.63216102750494,37.25944841477612,25.415161189552023,7.16473333140236,3.3786416184703367,NPK
Cotton,Clay,105.64457885357453,36.846202120289306,16.06396114470505,5.9612782526593735,5.51100177249592,Potassium
Sugarcane,Silty,17.326600022092798,8.994255627214745,88.5778591014087,4.737611895563084,1.1905988863579386,Urea
Sugarcane,Silty,119.59880651813205,61.83258718593017,46.82973269643104,7.820292392822309,5.156775692812139,NPK
Tomato,Loamy,128.37151351767847,86.20790503425786,64.39479056557835,5.183615180706112,2.984095676176248,NPK
Rice,Sandy,121.87150040807363,41.24956684342419,51.5889843079965,5.989034567579009,5.686390525656505,NPK
Cotton,Clay,81.18706494312364,75.30341477349681,87.89381924400652,6.901418742036327,1.9910694633913795,Organic Compost
Groundnut,Sandy,42.606257410927434,64.6315392920703,56.958810982580026,6.429014954242486,6.1506812267132505,NPK
Sugarcane,Sandy,128.34619659642175,40.68662987183508,50.674234705165766,5.294642540685272,5.519478038340847,NPK
Maize,Loamy,111.80279336361939,18.400680951768223,92.83709409006269,5.062465427529135,7.798692830162458,DAP
Cotton,Sandy,147.3065644144392,72.38576601371689,73.37051162430868,4.992985089001163,7.378647542807036,NPK
Tomato,Clay,31.796963685830608,86.18369104941785,15.597241197951446,7.952031525996803,2.9831200423979163,Urea
Groundnut,Clay,41.593041627287704,70.15617677814173,21.881923813697334,4.6262381962453345,1.1912160090780588,Potassium
Rice,Loamy,39.65174098341038,6.698455983307716,79.77667197924698,8.408057038399576,5.587579927782304,Urea
Rice,Sandy,120.95556746698713,25.54212496714417,84.40587551209566,5.294114761541657,5.220211723032707,NPK
Tomato,Clay,36.16702150301654,11.600598563935531,56.79312876357817,4.941289187516313,1.1920013813651225,Urea
Tomato,Sandy,19.33237617526285,59.18667945974154,57.67324664733073,6.8078866191071805,1.8587427044181486,Urea
Maize,Sandy,149.79851292198802,76.86537948983917,65.03363147088723,4.819943831762787,5.092911931751899,NPK
Sugarcane,Sandy,13.47440960232088,15.505022771522647,46.71599855685075,6.90981305265438,7.3827908483044435,Urea
Rice,Loamy,126.93416842224119,84.6420929563716,69.61891673097088,7.902506579254453,7.345501935593848,NPK
Groundnut,Sandy,61.151357817091395,57.773352947570906,15.30571946880949,4.691592085869699,2.060395382284524,Potassium
Cotton,Clay,127.82616436609413,70.54705615346387,96.32152802490171,7.6994744181141765,3.6920176248367467,NPK
Groundnut,Sandy,87.6468687695603,97.28317561782139,76.26470826051757,6.077909763928474,1.3024200504652181,Organic Compost
Wheat,Clay,136.22837212809043,12.949693883531246,64.96154938085566,5.13796253532484,4.2849029245405035,DAP
Wheat,Sandy,139.66701809804772,90.61628218288998,35.050595415900666,5.204385921069836,6.27158421771244,NPK
Tomato,Clay,11.27374537930864,16.979756118803884,20.29077130838927,8.175058174776904,6.52980897955928,Urea
Maize,Clay,20.55770463899036,42.33108663048481,43.88758156374974,4.942423007762658,4.492926266176011,Urea
Wheat,Sandy,45.05022213991977,85.88667615145586,67.84979035453556,7.967131148462628,1.6710877229575287,Organic Compost
Rice,Sandy,103.70415829089023,91.09415249009749,65.20242562519553,6.676978483934459,3.6695478262709647,NPK
Groundnut,Clay,134.35810751161085,53.105308986788806,41.350909731229294,4.656224715265756,7.524713719820551,NPK
Groundnut,Silty,74.39187318115479,61.43994063616539,63.262207414147326,6.357904582869353,2.607287895638003,NPK
Tomato,Loamy,94.97623627839715,72.27399678686294,82.30608807891701,7.769798057905202,3.2382811493890857,NPK
Sugarcane,Silty,36.38997939137856,84.11207350300785,7.497053372072671,7.404811150556402,6.227790228241496,Urea
Sugarcane,Silty,122.69535674343595,16.543561106078286,47.80899955337619,6.455129670738872,6.135065522201567,DAP
Cotton,Sandy,145.42593558948576,81.95658428177663,77.06274670434514,7.940199518784868,7.385416016174527,NPK
Tomato,Loamy,47.60385060804364,50.72123429860359,56.883724694020835,4.981459047120919,3.716830835042628,NPK
Potato,Silty,79.27563322407649,47.80922538527606,66.89022835326165,8.139764213569475,4.602191067120039,NPK
Cotton,Sandy,22.05625547089233,45.270476439714834,54.08425729750749,7.885764833933395,4.271747228543344,Urea
Potato,Silty,88.27913190481557,53.37510059837405,99.22808174481955,7.333107302628944,7.494265197157172,NPK
Sugarcane,Silty,80.38968185853528,94.77980257248734,10.189045966458632,7.7715509685149975,6.385314121772444,Potassium
Tomato,Sandy,30.221107781710863,57.079358415254404,51.64925806837584,6.675262027370664,6.820092458836938,Urea
Potato,Sandy,71.8892698365305,95.55186613499822,13.68457216587918,7.200649716390668,1.9316878818058763,Potassium
Tomato,Sandy,56.774651292118854,22.127562408485854,20.17962840078919,6.742392282831116,6.542926850077119,DAP
Tomato,Loamy,83.0563225427265,73.79291798910015,41.38864328973487,5.921714122031798,4.030851362402479,NPK
Sugarcane,Silty,91.99160696003189,82.16275616783098,19.776308692546294,6.77544318944471,1.1633707798145299,Potassium
Cotton,Sandy,11.18938100500933,69.51723897681188,96.55028076588185,5.529861330127703,1.4206184692029922,Urea
Cotton,Clay,116.54083761293775,62.657616621521335,94.94502878889011,6.2611166833631415,5.745355578143911,NPK
Tomato,Silty,109.82200086064371,58.657214203187316,36.93041639095736,5.623101629040972,3.6040870880217892,NPK
Wheat,Clay,61.28009406891311,86.78839584497612,65.77603264357955,4.9915511578455565,7.076809012564363,NPK
Maize,Loamy,17.411030979634557,83.0564267306275,55.70656545640968,5.787447425559625,6.139911937131065,Urea
Sugarcane,Sandy,115.69055556990705,16.617428512156955,82.48076314899802,7.907948872739082,1.1517600816687323,DAP
Maize,Clay,143.72452246693854,85.61582741793342,64.60733293260951,6.024323082569223,5.808218182852014,NPK
Maize,Loamy,43.62122344308199,44.33651884684203,5.0239831766034,7.492014595875476,2.346467309126494,Potassium
Cotton,Sandy,55.2934459231853,29.101198849602024,77.50156663292519,5.2007914169526455,3.9580779809273845,NPK
Cotton,Clay,35.7338045274541,87.62801396132296,75.95057152313122,6.1976766366705665,5.373146414860739,Urea
Wheat,Clay,90.77105726827756,46.04235596520545,53.4236570288157,4.959424277340706,7.10902488906985,NPK
Maize,Loamy,31.67779525064369,81.79464556679758,90.77730245714011,5.054484253469958,4.192685218743574,Urea
Maize,Sandy,59.86715208459312,30.023343135805227,91.30238954058815,6.969745519560277,6.659433179337941,NPK
Tomato,Sandy,107.58182195079681,5.373285535110691,54.77160928691774,6.929927269796044,6.48075963960443,DAP
Cotton,Clay,88.41623762130878,52.06862332577972,62.75888196367108,5.353487629419449,3.9017695899588083,NPK
Maize,Clay,64.10475900591094,14.521684381074005,99.66959683284388,6.397692777155195,4.50686114403032,DAP
Groundnut,Clay,68.83494425305587,76.66571577486641,33.387922307084665,7.953224667911792,5.903395070348692,NPK
Wheat,Sandy,88.69552356725212,31.227137926593986,35.83863801959035,5.196806034705931,1.218039042528578,Organic Compost
Potato,Loamy,10.821061904202583,47.146336427330475,22.363520753032155,4.576842132294059,7.235679896594722,Urea
Groundnut,Loamy,20.99138158350538,13.268188683697653,90.10735921999746,7.107980562654289,6.388713116063854,Urea
Groundnut,Sandy,133.37612948682164,32.232628602489,75.72639704518029,4.71399283235474,2.7459111698163126,NPK
Potato,Silty,20.903058472780707,79.24157310956434,15.03607064267298,8.419760954289783,7.868259672322829,Urea
Sugarcane,Loamy,108.95250346947073,19.400851630720346,98.26789836380674,6.938481135195524,2.2557324681273316,DAP
Sugarcane,Clay,138.80534297526737,66.48015830706095,74.44136227530602,6.381585411375889,7.398606715930812,NPK
Wheat,Silty,47.895704602242354,92.1554560164276,85.79960041247259,6.219970160097227,3.271314208261778,NPK
Groundnut,Silty,61.868801188332,69.58449217698343,9.574324971454088,6.792282634067726,6.34202697114895,Potassium
Maize,Loamy,89.64899681826029,82.04706048276155,52.971287299505924,4.86249774688086,4.194636152735615,NPK
Cotton,Silty,133.43925574940187,15.352304783872,71.36683723906873,8.220076235277983,6.155271712150015,DAP
Wheat,Silty,141.86678221645883,28.819523470195172,56.57992553432492,7.002568274207511,2.090481335575564,Organic Compost
Tomato,Loamy,113.53885473557753,89.98119096285615,68.33150924143136,5.235913990443635,2.8865452087053796,NPK
Potato,Loamy,22.126766519657163,72.93503329371848,82.6980360410949,6.750324215058651,1.6990047713041794,Urea
Groundnut,Silty,103.6815817748791,65.75761350584456,40.56202098121864,5.033026023332047,7.056007870064622,NPK
Wheat,Clay,67.44252106217269,68.0578399315615,85.62352418377742,4.5702108702332485,3.074050914386495,NPK
Rice,Sandy,75.89813992874862,44.349052658941126,20.47702995270262,7.022067940855992,5.861333605916644,Potassium
Rice,Silty,16.880774648324785,9.232880003677057,30.734175227505602,7.093933367480512,6.741548384190697,Urea
Sugarcane,Silty,36.74869950849015,79.52194649671925,9.117833893095948,6.834786331213662,7.3099276546554215,Urea
Potato,Clay,120.67190505471068,69.47775744045862,39.62054707684886,5.233932817440092,1.7440798071820247,Organic Compost
Cotton,Silty,73.55423662670037,49.916424090708844,41.09140675829143,6.913719433979068,7.251104534588288,NPK
Maize,Silty,52.232713828360836,90.47716345998445,81.50070673468883,4.72604376369808,2.380769444115036,Organic Compost
Cotton,Sandy,63.762670355094144,36.93516817358439,67.04741367751731,6.936953422287689,6.158314081136731,NPK
Cotton,Sandy,129.61593186559523,32.96056570196741,46.48864302478833,6.716068076430475,6.101943135552278,NPK
Cotton,Sandy,114.85986243669396,87.91565088254707,66.95082796925608,7.121019323356398,1.0595219921866796,Organic Compost
Potato,Loamy,48.12415560535159,80.71382720210362,10.01441829899066,8.081902423009575,2.5443673581717796,Potassium
Cotton,Loamy,26.450257629732263,53.923082011592754,22.125795921745727,7.901432420958146,4.443359602654072,Urea
Tomato,Sandy,45.27975103017004,17.419800248495747,64.56004624796672,8.422616766250155,3.940242946642975,DAP
Potato,Sandy,138.9059031476627,25.431789789179984,65.92984782640372,8.4049641317463,7.430014359192267,NPK
Tomato,Loamy,91.42243729896575,67.34165908883662,78.54279257720557,7.5892787734950105,3.518186086517662,NPK
Potato,Clay,84.6872292242696,41.578917594839105,43.28497711009221,8.325678488710912,7.558886003851736,NPK
Sugarcane,Silty,93.49510395694462,84.46495320826726,73.64263917853484,7.9691355435564475,4.216005228747718,NPK
Wheat,Silty,61.243957204512135,95.24572588655938,69.978131593218,7.410329799579891,7.750470276481161,NPK
Rice,Sandy,122.99498284473178,81.53550790111723,96.52237094513566,4.80153701857502,6.161483670174028,NPK
Cotton,Clay,83.26007490203497,40.86681518457793,25.43737151034452,4.696199553079551,6.805342141425092,NPK
Sugarcane,Loamy,26.344706387631376,79.92521077698528,57.40955855650075,7.850398270023081,1.734138218443007,Urea
Wheat,Sandy,28.069117476068815,38.386958979714926,62.16762200049458,6.458623431486793,5.1029900326965745,Urea
Rice,Clay,85.16028051036656,20.87450833773522,99.87154906875097,7.758426737499684,1.9989025188054557,DAP
Groundnut,Clay,141.1198305299175,8.172354462256452,24.11249350583191,5.7516730826208775,3.0833470143568187,DAP
Maize,Clay,53.16929703466782,41.643087712296904,54.70571189689276,6.090599433292051,5.364957843170877,NPK
Tomato,Loamy,131.73576364029054,90.83813385124178,37.887604232795695,7.300746884047728,6.083579932857235,NPK
Groundnut,Loamy,116.9733821210431,27.703725836789268,54.959832015004984,8.161306947728374,1.2742864740787558,Organic Compost
Potato,Silty,44.69374200696696,24.61875066832948,27.052217199795063,4.851045897915544,4.716606117506553,DAP
Rice,Silty,15.087704764273944,97.13297459789884,9.523175950611371,7.945912578538425,4.957197904029204,Urea
Groundnut,Clay,24.258617119933582,7.3753907208062515,59.39371812028044,7.672050899517461,1.5517959797714083,Urea
Maize,Clay,111.98915073864163,79.64930428740666,36.906160006779054,5.762157082919419,4.504816239405345,NPK
Sugarcane,Loamy,37.95376332569054,35.53014579538268,22.2844331661012,5.920866456526238,5.996895960348786,Urea
Rice,Silty,61.97792887075513,8.561355902617636,35.7738787774132,4.6858459088876385,1.3725909941287169,DAP
Groundnut,Clay,80.23788324089948,92.19124131991045,9.681619137535767,4.562962444466872,6.321874434267734,Potassium
Tomato,Silty,111.5655435830228,18.26602136991044,95.29201223855982,6.408024505430916,5.034985534328958,DAP
Tomato,Silty,25.852371256277554,57.419031953941065,60.20905192245974,4.882158581989242,6.832590457902536,Urea
Wheat,Clay,66.8912967388446,31.03514970580704,82.40302472796736,5.2760072576608525,2.5264380099784898,NPK
Groundnut,Loamy,77.91020727997736,11.19331620754565,45.196228767034384,7.887068798106654,6.832915789491829,DAP
Cotton,Clay,85.71578895601556,9.742636138021012,90.81489341878765,6.78411356500181,1.6619268268722758,DAP
Groundnut,Clay,124.57048979533033,15.977886389452184,50.91523104746407,7.034529749064454,3.8268078751126997,DAP
Sugarcane,Silty,34.03494730605037,11.779866319491106,59.52480560906359,5.24991732332768,2.3963935406725394,Urea
Rice,Clay,123.09640325572713,77.25302097439268,51.7204281059524,7.814647217817678,7.132145826036119,NPK
Rice,Loamy,107.0029798775313,51.128789216925774,74.6614381074269,7.97191908975899,5.934438714112416,NPK
Sugarcane,Clay,87.8219139878543,37.57474867815307,58.83232737219593,6.593310374852173,1.1775324401250973,Organic Compost
Groundnut,Loamy,107.93390185636007,44.74504646254068,30.801897740137782,8.150231087514639,1.0666634892976927,Organic Compost
Sugarcane,Loamy,67.6824834532319,93.24993987939921,18.8262554756514,7.879314499818326,3.038744781371688,Potassium
Maize,Silty,29.375662035537438,91.52142221012399,62.581816943882885,7.425296706697752,2.002981799963958,Urea
Potato,Sandy,103.20713363715143,72.98926561164481,51.47209634696844,7.436303662774515,5.412131342921371,NPK
Sugarcane,Sandy,83.45412293598712,89.04482585506034,14.11769118613073,4.921573895803453,5.646578537177918,Potassium
Tomato,Silty,99.51247207598857,35.366562620824354,42.5836592503605,5.583344150782663,7.593656325629572,NPK
Sugarcane,Clay,57.3198293439886,41.20538597078687,53.90376009004309,4.767388879270705,7.664279471820886,NPK
Rice,Silty,136.96132082757703,63.30265727615166,83.55485721343105,4.534724836905235,5.612276937879419,NPK
Tomato,Loamy,92.23178160058077,64.24446499324009,12.229600304169423,5.133238125535641,1.0397257899689611,Potassium
Rice,Sandy,21.956347800722334,50.76148461117239,38.107058083370276,8.02194873058776,3.5129854159873,Urea
Wheat,Silty,72.97255869862002,43.06249560160556,83.15233165748661,5.459496236144206,4.5919905927308635,NPK
Cotton,Clay,115.8898476641088,98.68712960282603,66.60027351829999,8.380615850366887,4.494258295559261,NPK
Rice,Silty,121.17883864251813,83.00674448118382,32.54604057135974,6.8891639982448245,5.223384406515587,NPK
Tomato,Sandy,79.24358738692622,46.323118799364295,85.30683659215103,5.4490339505387615,7.723860379633323,NPK
Wheat,Silty,135.26465991638216,74.09278533775901,51.86289015345577,6.488523213936851,7.196348843686077,NPK
Rice,Silty,47.47358120720166,30.60836085898365,52.34342967449375,5.376379290800461,1.762356234153418,Organic Compost
Maize,Sandy,67.48381761335733,14.516085992546339,97.77579722403651,8.435894232729495,2.861862739753753,DAP
Sugarcane,Loamy,135.8035674796558,38.48094742751036,94.97606780745595,7.889059935619855,6.831765921937454,NPK
Cotton,Loamy,135.47594030602104,43.28241601172245,39.06060492013517,4.604955155129316,6.770148361734449,NPK
Rice,Sandy,105.99978763545533,6.571026833263726,18.35501722299282,8.291104125869884,2.927595068851697,DAP
Wheat,Silty,130.25727659711083,82.40524015541013,35.93833956641893,7.384260429211549,6.114116214802837,NPK
Maize,Sandy,22.428257373872572,39.12337322697224,7.895909729581864,4.829525008085113,5.704261651025001,Urea
Groundnut,Loamy,131.0992966690887,60.13972574911397,6.972949237487164,7.182550985305783,4.314667754789731,Potassium
Wheat,Clay,54.88678691703175,12.026502790740818,42.57460294388482,7.087706791862741,2.4101846687532054,DAP
Sugarcane,Silty,34.96641173995029,21.62469873130548,94.39688315623725,5.375154983230334,7.220502266258603,Urea
Wheat,Loamy,43.511777087886486,89.52090390611819,87.77894741705974,7.5337868000303025,5.744958290147843,NPK
Maize,Silty,68.5155911219442,62.825315148866075,53.587069222174186,4.848258813251869,2.182950474148623,Organic Compost
Wheat,Sandy,45.16688064462541,95.27698476619612,58.696506211228915,6.457780724924991,5.933616413886026,NPK
Maize,Clay,54.87946204230987,99.88125326717511,5.563682190875365,4.539692828652352,6.190036037038859,Potassium
Rice,Sandy,28.896988050029893,40.326710956643964,25.47260980420772,8.374949955578986,7.208161995847284,Urea
Potato,Clay,51.46474717825979,33.38629108791109,7.353542058766456,7.506254527107638,2.5598747866935447,Potassium
Maize,Silty,90.11973403588016,86.54382524011419,76.68125560606181,5.135408304638624,7.9212787378938465,NPK
Maize,Silty,71.85951913274894,99.86808556855814,18.836350622517287,5.866696159805132,2.0737539576884485,Potassium
Cotton,Sandy,58.540626573027566,64.81591725208344,87.55947473529761,5.142249511232706,5.204822243017081,NPK
Maize,Clay,114.50329803999595,80.53836863859462,66.11580979919988,7.566469856517259,5.600235536914349,NPK
Maize,Clay,135.0913959950645,79.26585658745107,26.794774268992768,4.735585301710861,3.932670266861024,NPK
Groundnut,Silty,115.95049120633558,38.75727228085696,19.983430122908725,7.861626622254857,4.3252639613927055,Potassium
Potato,Sandy,56.480098296475084,59.55568612442328,64.62434658769004,8.268785355342919,7.236370677054961,NPK
Rice,Clay,114.22190349725751,84.1404094201003,90.57951312682073,7.2065117712252,5.516919607658233,NPK
Sugarcane,Silty,31.27722554636717,70.37081824480028,73.24422079686626,5.351861800005737,4.479006707642804,Urea
Cotton,Loamy,28.24451833278073,7.010562328293634,38.111931902320876,5.940360383254204,1.8984469370346728,Urea
Groundnut,Sandy,58.38778518506225,36.98703854526568,60.80144155052148,6.408959499235725,1.0513633765619423,Organic Compost
Tomato,Loamy,123.07833166616798,18.725191176487506,34.522361060380035,6.918499088809015,1.8747803270628343,DAP
Potato,Sandy,44.48875461392226,27.132360147413713,99.91920884397258,7.17465235924675,7.693291972335538,NPK
Rice,Silty,18.85547724581514,91.02150036167595,76.13972290387586,6.716858861275531,6.3486074809393145,Urea
Rice,Clay,28.439334928889714,8.504862446522974,63.3662557768916,5.9052556832874235,7.769814292571734,Urea
Tomato,Clay,130.2242955941412,25.881067636382756,45.209618562753775,8.063669122259611,1.249960967957203,Organic Compost
Sugarcane,Clay,98.72965986462027,34.409088462631985,63.72446757465794,4.8255682320718325,5.761542827010475,NPK
Maize,Sandy,45.44816287179673,63.60398683680751,37.4535259343968,6.36502421697398,1.310054684823926,Organic Compost
Groundnut,Silty,87.74141554594539,55.739660558157226,7.742159748512922,7.602259353869923,6.474395282081762,Potassium
Wheat,Loamy,83.86114713954906,25.73560087107168,42.53340962388012,4.743490661165604,3.6666512091463597,NPK
Cotton,Silty,101.76103698169257,20.602901386199676,93.39567786008736,7.321340867245205,1.6703575207454637,DAP
Wheat,Loamy,42.64625761902629,27.495813286631286,64.49860400351726,7.7788464910133,4.976326492512607,NPK
Tomato,Sandy,131.01641820721568,52.74031453665728,12.975791791735652,7.143325194108209,2.9608413762097165,Potassium
Rice,Sandy,53.311598691201795,30.761889642564327,89.07439327252746,4.551747569101424,5.617017593102729,NPK
Sugarcane,Loamy,107.17843155667316,95.02223765273361,30.54311068744391,5.220548108528825,5.607223316596532,NPK
Rice,Loamy,12.257450492110085,49.067196035740515,28.158101842859107,5.868452315567803,5.93505231884527,Urea
Cotton,Loamy,62.17199818518061,10.585621571740521,33.22364203413048,5.434760142552184,7.9472555514443135,DAP
Rice,Silty,59.23937451423316,74.28030855448017,59.83421243196596,8.35060856090971,3.7068839696318374,NPK
Rice,Loamy,86.08782000162203,36.240302379854015,56.74536887622778,7.1063756564551745,4.257208321395707,NPK
Cotton,Sandy,20.18307664880751,67.08144854553352,51.684306689173766,5.687883829406282,6.632281907177386,Urea
Groundnut,Sandy,120.61839232165516,31.56146519970704,73.16600203369957,8.218789994661783,5.048590161153197,NPK
Groundnut,Clay,40.489312247459594,59.22065546466539,35.071084476821106,7.4623767979047475,1.2608004748145976,Organic Compost
Cotton,Loamy,104.78529408348143,78.35448795670915,79.29612954938095,5.638428847308168,6.901549641818995,NPK
Sugarcane,Silty,122.44969725417305,93.16083046858263,21.65555944596692,6.0155262776078215,1.3604907735662868,Potassium
Tomato,Silty,88.66277387381184,29.80707872114232,79.34897496231588,5.297715433215827,2.1957409554424903,Organic Compost
Potato,Silty,113.72364894107797,36.81141034490321,68.06195999877687,8.384295993063287,1.7145597688193104,Organic Compost
Rice,Clay,102.66044371010078,49.10530992716427,69.90478940702071,6.569185983560293,1.5454899301678413,Organic Compost
Sugarcane,Sandy,59.77417160128107,93.08160958491894,50.7475727270897,8.084226749991938,1.1797941271329715,Organic Compost
Rice,Silty,123.24019546469914,90.63175139701242,68.36514560468214,5.885999084067391,1.3851939978065717,Organic Compost
Potato,Sandy,51.25819178397391,13.538436609560613,12.580719423148453,7.943366412389903,4.09707432425167,DAP
Tomato,Clay,89.9698084852124,17.53333344661203,85.89735611968989,4.715547393708656,2.7699658898782973,DAP
Groundnut,Loamy,114.35568347981553,52.07337184641064,10.276987181326371,8.428361270097152,1.8857581839317312,Potassium
Sugarcane,Loamy,63.05382737375106,15.128830916515232,19.13044343779226,8.14813746813321,5.610938799085682,DAP
Maize,Loamy,52.3874650664395,37.83018296812626,59.79502230723745,5.95281177910662,2.5827833744398094,NPK
Maize,Silty,74.30844142419518,19.096610930660376,75.2440882683857,7.598888661258309,1.132644087413666,DAP
Potato,Loamy,124.5148892088815,65.42383373752915,12.243898612894078,7.509031705895304,3.928938486371294,Potassium
Maize,Silty,140.18904684039308,95.20206601522037,92.47265734162038,8.105019188411728,3.1730309438481354,NPK
Groundnut,Clay,86.31167780038462,99.68970817796624,97.49272663606637,5.729019924515244,3.230231019425449,NPK
Potato,Clay,102.60526874531126,40.64790758720691,62.565266435732546,6.362080021256598,4.11689019727093,NPK
Groundnut,Silty,136.45830711344797,61.90620052588817,50.718128260799475,7.959998450424212,5.682397490639944,NPK
Tomato,Sandy,23.796559197811934,86.34542708478773,75.43252236657622,7.614317816540864,5.315353840265958,Urea
Rice,Loamy,42.49100090126311,16.158896915656477,36.19394847108451,6.073866874961117,7.560831268522128,DAP
Tomato,Loamy,109.24600087522154,70.50861904993667,51.86012123998511,7.882900931648488,4.62401666411765,NPK
Tomato,Loamy,125.32422466772195,43.840147863881484,92.03434754736813,4.687816156929606,4.307989368075505,NPK
Groundnut,Silty,129.98406396628093,24.58388522661559,95.78726539794569,7.62818521185196,2.4939010465182787,DAP
Potato,Clay,68.11500475969056,43.26159378100699,93.07156602486258,5.327063437734802,6.287669021937098,NPK
Potato,Loamy,22.507586320861357,12.2162272616671,29.932566361564813,5.644483631295149,1.985430433499993,Urea
Maize,Clay,71.28940682194678,71.06367911598404,27.084558820592523,6.472859374382375,4.437930228743388,NPK
Wheat,Loamy,42.30284262898753,29.010553531103042,33.27812806328485,6.298938004279895,3.9492553887121113,NPK
Rice,Loamy,50.76750369952738,34.58353627926341,46.92455567690372,6.582280427479524,5.608106148830823,NPK
Groundnut,Silty,118.1174579572508,16.502723332938963,34.845904215236544,6.679102382688095,7.423350289696612,DAP
Maize,Sandy,20.57379204362416,87.14261581953971,40.55021559521051,5.826110764125987,7.626169140487558,Urea
Sugarcane,Silty,125.8613704472983,51.87720653186017,63.96051045147215,5.20091005206812,2.174594870142109,Organic Compost
Wheat,Loamy,69.87367201538368,59.353953389708025,77.4399393239277,7.573924917149224,2.832720527870247,NPK
Wheat,Loamy,93.44895035408331,59.09610489401119,74.87802883545211,6.099904596348568,6.681447239752947,NPK
Groundnut,Sandy,22.55131237299506,43.99684588142747,82.37023887251944,6.523363449836236,4.627958337144349,Urea
Cotton,Clay,57.23027097001915,23.29034196662325,8.057518305463205,7.078786873404472,4.171241978490123,DAP
Rice,Clay,22.55812866207841,75.787611107348,9.534710019481828,8.138551689226624,5.974378166664941,Urea
Wheat,Loamy,144.61612120335533,17.070345208979063,79.99138126541979,7.33021132456088,5.213474668248803,DAP
Groundnut,Clay,123.01663090567506,14.868010076486996,55.64248812084003,4.681836902361538,7.794998380949343,DAP
Groundnut,Loamy,74.34858560990443,72.46377857166782,59.92336400740143,7.854241453592071,5.087822566017868,NPK
Maize,Sandy,41.304356765313955,24.839516942938463,9.995751720365824,8.457420060510076,4.261816784430772,DAP
Sugarcane,Sandy,140.6837147349793,34.143411378519076,29.254811111270733,6.389940101485529,4.7997215345472295,NPK
Cotton,Loamy,58.243523401776045,50.146609365165325,65.64365896412039,8.378361345818403,6.659778716878813,NPK
Rice,Sandy,32.537820436232465,47.68837508930689,86.62227956051423,6.689314969372598,5.288725397496545,Urea
Potato,Silty,88.84301438355368,72.31501688117493,92.11342273223325,6.338463983487799,5.529336639707024,NPK
Tomato,Silty,142.12837684827426,64.22602037711928,52.539852104332766,5.825619058909821,7.800072160256144,NPK
Sugarcane,Sandy,10.53624067004516,66.21763541677724,56.82005211012877,7.130219503333356,5.328768390978201,Urea
Sugarcane,Loamy,43.33747805555982,72.83516141226845,84.13971495155414,5.419281682100179,3.6619967383417786,NPK
Maize,Loamy,141.38266965745706,32.798209105229205,56.07433707099869,4.919736874057618,5.839282189089576,NPK
Potato,Sandy,33.95203536000268,35.621664621045,54.10155992604515,4.608948410336856,5.6162157788411795,Urea
Wheat,Clay,25.85408322957478,46.609786050077645,90.9829835872906,5.6695204508610555,1.0969334485446733,Urea
Wheat,Silty,89.82621021197262,34.20890643818498,80.04360850030861,6.0830833286681525,4.271305077500832,NPK
Maize,Clay,130.6581352612762,98.56909755223202,91.36189000432299,6.708306785124991,6.200325220176795,NPK
Groundnut,Loamy,76.79537447714966,82.33493301003581,25.73347020420961,5.670999300748026,4.493290204047902,NPK
Wheat,Loamy,149.23899593583346,20.64219538432281,54.815671232258886,8.436238289541645,6.4573479515477255,DAP
Cotton,Clay,105.084037935319,5.531444808777604,85.034852216369,5.66698067296467,4.156185874993301,DAP
Rice,Sandy,20.370487009462686,9.064410483490446,15.55904360937535,6.263901553785635,7.88325118346065,Urea
Sugarcane,Clay,148.99649843547655,28.1860278490779,80.49290465792637,4.913104662127601,3.0502411244272207,NPK
Sugarcane,Clay,67.10519314922666,15.857672154501373,22.3824714244126,5.542506053348303,1.6448582570225148,DAP
Cotton,Silty,50.23635473836755,55.66712091479435,81.77128172360551,4.693328559155964,4.010082608078681,NPK
Potato,Silty,88.10308570090397,86.50954615909907,63.14008906790247,6.738034533749312,4.791963174117433,NPK
Wheat,Clay,52.603062854921006,74.9912709867566,23.357419191062377,7.504258732529727,3.4436561217772304,Potassium
Sugarcane,Clay,22.104050996821325,25.48286099280809,49.968647036616105,5.282839257344271,2.6959681208257127,Urea
Tomato,Loamy,10.19996803108474,42.933429322449655,69.7809908137733,5.971643751264283,5.704410839698423,Urea
Potato,Silty,72.94166940883673,53.249949905471375,65.21602558393653,4.566464906908642,3.6398756989937646,NPK
Rice,Silty,127.16087911172292,81.96955570281688,45.588483642011916,7.858088222888848,5.419579703704458,NPK
Rice,Loamy,90.12412598821072,84.71655229508565,90.43982024748806,7.619854099726679,6.453500140191431,NPK
Sugarcane,Sandy,149.88902185208173,91.42323963123872,54.33002437634521,4.7530161234971695,6.327018394320166,NPK
Maize,Silty,50.15853039060799,53.37829879777314,53.0573933602254,5.959470437281645,3.627165174449839,NPK
Potato,Silty,49.26370906640775,70.95610091140698,10.913806044438155,8.321146455397981,4.975287602651223,Potassium
Sugarcane,Sandy,32.36492443275219,15.62103526722403,92.60143703077553,6.068108224315909,4.147607571099197,Urea
Maize,Silty,32.96890235714692,58.7024511956283,21.826074024445436,6.604834706896064,7.095636768967622,Urea
Sugarcane,Silty,49.926123441406695,28.625721899757835,55.19274587647265,5.92097144404142,7.1513093585999945,NPK
Tomato,Sandy,120.99760633829379,46.013104077528055,81.33892213302946,6.884525552513047,3.4061910802162574,NPK
Potato,Sandy,136.8059506891027,65.23479828913834,25.468061310786116,8.412627502547288,1.642162135151115,Organic Compost
Groundnut,Clay,146.5122037590754,29.413664096109205,55.1004625472299,8.490010013924788,2.1730773832681365,Organic Compost
Rice,Loamy,42.52055157350337,9.957580490692303,27.86506637621738,7.598859912044764,3.569012194916186,DAP
Sugarcane,Loamy,133.38165638597283,5.972216358831964,77.17102479099162,6.117244392081757,4.949749683340935,DAP
Tomato,Sandy,55.95571249882718,7.1051558767295475,58.612410947949314,6.477728803315953,5.597509076751005,DAP
Maize,Sandy,25.79767623236382,5.7932250638081175,86.31770673753863,5.926925312449222,3.3195973240020016,Urea
Maize,Silty,131.8034895728232,15.48373037299817,89.98301027335137,8.442298519617385,5.672493837367901,DAP
Rice,Clay,99.0547888501066,27.75142788416234,66.62968083231281,7.3310412233016145,7.564179885716292,NPK
Cotton,Clay,33.06232545134864,26.01604384731842,73.91216838509972,6.2957257817340455,5.564098890182653,Urea
Sugarcane,Sandy,70.17637605182036,98.74567644709019,57.17590948925205,4.548461080438409,2.1099566061104587,Organic Compost
Potato,Silty,50.21607728278947,34.07057999484961,41.520729641401374,6.581933657562193,5.057682390843393,NPK
Wheat,Silty,113.15123961942759,17.104974419142913,66.57120268697929,8.435712806806471,4.793268617368879,DAP
Maize,Loamy,73.47827228739753,56.82844169593701,91.28741923129624,6.592243635892208,7.094900776288945,NPK
Potato,Loamy,148.4991923148939,86.50595826276329,44.5846361409866,5.229706741956455,3.4521213864908202,NPK
Potato,Silty,17.664297516343318,69.41573579482915,34.868952505510556,4.588374988419099,3.9606192703967595,Urea
Groundnut,Loamy,59.70213725907453,33.12779846786778,41.90150916249454,5.918815032496836,5.190613388405456,NPK
Potato,Sandy,77.46602339539683,58.353535180188224,46.362774870101966,8.172912222786428,4.670977182194179,NPK
Potato,Silty,80.43869766476477,72.91131754903887,11.98829775288304,8.486216432703523,6.033116146836219,Potassium
Groundnut,Loamy,54.231015133989146,74.16992677493552,52.35197484132447,8.281471899248011,1.2827229363874708,Organic Compost
Maize,Clay,112.09363487365952,68.32115325328044,51.95985356475567,7.417679973017027,4.944612134448718,NPK
Potato,Silty,132.46459028845646,87.7269903536837,60.9021636258497,6.732570913762621,1.8517032510271267,Organic Compost
Cotton,Silty,141.4207022769008,87.66001854268991,39.46790289477649,6.862744585529008,3.2064629476380495,NPK
Cotton,Clay,122.71307275193367,59.99897314366531,63.24522161578103,6.6559680363678435,5.6313880307267326,NPK
Tomato,Sandy,129.0812276229239,45.836355065565165,88.43054947604928,7.328197219691953,2.101899404145244,Organic Compost
Groundnut,Clay,87.07634208679937,65.94917807868448,95.7697440970406,6.175492906781409,3.161892848532402,NPK
Tomato,Silty,125.62435169975404,82.730140130194,60.44316053339971,7.176816019823062,5.921045379847184,NPK
Groundnut,Sandy,52.49054728071331,5.5369499599125485,9.046140627179744,4.986448459828804,5.555636697687837,DAP
Sugarcane,Loamy,65.78702669529002,99.23971585641085,97.07741974037535,5.562781226245935,1.6372776844681662,Organic Compost
Sugarcane,Loamy,54.3678219345962,22.37490837127393,72.05689578514435,7.844012155234518,5.040879454446268,DAP
Potato,Loamy,75.43422696270956,49.67365363769774,36.91654661259695,8.114995722973564,2.030781233430476,Organic Compost
Wheat,Silty,49.981146273409095,87.84282481007234,18.979981591553724,6.656032950241199,2.765899651001449,Potassium
Sugarcane,Clay,144.62560191562255,26.37883790919894,18.62476816244612,4.62654246885173,4.2144789504504505,Potassium
Wheat,Sandy,53.79824792079354,50.295546270536406,20.935718583262258,8.207894283167072,1.7654277630873239,Potassium
Sugarcane,Loamy,23.726235335531577,17.595307117212023,9.329389553312929,7.308257032109146,7.9555287754299675,Urea
Rice,Sandy,83.75440324705788,42.53225091187829,90.7046479220266,6.156111695021443,2.157586927378008,Organic Compost
Sugarcane,Silty,17.99387098232469,21.82786820533524,56.37298211859695,6.893515772797985,6.469188399000231,Urea
Tomato,Loamy,25.47604328320127,39.544636133259914,71.49614420781454,6.219099337765464,6.808871915162575,Urea
Maize,Silty,40.71451448747448,40.479100595308594,83.67030838048922,6.361356906928204,7.96124778927201,NPK
Potato,Clay,75.00903498349983,99.3512250118416,80.19639560165402,8.047239462637606,4.000572524965879,NPK
Tomato,Silty,70.6551305232639,99.50723778385836,88.84753425423995,5.144336987668446,7.118661640975381,NPK
Maize,Silty,121.95686068039076,15.904696472758179,96.88918913987042,4.914676541928947,7.702776073117957,DAP
Cotton,Clay,113.52645154377588,73.96703403619298,46.711708400484255,4.510914978052063,2.21025901426267,Organic Compost
Tomato,Sandy,69.68456115869819,9.915820568564609,95.2818693334971,5.756001502448507,4.356052623416728,DAP
Cotton,Clay,56.71858906058819,7.868241457032919,73.71254509256755,5.089655065937709,1.420075731992614,DAP
Wheat,Clay,54.305629768609805,15.00671995327161,11.713478079267455,5.379941980552445,5.345068084169411,DAP
Wheat,Silty,118.35931222116126,96.72113741575373,69.76939651517282,4.544955930661508,5.069843097995965,NPK
Rice,Sandy,17.29013687097776,94.38203704999626,70.23808266246061,5.408781658750813,2.42888399264238,Urea
Sugarcane,Loamy,11.795030931484815,23.423142926664642,91.05675356029008,5.830846327729496,6.585319312258883,Urea
Tomato,Clay,121.37621486973073,20.358871877602596,40.428552584658746,4.626269985639525,1.2608810593447792,DAP
Cotton,Sandy,76.8004926384669,27.850833219014966,60.56659252582269,6.931616497188591,6.6435912688929,NPK
Maize,Clay,28.323359397500635,53.976964437138506,6.157817346115539,6.775201395535031,1.1865170381470715,Urea
Wheat,Clay,42.97923084323018,59.12194004336394,36.54714800722692,4.8881431140397,5.597801684954452,NPK
Sugarcane,Clay,140.55055343363355,26.051375891747497,10.91315398508419,6.880039110073604,1.551386597404309,Potassium
Wheat,Clay,130.33041658748573,76.87916486854479,54.57793241266521,8.494615674435511,2.758578635186261,NPK
Maize,Silty,109.36990703135615,34.407551093251826,82.65752679816056,8.277875811246162,6.05339344518285,NPK
Sugarcane,Sandy,77.51153224722572,92.60247592529399,24.61205575226155,4.510683973470654,2.9628335973777076,Potassium
Sugarcane,Sandy,82.845307666794,67.3886571133894,55.106899327988955,7.6815132453214385,4.578216941024143,NPK
Cotton,Sandy,146.5342349397542,46.45336345884311,24.38082046852287,5.914421104945944,7.4067378866408005,Potassium
Cotton,Clay,145.20786214380018,80.0416401617703,16.465404445392842,4.75460548133851,1.3474404782560483,Potassium
Tomato,Silty,40.1376664100168,82.70188947443316,53.54469523376253,5.683932854864832,6.677558556149714,NPK
Tomato,Clay,123.55463928274453,32.595752532849644,12.519118990224126,5.786946065251849,1.4569039899794267,Potassium
Groundnut,Clay,37.61397326338235,37.27288166442801,60.79868995810899,6.592976957236227,1.8875639103567365,Urea
Potato,Sandy,39.89524690375319,93.91573960421732,7.977058764288996,7.144335069075419,1.8352337272244759,Urea
Groundnut,Clay,104.65302478304075,20.650398644510833,15.137922327495675,7.496222448833632,7.958715982475083,DAP
Rice,Loamy,66.70015380225678,9.00428961147875,57.249761121298995,5.483612170253067,2.2613042353207335,DAP
Wheat,Clay,140.41621699491282,48.13525564790717,61.183704225396816,5.787082280993988,7.277332923793877,NPK
Tomato,Loamy,22.461362885441236,81.11494052314475,7.753758358907017,5.733526827438941,7.936525140625879,Urea
Cotton,Clay,81.61358971332902,78.30847009952085,59.470794860148054,5.950947472483506,3.686493392886086,NPK
Maize,Silty,138.59301426203697,92.35540974671909,84.65773990574552,8.498625235825354,5.417339804700799,NPK
Cotton,Silty,136.5759124671307,55.654063115058825,73.62003684292563,7.611773211309703,6.453638776345288,NPK
Wheat,Sandy,31.91408987820377,14.506143798820665,17.46258487247587,8.399961861074788,3.748515572853458,Urea
Groundnut,Clay,61.3292780135039,60.925452561921524,61.28509151854342,7.272444238188228,2.132698983484651,Organic Compost
Cotton,Loamy,96.67699600653748,78.9475833635551,68.86398750705027,6.125082806589138,4.036339206547929,NPK
Potato,Loamy,32.31528386799631,13.866171425633508,8.536964166467719,6.058976734507899,6.403213515020612,Urea
Rice,Clay,145.5231040864034,21.40245310427103,86.25802852494415,6.454324579900181,6.465339339238821,DAP
Wheat,Loamy,138.06490602187245,6.167612809788736,91.09540274253386,6.16747913345775,2.613771545196393,DAP
Groundnut,Silty,33.37302506482568,61.396995047446985,85.79296596941457,7.813304984370983,2.224759479235226,Urea
Potato,Loamy,26.96176457653796,89.23976723486092,83.33998945896576,6.360008052106771,7.443924914702448,Urea
Maize,Sandy,21.95718759315714,68.71301502019945,75.77169385378485,5.682457440843384,1.307993213908174,Urea
Groundnut,Silty,137.32211296512835,98.29380832114329,65.17604297178622,7.599441074786608,6.143169330355608,NPK
Sugarcane,Silty,37.10733337136451,10.988196987477348,69.46956547388393,7.917681637525579,1.324949698127278,Urea
Potato,Silty,68.27988999620966,90.78510308939214,81.6075528668234,6.181715824561806,6.865300356026915,NPK
Potato,Clay,72.83919119128042,82.33648730173466,67.93735354432394,7.171234287622128,7.337903693352714,NPK
Rice,Clay,93.86154618989946,34.85294444745297,36.13406088479674,4.735218135553219,3.081933869603693,NPK
Wheat,Silty,20.042948124639494,97.48502242453893,40.716304705328625,6.617859407885867,1.517549504616883,Urea
Maize,Clay,41.74620643607223,32.35408607628443,90.22045949536776,4.679924550982032,4.364791754432,NPK
Rice,Loamy,140.40865416864963,89.48394876368076,6.626598150730381,4.616763361977872,3.0892412572183376,Potassium
Groundnut,Clay,137.17741501759974,88.671114822048,71.3879552182068,6.951699402090956,3.9199529996726534,NPK
Rice,Clay,119.38069063679691,76.97747357728238,95.70386748039547,5.713341529579949,5.654898174420762,NPK
Potato,Silty,12.716174386550161,58.52969501222093,72.0916761460075,7.470148649821862,2.4687822516410187,Urea
Wheat,Sandy,55.78094758945429,16.400261213604367,99.4216388820193,8.084330242530369,3.4986609865986047,DAP
Tomato,Sandy,97.9142229480071,55.53731477716733,70.31676602519143,5.057564694921403,6.477937432048716,NPK
Rice,Sandy,48.526629648286594,38.895644287218786,8.264487775601802,7.398091354315696,5.5063336496697515,Potassium
Sugarcane,Loamy,137.34213730752884,80.26061814975841,83.56593875645774,6.558079993153373,3.2839284380586706,NPK
Rice,Clay,98.74452465654187,77.02227461720027,32.039841634235316,4.948477000650795,5.6501112018195,NPK
Groundnut,Sandy,20.066940424302384,91.5081882003975,47.37543643812189,7.106370425922899,6.357190460243766,Urea
Groundnut,Silty,137.26078243699843,6.408865431012248,34.6487320111728,6.937867212425891,5.147399066669513,DAP
Maize,Sandy,144.08733214467117,81.86480559818938,30.512640089919547,6.56256746960313,2.6764778275070595,NPK
Groundnut,Sandy,20.879738574841568,94.15389504684353,45.98354184862961,8.205884818238632,1.0017170335839514,Urea
Cotton,Clay,84.53043288058409,79.98354266527426,40.98138760186401,6.584318784416066,6.6199437489179696,NPK
Wheat,Clay,52.47099950998386,17.368473687684837,65.16716527504599,8.46206046180085,6.758434887213151,DAP
Wheat,Clay,64.99747070739633,12.721514959884335,82.24936409381351,6.536915255392444,5.8832315097605345,DAP
Tomato,Loamy,35.151170513747864,6.9802977817315774,33.22342205278787,4.963408153205471,1.5360665195732965,Urea
Tomato,Loamy,90.93009428173775,64.73079645366676,25.303509518091655,6.381885004300122,5.096556012556324,NPK
Wheat,Sandy,144.1171094548447,64.81890192668929,68.35505073268251,5.2293150502202845,6.747144698901251,NPK
Sugarcane,Clay,80.43016403802527,98.75680285073017,68.68040625392425,6.888533940869709,3.7276782407571596,NPK
Tomato,Sandy,21.60804139522736,42.814101539889094,90.60746773218632,7.272528700774405,2.386005139541779,Urea
Maize,Silty,96.80018668683718,36.53109706526219,6.514840213064531,6.373741114828375,5.1133910806902945,Potassium
Groundnut,Silty,57.63121922317598,64.32036808251729,86.03886290106844,4.890811870732593,6.7841463911061455,NPK
Wheat,Clay,129.8295265427817,83.43282388822142,54.49520643009391,6.374565594334212,1.342089710949459,Organic Compost
Potato,Clay,70.85494076430584,93.99352520468517,64.02369847134939,4.825816858937602,5.1786585201251505,NPK
Tomato,Silty,36.99754525191439,81.29679578700866,13.680286853334403,7.228503822026136,5.5022165673753936,Urea
Wheat,Clay,36.75478717676029,45.53402815850145,46.098418622844335,7.66147289946035,5.216569275437958,Urea
Cotton,Loamy,117.62698530096245,65.3168523546461,26.59372868765976,8.349521308908155,5.5502357896593395,NPK
Rice,Loamy,47.182263763030384,86.34843603803111,29.151377857838362,5.095208428513826,5.419627153229081,NPK
Groundnut,Clay,117.41267518229122,51.607920389615245,52.8890358942226,6.629681342133217,1.9128271948624433,Organic Compost
Wheat,Silty,38.824223507323914,25.585231152012305,82.18331528829567,6.770149470141675,2.6445574386424076,Urea
Rice,Sandy,55.03609161818331,21.12372677604793,75.65918836376133,8.18990613512392,5.332958037023071,DAP
Tomato,Clay,75.16817614155791,5.014985734915389,61.14499611316561,7.009106562386057,1.1238521279573954,DAP
Rice,Clay,142.0474189570831,73.23260952322201,56.244728311579365,5.082038582581284,5.443211631062711,NPK
Groundnut,Sandy,140.44239946553546,15.554234840369098,45.59407410727655,6.245405295852757,5.657706366495224,DAP
Wheat,Clay,38.96206255912029,28.16471447111434,97.4074474883317,7.119050114025002,2.6742233190316096,Urea
Cotton,Sandy,60.150665774030195,33.298251494665365,58.21829265225217,7.301137728277189,5.1869298082719775,NPK
Sugarcane,Silty,30.915914383528126,58.23608671299299,29.1268078396611,7.952295994362294,4.738630425066352,Urea
Tomato,Loamy,81.3979111038896,42.80594134309808,26.858625243803758,5.222028479377588,2.824840837071797,NPK
Wheat,Silty,74.48155709725332,69.09402924220038,63.07853792363847,8.306168587021993,4.2408180831232825,NPK
Groundnut,Loamy,136.10642274310254,10.285672636226757,54.66861509453823,4.7365576480623695,7.367371705885271,DAP
Tomato,Sandy,140.20075289075015,16.77422345512175,5.7312912806977145,8.435048538275609,3.98621946321918,DAP
Maize,Loamy,63.699434741020895,52.42509283566034,83.85621035859904,7.931068371465634,5.408909238156512,NPK
Rice,Silty,78.84331202265852,37.01165484544883,71.8916236520813,7.141091131048685,1.2474557472848593,Organic Compost
Sugarcane,Loamy,135.47307488045863,33.10226946137917,67.87378251941983,7.439982001057686,1.5446007932546917,Organic Compost
Groundnut,Sandy,122.93909308430861,11.367667508564658,11.534162481277601,4.790768023675186,1.5691565131232292,DAP
Maize,Loamy,10.5118835882509,90.09332160106014,39.395305766386684,4.6659194515778095,6.447685345385118,Urea
Potato,Clay,54.80833898570155,70.72276568187982,93.8613147696147,4.907063186205463,3.451798263624169,NPK
Wheat,Silty,69.04839387105763,16.553724897866694,86.94597792742955,4.849439258656551,2.5932818185606936,DAP
Cotton,Clay,42.16027971565244,11.179365985028358,32.12657909760568,6.68952493387774,6.2312719791620585,DAP
Tomato,Sandy,37.940026225431424,97.61289067596809,19.92059398941818,5.361775948447157,2.189720437893221,Urea
Rice,Loamy,15.289830923395154,69.71139229175296,47.66335593101482,7.940822548826906,2.7254476754919645,Urea
Tomato,Clay,100.07176150976647,44.65832675390544,38.80388597342778,6.282994492272289,4.016520102890146,NPK
Sugarcane,Clay,46.751440667643195,71.66444887179956,69.81150578706915,7.2820419058331,3.320066483102293,NPK
Wheat,Loamy,17.328604980383833,76.85151971561511,96.81130695801036,7.111492371880639,5.09774547725651,Urea
Tomato,Loamy,42.33710347392891,79.09640922693404,39.48513774834334,5.77941215571884,3.3648843335239333,NPK
Rice,Silty,122.26795339705771,50.398344037040474,10.91129640196299,5.472670294102916,3.7506614510122436,Potassium
Wheat,Clay,129.20848543051653,45.83886202186056,90.2733307925266,5.86982514118654,7.0402062577464015,NPK
Tomato,Clay,77.62927432706238,6.047668005545532,8.605224372787728,7.6866334953993505,7.191720077396017,DAP
Cotton,Sandy,68.24989385721607,93.02292593847461,95.51276022956664,6.845107393678473,6.793978335693852,NPK
Groundnut,Silty,146.89951709024945,62.31424844694959,68.13504566085878,5.514154650076701,7.053816528932428,NPK
Wheat,Sandy,38.07905234232979,24.29962403304697,94.46047480198517,7.771385772241721,4.988100685373819,Urea
Groundnut,Clay,40.15029959964519,92.36232484503648,23.967670231652935,4.7190375444412265,5.523632503259687,Potassium
Potato,Sandy,50.861404785095964,91.91853066817815,8.866480549111724,7.2967334999611815,4.900212165884584,Potassium
Wheat,Clay,34.18602455935222,98.9724956147791,51.379947936266724,6.2564032229972435,6.49911658837044,Urea
Cotton,Clay,63.11118374858612,88.03537349820299,47.809224384161894,7.425161544263553,4.857003400330109,NPK
Groundnut,Sandy,137.51679177856553,99.78951684290615,36.491765959213865,8.209845120973707,1.7775387518554637,Organic Compost
Maize,Sandy,96.1486976880004,28.245187871710897,95.97736506692627,7.500136391787615,6.667060843198019,NPK
Rice,Loamy,67.67251680571691,85.01371059392724,83.14545455533606,6.267861421245529,6.324096194742754,NPK
Maize,Loamy,140.81751123997006,83.18768933559763,67.85029203068137,5.103902726055523,6.742104166978377,NPK
Tomato,Loamy,16.784992546615126,26.939334125969705,20.471537705593633,7.725403903221735,2.3330062437283328,Urea
Cotton,Clay,39.43866490626059,14.351567155094124,74.76072378075985,6.342822107685486,2.9013193690047694,Urea
Maize,Sandy,89.22440471424626,98.04494879937197,74.06618319647377,4.801249293828519,3.07026188084471,NPK
Wheat,Silty,96.17736724704508,33.122332394457985,45.38147649352071,7.3762215911074644,4.556563753299715,NPK
Tomato,Clay,15.53805091876584,87.73472009444157,92.8546614228313,5.667407863666359,1.9371395891442185,Urea
Tomato,Silty,66.4254261069985,5.39207969408737,20.86289881175599,4.695552918020741,3.6976722729240716,DAP
Maize,Sandy,100.88155507632219,6.99735668586221,30.397068429108106,8.111004059896311,2.2751071275532073,DAP
Potato,Clay,107.72987649647622,49.257774326154994,11.006312228810195,6.43240436837564,2.853338991229155,Potassium
Maize,Silty,99.3395863522777,27.677894973831037,80.56784102687081,5.623844212692086,5.944713441908991,NPK
Potato,Silty,54.878851410529435,70.5349219264166,64.06714167906274,7.365546231539646,6.983678094220968,NPK
Cotton,Loamy,23.09281730370733,58.72861092895566,34.919329039718704,8.043609510730255,1.1603410661802869,Urea
Rice,Loamy,69.79574249870677,12.361150757796686,20.56229804145996,4.501228300135022,4.9612787434850025,DAP
Maize,Loamy,28.025621231527765,20.449688149993122,8.814038152730335,7.251408740168615,1.25241833443587,Urea
Sugarcane,Clay,142.6673121928934,41.86468065554936,20.840829019463975,7.568046776073686,1.596744715080852,Potassium
Potato,Sandy,76.52392124316796,22.63238607576615,48.062041402077526,5.339709709117972,5.935588242298763,DAP
Maize,Sandy,54.41628440996146,80.26112298817321,28.481812056007584,6.458495325640698,6.149256745514816,NPK
Groundnut,Loamy,117.28256995664601,44.5266723775616,29.603306856036838,4.857143595671744,6.697864712209592,NPK
Wheat,Loamy,79.71280296151694,13.87602735003743,88.17975483343287,7.48699953006139,4.319690582392134,DAP
Sugarcane,Loamy,53.40476336174301,51.01257571585186,53.93807897880456,7.88982407425341,7.0186523741133175,NPK
Sugarcane,Silty,123.67548393471225,13.629627200834346,74.27893744719938,4.932746629298642,2.1678680414913702,DAP
Potato,Loamy,131.40130114015707,17.24904401488263,8.392540157673594,7.765841013731339,2.7480148954450185,DAP
Groundnut,Silty,104.22114328041478,27.762934042679504,39.69051878941273,7.586280681938135,1.9415150332137991,Organic Compost
Groundnut,Sandy,16.575019137073422,86.65513199851154,50.52108800256697,5.887653281483589,6.582760824073136,Urea
Tomato,Clay,89.2852032233145,92.83819057163234,22.709601244967548,7.261158119734333,2.6007258287063326,Potassium
Potato,Clay,116.86128767961942,83.49448428654657,16.418196437326174,4.500192495577247,2.0885786993080693,Potassium
Rice,Clay,29.110421691701504,36.737335654695485,87.67885895748503,8.227190617863995,5.361774813116393,Urea
Wheat,Clay,42.01390519384447,30.882411905339005,94.24600457448068,6.701532941233491,1.5395741845247208,Organic Compost
Cotton,Silty,133.5493147095391,57.16979062507272,12.486636314313703,6.981355456247998,1.3143019405412077,Potassium
Sugarcane,Silty,12.817041059430366,73.57605025064566,38.15677769153209,7.1586376541563945,1.7470235398672123,Urea
Cotton,Loamy,115.38179929563664,99.37041487521661,96.037134673725,6.745476068873467,1.001686187910173,Organic Compost
Maize,Silty,76.3282609520192,17.49921762849799,12.900364647584166,7.927055550157853,5.878931079552547,DAP
Maize,Loamy,72.54810223754495,9.682739907261421,66.145930423479,6.938807328606176,4.935647252001351,DAP
Cotton,Loamy,10.993514549284205,70.96380945455074,97.36103024186554,8.13103996496189,2.469125763264067,Urea
Maize,Clay,124.71575233530899,84.06144943287103,97.93124851523058,6.829326488936036,2.631034635843171,NPK
Rice,Silty,60.375486089119306,85.4031340873102,49.76621643585561,5.184489687922266,6.676780189290278,NPK
Groundnut,Silty,85.707188382076,69.45403716233027,20.461165239326156,8.154250223357211,4.512740811022103,Potassium
Maize,Loamy,104.82209608699232,95.63150139132277,24.19800992285669,7.226509993439107,5.8896984995721775,Potassium
Tomato,Loamy,108.3681407013082,53.54545253673576,89.51213253681749,7.296955977742225,4.1692881589244095,NPK
Maize,Sandy,143.8372082356501,91.81240584194019,91.60988541132491,8.441927002286407,2.664026182145546,NPK
Wheat,Sandy,84.38759345312528,96.94215301419469,62.748566167987704,4.800786216838317,7.792819604780348,NPK
Rice,Loamy,65.96073713641985,85.47995841529523,77.78675794964158,6.214370428380685,4.959532943627782,NPK
Wheat,Sandy,143.5185077088391,34.42706350956896,75.29346888968878,5.45638157194646,1.916873326375387,Organic Compost
Wheat,Sandy,99.89543290357295,23.64048686117805,67.87305180896516,7.021705858854629,3.8426302952873472,DAP
Tomato,Loamy,51.74104987871779,57.07140617327275,83.59131071283421,7.7272467349922875,3.3053618836283047,NPK
Rice,Loamy,27.70499435649996,48.0364012861179,70.1136291888305,8.365242835569651,2.4986122801196493,Urea
Rice,Silty,127.95763020512538,88.38704250830963,55.73021904601244,6.318384427818881,7.534079924681817,NPK
Potato,Loamy,60.70542439118122,14.503008751379603,27.510854445874894,7.644872922570417,7.166439968218268,DAP
Rice,Loamy,102.46576099102036,29.485305824594267,75.6693736912688,8.168206368161519,2.394029815640815,Organic Compost
Rice,Clay,75.91429871122574,76.42089972927731,49.97659744463608,7.233301730143539,3.4650352233886172,NPK
Rice,Silty,37.85016917130537,14.023731272844651,33.00520998071339,5.470930209799085,6.336207741695752,Urea
Tomato,Silty,94.23612520686511,35.47261933206152,81.18489619546865,6.931416604431165,2.4595423369815097,Organic Compost
Maize,Silty,18.495629653095524,41.7797624351284,71.18779203353769,8.379808191268747,5.140954038229712,Urea
Potato,Clay,67.86794438196691,64.14641067345555,94.0472584968465,8.450215315446261,5.898557594873716,NPK
Wheat,Loamy,86.52609155291394,20.022601343339637,20.716955801793382,7.069439294867113,5.5778062799753645,DAP
Rice,Silty,71.04657637660107,86.75742658322241,66.67298204046685,8.047951031487957,5.944860481928504,NPK
Sugarcane,Silty,114.81410453513871,47.51651236929605,28.20274946837672,5.301397455394412,5.946897123201341,NPK
Maize,Sandy,125.90949363634374,92.11706262865286,90.84038360365597,5.484314419808867,7.753641438942498,NPK
Maize,Silty,117.97403036464493,49.447641795223504,14.452444354378489,8.31155045153944,3.425492226642237,Potassium
Wheat,Loamy,15.433812693652296,31.12882459936967,67.33537161226334,5.040941501979232,7.150132970630877,Urea
Tomato,Loamy,37.17802786243611,18.473738725329113,80.15314354516285,5.264425752373915,1.1526494376057475,Urea
Cotton,Sandy,85.1250512969284,5.355783997572058,38.71719483464718,6.182194396480207,3.0174207432629823,DAP
Cotton,Silty,140.87508566213216,55.55496107355938,95.64311754146188,6.8583371510134015,1.340590473993921,Organic Compost
Maize,Silty,126.89394850729636,15.179886208057725,85.81941503567354,6.915268875873087,5.558427719690882,DAP
Groundnut,Silty,127.95483116925223,42.21413754496193,32.988738470065826,5.667904034662257,1.705532595121337,Organic Compost
Groundnut,Clay,52.44914712635448,60.98081731752323,5.716403808019875,8.182455591801393,6.919948045564324,Potassium
Wheat,Silty,70.12270559101836,31.190160205756527,33.182431731215786,8.160399630431451,5.526141786531818,NPK
Cotton,Loamy,75.89883262423123,21.64630777478095,31.72449469472054,6.068272212209489,1.2017078073752399,DAP
Maize,Loamy,32.032021668987454,78.59855414788746,89.54663771258636,6.237167077721189,6.003441558042361,Urea
Tomato,Clay,14.349538234223884,94.94516136675395,96.87651193420102,7.309988467295647,7.034244630798727,Urea
Cotton,Clay,142.56640592447235,14.54183969688677,11.691798667174734,7.1519835855956035,5.627847053635046,DAP
Maize,Silty,43.69976199289094,19.781080816575745,49.77300871066509,6.029188059843849,1.2136695115452252,DAP
Maize,Sandy,43.59284652130838,96.20120243900827,57.0915398603306,6.156977006084014,7.005436839222845,NPK
Rice,Clay,21.673067527626337,8.589501072163397,13.826607826321814,5.892155773686156,6.127247390538245,Urea
Tomato,Clay,139.991085272129,97.87507197229486,40.86228236806464,5.4415400278132315,3.6491591873878897,NPK
Rice,Silty,91.16319609156808,5.441225893073933,35.12282965233031,6.332553451696558,3.3004118082085183,DAP
Wheat,Silty,103.38515999754954,87.99852228687648,55.925353661073295,7.245736527610162,4.35874126985208,NPK
Rice,Clay,137.62076421682735,34.1958921938362,67.8131354745341,7.4678668212571715,7.069712256565096,NPK
Sugarcane,Sandy,58.38682364611053,94.16594152684317,71.83108549717383,7.6154945930238505,2.7644154630869027,NPK
Rice,Clay,97.01102355933178,35.10980242038062,17.991727243271818,5.998928053812486,1.706746678688408,Potassium
Sugarcane,Silty,15.431923662044245,67.15910054573533,82.23003168473903,7.558543977139895,7.05245461072735,Urea
Cotton,Silty,36.14815395235811,12.603094127763981,69.4614928301221,4.526065262767501,1.1840289421650607,Urea
Groundnut,Clay,126.37441271259195,28.021332088105204,89.46211709093836,6.408199750867529,7.376979155708452,NPK
Potato,Sandy,117.347569887367,78.49953791552882,47.68692564636624,7.675617600530764,3.1402163601098048,NPK
Potato,Clay,59.089976804000564,55.22515609948787,89.9195274586082,7.020178882565413,4.557558911817874,NPK
Maize,Clay,62.75348788838975,93.15706086976925,87.24854162382717,6.396252496618031,1.9260686732655965,Organic Compost
Potato,Silty,84.69762069750112,45.73138379242866,46.648886574130614,7.078568026425397,7.315784785636797,NPK
Sugarcane,Sandy,10.033740655918837,87.6321747523227,41.20861495283297,8.127784012594656,6.248853563690833,Urea
Tomato,Loamy,43.7742070453239,47.650766560432565,93.6171414221744,6.765527202440829,7.46908910625624,NPK
Rice,Sandy,39.152453205150024,98.0285864766886,72.94064978115158,7.699144765840424,5.782603357827137,Urea
Sugarcane,Clay,45.067612544966885,96.1842662328933,93.18330791161719,8.42297090090079,2.2928564371962827,Organic Compost
Tomato,Clay,122.82681795468179,36.26798702782763,80.71260399510224,7.322272808302267,3.157869020903745,NPK
Groundnut,Clay,49.154339916502046,89.1627486895963,62.88325673268436,6.793303055556255,4.407940025724313,NPK
Potato,Sandy,36.81298508702074,85.52308055048668,16.006013815357626,4.649943788501361,5.250807437521448,Urea
Groundnut,Silty,80.59688451102441,25.014637746118467,32.69066389501435,5.99791159301835,7.485216061353916,NPK
Potato,Clay,131.19030509218248,64.30758807441063,97.0400286743472,6.761770934060474,3.6876602605239728,NPK
Rice,Clay,43.78895853724998,11.90481998103241,35.34509937784942,7.6888262868241295,5.921504153350021,DAP
Wheat,Sandy,20.995073990991816,84.48751845542886,13.859212629610225,6.252419158590305,7.7270619423757525,Urea
Rice,Loamy,59.896663018953056,21.58185893283217,72.21756881233537,8.340233103059093,2.066618443908171,DAP
Cotton,Loamy,114.6712554390969,11.727396631647629,74.73040418165,5.5871750104947,7.038967121456837,DAP
Sugarcane,Silty,87.09667625727124,43.020814076187065,32.11848342727932,7.478268780841265,3.94494249275239,NPK
Maize,Silty,124.35107174040864,59.80760316696613,33.27883803789885,6.17612566833651,6.126952431505357,NPK
Wheat,Clay,144.34290066529275,86.21711106317825,49.54483362333447,6.4439539782636235,3.054768371159586,NPK
Rice,Sandy,120.97274674522639,97.55303992456497,7.069950227414276,7.710008135461761,3.3378895278620107,Potassium
Tomato,Clay,94.53243103812548,46.75178869413705,79.98568598431054,5.684861046606822,1.189932574076463,Organic Compost
Wheat,Silty,79.06782232733327,10.74245768360067,35.12343479104193,4.8872482263805725,7.799829072168717,DAP
Sugarcane,Sandy,15.609672088757334,76.16598000745772,86.10749469018786,6.5810223384537085,6.694168026615491,Urea
Potato,Sandy,147.80507703396577,58.691459341274054,81.24989005200321,6.615178447214995,1.6574257054835435,Organic Compost
Wheat,Silty,63.687357160505954,47.549677760224,67.8331931462844,7.688671088901495,7.996561569646421,NPK
Potato,Loamy,31.311949948361352,34.380543485258016,35.863112374432426,8.373276824928407,5.23517218042059,Urea
Sugarcane,Loamy,103.33923975550394,52.727860145135885,54.05007335781115,4.721202745313393,6.976100465750681,NPK
Rice,Sandy,49.80036047336431,37.17456242341794,47.25877947180611,6.8667578949724355,1.4666253429450826,Organic Compost
Sugarcane,Clay,92.00895793034667,76.91612743599923,37.19377919362405,7.2251141212592,3.7261582494434657,NPK
Wheat,Loamy,92.14750709824277,56.669901166800905,85.57294748380193,8.443205402994087,5.687557856125269,NPK
Tomato,Clay,72.40217492640168,88.30053854464063,50.9331720848782,8.270360857107647,1.7450360308979107,Organic Compost
Groundnut,Loamy,127.05660617630596,56.636671891697,84.10869429072892,7.34980305884791,4.422319870578004,NPK
Wheat,Loamy,47.095388617762026,27.63492926729335,14.995755043473306,6.5871576449778635,4.0987451218089905,Potassium
Sugarcane,Clay,72.80856282648278,85.85372881205373,18.397354917031898,5.146095689197045,2.512281571315058,Potassium
Groundnut,Silty,85.276898002736,57.93580926835417,97.8454289857328,6.03670622081767,3.1018888509626157,NPK
Sugarcane,Loamy,102.90746090742195,24.649898623638318,60.838003947578514,6.840489300228617,7.769828481464877,DAP
Tomato,Loamy,119.75605907078253,64.2332419458411,53.42811898240966,7.4008015863830146,3.0205394020695517,NPK
Sugarcane,Clay,65.27301960295586,38.98309266953062,54.699825998690606,7.041598229916449,2.493982937778877,Organic Compost
Rice,Silty,100.44657217352345,85.21853316774624,25.450533533121682,7.356491207310965,4.753464197478334,NPK
Maize,Loamy,31.08553342959268,48.063475171421565,73.27687520268744,6.216610018207591,5.6967062384920855,Urea
Potato,Loamy,140.570734075947,74.01192902020459,13.054159254326665,7.410509162284036,6.075651777486954,Potassium
Potato,Silty,63.628232898940496,14.075939725442531,59.4657527447872,5.074965024078876,6.279730291478414,DAP
Wheat,Loamy,112.13299907670138,42.62231289872289,59.22303567566063,5.150345247052455,1.2578274406032717,Organic Compost
Maize,Silty,12.84775146350487,98.40793646487788,91.84790029268355,5.151328583317851,3.756322802656943,Urea
Sugarcane,Silty,38.72620000667298,81.80372750032909,54.98736695996173,8.063459828143104,6.4177065584816315,Urea
Tomato,Clay,78.19155620530093,20.19437622485822,18.020956117547055,4.804136253234538,7.333964712600906,DAP
Wheat,Sandy,132.95534548252851,31.387584700339232,59.411559628575446,7.706033490933903,5.215400863329483,NPK
Sugarcane,Silty,83.8157209930948,36.3325018413543,13.676126214706574,5.434283592186949,1.3661479745677996,Potassium
Groundnut,Clay,140.18186752114306,66.78472824706733,24.36041435349256,6.373719761981002,3.776520640985918,Potassium
Cotton,Sandy,77.73156552159149,76.91450215151728,7.955315497804532,8.163826381862712,1.5195898110791826,Potassium
Sugarcane,Loamy,78.66287354303299,76.20502783675143,53.76289033365234,6.843748918750027,6.2397650387920915,NPK
Maize,Sandy,26.764550390074465,53.43803534910827,13.030598452889375,5.340470744929434,1.4445382849716566,Urea
Wheat,Silty,122.37187418131077,82.02795109462437,49.59246596047626,5.636360241275229,2.300117467146241,Organic Compost
Maize,Silty,44.57515774538875,46.52241786196013,93.62977835579369,8.181786495583143,3.9187089677534197,NPK
Wheat,Silty,135.9457485121241,16.76865370307838,73.37733423683655,6.208575700439914,4.2385385698041045,DAP
Sugarcane,Silty,137.51539084625546,58.621974957112265,12.35410905140284,6.847941932027158,3.845371902205086,Potassium
Rice,Silty,142.06341566238095,95.46863153710514,26.2999321598401,6.339728786501555,4.243776526242,NPK
Groundnut,Clay,82.8322684744326,80.33439688228857,68.99792988987625,6.013752352193798,5.992674064141399,NPK
Sugarcane,Silty,104.79312986971021,59.97656153076303,89.99667679729745,5.393116507729608,3.584881760688791,NPK
Potato,Clay,118.9922232086329,66.4465377331642,8.127265742575608,7.244766001938409,4.834253214054334,Potassium
Maize,Loamy,28.342046611065182,93.4033925683794,82.18285751345643,7.372968105088482,3.1235848027011257,Urea
Cotton,Silty,94.13400729964961,45.692565471321245,58.372318632139326,5.599540366429598,3.4753924656333783,NPK
Cotton,Silty,14.801706182463635,36.482443199550545,56.878675903157294,7.6560433722193215,5.296592713294566,Urea
Tomato,Sandy,79.65925167442163,97.83794867504265,95.992252361569,7.918140801206718,4.43346256145914,NPK
Wheat,Loamy,31.677975426831836,87.02709768348167,76.02623819669344,8.182700384958522,6.0612540640149675,Urea
Maize,Silty,35.60920963469186,35.68914053876723,85.76129246533063,5.14484965567348,4.923770116362248,Urea
Tomato,Silty,61.10665933696421,49.059156749287666,38.629579106743336,5.7156947344530655,6.62501859768711,NPK
Maize,Loamy,70.54120334031042,44.43242225574091,57.664583878698934,7.941413390014782,4.103857490963016,NPK
Potato,Clay,97.24413943450621,19.16408947378622,63.46353935563822,5.294160811311576,4.437235339067611,DAP
Wheat,Silty,20.419978581392193,95.99283576225962,35.550474334434185,4.513873836973982,5.689799442306577,Urea
Sugarcane,Sandy,80.51684657324225,43.40968096587709,59.17357187000295,7.983309241006538,2.548707610884342,NPK
Sugarcane,Silty,35.56751823543416,88.15626285060125,27.482261050572813,5.805797767005478,3.701506758518826,Urea
Cotton,Sandy,90.35652450444387,22.98884162966318,18.62068875148276,6.1579901005558,5.373888708081955,DAP
Sugarcane,Sandy,99.23664571656569,57.04772701053588,40.5271746313466,6.285336102882551,1.2021338848601548,Organic Compost
Sugarcane,Silty,87.93929591739953,7.276331586805632,75.23251473091152,7.8930984026689135,4.058800035437591,DAP
Potato,Silty,113.36137146696308,77.6009459650193,92.03777906701931,5.851568578373842,5.191949554142818,NPK
Rice,Sandy,56.98529419372618,60.18682033339645,48.48283489233209,8.069119543425927,7.7716287238473845,NPK
Cotton,Loamy,117.11492282863833,64.4310104296265,66.068250386166,6.967756552192192,7.1391159313236985,NPK
Tomato,Loamy,70.58739143914711,9.913483842692077,14.788527442634546,6.609146896134737,2.965193670598607,DAP
Groundnut,Silty,77.78582976516356,25.048641369818462,90.92405706247123,5.80245802850985,4.550470728202473,NPK
Rice,Clay,100.73429781655,12.061432873590114,59.017400289143765,5.474846785124743,1.394900608620639,DAP
Tomato,Loamy,12.570173759891354,32.44686000136212,79.13213352438991,6.996233771109395,2.68528090372465,Urea
Wheat,Silty,101.55919099883477,64.60670572980435,80.47191408753241,6.2875766402263045,6.423991076476631,NPK
Rice,Loamy,96.60192087009615,58.787668510150645,29.365650004970064,8.142064039728025,1.863198085927412,Organic Compost
Potato,Clay,53.37859634545919,63.15423305327207,55.271573052275706,6.466554864456199,2.8038336738376963,NPK
Tomato,Silty,22.011199885928526,57.178870780899956,96.24557639829285,6.547179666804764,7.6082975121506555,Urea
Wheat,Clay,22.730962987825762,30.93773558920664,13.515281757978638,6.1668931245440035,6.766990603447206,Urea
Cotton,Silty,139.251324577932,28.228212247720396,69.88974031280853,7.65705198796514,6.472793988542384,NPK
Groundnut,Clay,106.4991049716172,18.02066993597522,96.41508741334134,6.199356792437081,7.051902432115098,DAP
Wheat,Loamy,27.794365927903655,85.66173311583175,33.55482526513211,5.577367998999019,6.247239806076477,Urea
Sugarcane,Loamy,59.94124370324689,63.56553906141823,86.83755253341307,7.9481234971740395,1.8441035128276446,Organic Compost
Maize,Clay,92.9476191462235,22.71854618788568,93.69746681378581,6.887312885460961,4.61592928539662,DAP
Wheat,Clay,126.98003871269081,21.834891083017755,75.97318989250839,6.866040879076007,4.1097074456162535,DAP
Wheat,Clay,16.112530019821193,87.93838214498298,26.976189669161037,6.943288828655707,3.1780610478926605,Urea
Groundnut,Silty,43.12863840580124,75.55943205751534,36.73006828852642,7.375358992822667,6.838282868037238,NPK
Maize,Loamy,134.5648586413532,67.64291259101029,8.401882969684419,5.752271957250267,4.248974416619635,Potassium
Sugarcane,Silty,11.283177025734307,43.65209021623348,83.98805725330875,4.635377483332011,1.4220832095028477,Urea
Tomato,Loamy,38.19587439114424,29.887678606459165,85.71306271855259,7.742372643508038,2.9247590860418775,Urea
Tomato,Sandy,144.26338463621522,98.04782249571825,65.1074794467883,5.01562021552655,2.6003474062061156,NPK
Wheat,Silty,95.87625851310395,80.73775962716601,38.490145870065874,7.387278948842177,7.212352193678985,NPK
Potato,Loamy,46.633991329250904,33.669026197946266,12.297047625792452,4.829261193149315,5.532066704472999,Potassium
Potato,Loamy,19.378753215418666,85.51865564645699,76.54047294191639,6.001231368113968,4.922633861174526,Urea
Maize,Silty,13.946787662611102,77.09853511839474,74.01998839294268,4.7521042793261525,4.546544691750936,Urea
Maize,Silty,44.264311149169814,33.22265223840985,91.69723956519559,6.588854718510898,5.550791192790259,NPK
Sugarcane,Loamy,133.40801474244745,45.52252115295577,74.40054199550941,7.1125430911263,6.284128827439873,NPK
Groundnut,Silty,68.22791160165133,22.665577312147533,83.72601951318018,5.185732564712753,4.88069294082057,DAP
Cotton,Clay,110.84667168323902,15.549982215920387,75.86568870087996,5.986510473753608,7.567997906068274,DAP
Tomato,Silty,138.5599049531941,73.6623931197712,64.91528288967007,8.220957964172214,7.837839194552692,NPK
Groundnut,Silty,67.12566462439432,30.41362644861733,45.56180744814588,6.269556468429827,7.967396216261761,NPK
Rice,Silty,36.77883194523559,82.90563974589409,90.70114432101639,7.710174275906226,5.685737770620513,Urea
Tomato,Loamy,82.39651031996873,99.58282759387048,66.84201433120964,8.208738980240836,7.528343267291149,NPK
Groundnut,Clay,137.1317161883796,12.278882323316623,42.84375558676136,8.397383299909146,3.831357867155683,DAP
Tomato,Sandy,122.61241797927809,49.938336882951525,12.929583042285937,8.093288078765477,7.017146738731697,Potassium
Cotton,Sandy,19.21617807084153,81.19594313452629,32.616961310916295,5.7696213166358765,7.364220091177766,Urea
Rice,Clay,106.96019201086145,79.95033517141718,56.654039808865654,8.350291544644772,7.328983306325929,NPK
Potato,Clay,90.06565314425353,77.19973004144201,31.185360151538482,7.749580966984188,6.815923980358671,NPK
Potato,Clay,137.04484468849955,38.15451885368154,26.017358052200702,7.8487023345579505,3.846194131488753,NPK
Cotton,Loamy,27.147398359041613,48.11605929007997,55.10238383834548,4.5606919366873395,2.11235237386514,Urea
Sugarcane,Sandy,84.76505584865193,61.521993947439675,21.132932860094787,8.316955453273174,3.337694494411121,Potassium
Rice,Clay,133.12477709166492,97.52435543945943,81.03895601588482,7.612360895394962,6.371019985086651,NPK
Wheat,Loamy,67.40333014384402,36.116990739156826,51.014974377552505,7.5718699860316,2.630198579309827,NPK
Groundnut,Sandy,77.47928848260139,92.69866933310149,59.51696352645177,4.826098923714345,4.347904453781807,NPK
Rice,Silty,19.864494873374163,30.58890722714694,19.001410421748112,5.4302741642933245,4.957796625892704,Urea
Sugarcane,Loamy,48.94010966284752,98.96207422000194,35.8347518847899,8.349046660551597,5.227009937065127,NPK
Sugarcane,Sandy,55.43093088365263,68.67505024862122,43.958519909809525,6.502708299221905,7.55007883865159,NPK
Cotton,Loamy,142.31714282428416,49.03359063406234,81.78021889906778,6.091432072949024,5.630451142900223,NPK
Tomato,Sandy,49.573430475762265,63.272090666042466,78.16515469318449,7.859763268587654,6.504091712541116,NPK
Rice,Sandy,74.52162293775127,30.890461058819646,26.18286010482973,4.849361656455777,5.073148435241434,NPK
Groundnut,Silty,103.98261929899917,31.046516463589327,63.53701275266574,6.167768065084237,6.835062232033743,NPK
Rice,Loamy,32.70567213710284,15.787681665131915,28.12835398833977,6.002803097688334,2.84564529148834,Urea
Maize,Clay,78.10193419986243,15.834778282012882,98.8834797905733,5.899405548121571,2.4691437016815247,DAP
Tomato,Silty,113.39546552662706,38.02881543954658,95.4517684224327,5.7307689746122925,7.484240341305788,NPK
Groundnut,Silty,131.35972982378922,77.4712704001553,58.510148449458946,5.340299827160312,5.854366134501649,NPK
Potato,Sandy,97.67629845273974,62.757260921825434,71.39574432994358,5.191643211962089,5.700679039407548,NPK
Groundnut,Clay,103.6674921443727,14.745533231446977,81.13588630982127,7.061624467678696,4.271066670399149,DAP
Wheat,Loamy,27.679686161839655,85.96246987271154,73.49484990426586,8.177579364834713,3.6368808150545737,Urea
Cotton,Clay,142.4087096144886,62.12992456405631,71.48372565282997,6.535406580999526,4.8898383613504715,NPK
Wheat,Clay,28.560370847827528,96.28127979455408,96.06263075520516,5.6918982093865775,1.8439644459516698,Urea
Groundnut,Clay,118.45421120545176,68.66761940406471,61.66333009919191,5.136640790888905,4.182987927581754,NPK
Tomato,Clay,47.07428504896463,21.641612051897194,65.44875382281029,7.820573460210377,4.187573931258367,DAP
Rice,Clay,140.7030401181752,50.009419419243116,85.68053129162722,8.385968225892855,4.768355590609857,NPK
Potato,Sandy,110.79433551172714,66.6072717669844,68.63963244654865,5.896621605871408,5.442799300570416,NPK
Rice,Sandy,115.53391981697166,7.685146599747881,74.62859909166464,5.663801702208516,7.701228561897535,DAP
Tomato,Silty,40.66828422838367,6.41647509470675,27.24602518868103,6.905971811899765,5.565183889642299,DAP
Groundnut,Sandy,72.02559672892252,17.29328505686395,40.27035779093173,7.6013159238137025,7.18607606367388,DAP
Sugarcane,Silty,96.4938472425001,28.908121329319723,18.993627842629834,6.321611214198658,4.894127030284146,Potassium
Rice,Silty,117.79630654892414,45.807166734464175,53.04771702180652,7.020292599443797,5.388495178392429,NPK
Sugarcane,Loamy,24.55431262773454,51.306845007179895,48.2941030646234,7.366196272093168,1.4888586717669874,Urea
Rice,Clay,144.73114430363398,18.112622849100195,99.7304673565484,8.342369151424716,1.932846060190909,DAP
Rice,Sandy,134.63089387763785,68.97220001600392,63.06482201747654,5.160149322080334,5.057693046382777,NPK
Potato,Loamy,47.84880266938181,61.63311586117081,79.71225820347021,8.489529975301478,3.7699900897062046,NPK
Cotton,Sandy,125.18643402452648,32.97408938991022,36.731393721977156,6.068626620964915,6.591673639058513,NPK
Cotton,Silty,82.56534922557528,6.297688926352741,83.99680647756567,7.392800570906215,4.802245124119232,DAP
Maize,Sandy,74.65290741868262,12.37655195856262,63.43307181632992,6.789657511891988,7.176037272659365,DAP
Wheat,Clay,54.02077481359676,42.211003673529746,71.21427150185166,6.4466744680353605,7.806321749236039,NPK
Tomato,Silty,91.33560212842295,19.627563360739973,32.97092390519816,7.2923014749263455,2.033446295850395,DAP
Tomato,Silty,112.18447647850368,40.79786258405723,57.12064721107983,6.08301540089438,3.763794261589386,NPK
Tomato,Loamy,67.53060669478616,64.67734742848373,65.23351247429282,5.004439925347226,5.654867176666215,NPK
Maize,Clay,98.09068702116089,56.98755564853194,60.9639942025752,6.455573532484959,3.138421287802448,NPK
Cotton,Silty,107.90380896174253,26.961708898052454,91.94340258533381,6.587663482729274,2.869226364050466,NPK
Groundnut,Clay,109.55705438214002,37.663136669581476,90.33590312679259,5.307608613599757,6.696169924401857,NPK
Sugarcane,Sandy,17.275253738365237,63.33296385262181,97.2434854983027,8.242477425314629,7.8626492834112005,Urea
Potato,Clay,130.36469279590938,86.78122766412763,68.405660570664,5.409902586585165,6.41662331873237,NPK
Sugarcane,Silty,74.1554640671067,76.55527668019334,97.33184236194003,6.136910376336391,4.665736359628795,NPK
Groundnut,Loamy,46.73825143747002,57.57300254917442,84.08541000303134,5.119718747378894,4.097578623617203,NPK
Potato,Silty,43.847031047155426,39.41783484006619,30.729053332296132,6.6431865847477765,4.777534043712555,NPK
Maize,Clay,77.62197579815306,39.67987136647152,45.60638860737322,5.730550432400358,4.2398779153141515,NPK
Groundnut,Clay,134.1564155256543,88.54464447511762,27.64728200795593,6.4570900799043365,4.520216397499676,NPK
Tomato,Silty,62.96866143557057,8.728139723851909,5.398730278903694,5.398467665832808,2.424171353704594,DAP
Wheat,Clay,114.96160454969606,98.85835121992478,22.864631548956318,4.715100511794863,7.326193645165294,Potassium
Rice,Sandy,23.554622338210606,68.11566403089842,5.385755697253188,7.616906604329021,6.281745010662877,Urea
Sugarcane,Silty,76.64793830114864,69.7080814118771,73.38465382829655,7.064345135838634,5.76684195885254,NPK
Cotton,Loamy,148.836059654983,8.609794543950505,45.42575828351396,5.862957422844051,7.649474796821312,DAP
Cotton,Silty,117.86129239092718,62.525281114670854,34.694599072396535,4.689976898729289,2.9907603233898663,NPK
Maize,Sandy,39.47398838168582,51.05391570859246,77.36348465404285,7.962300250788484,1.5681158762552996,Urea
Potato,Sandy,80.2018063177075,15.048996154936365,84.08624358886628,5.179180019742717,6.782970622487322,DAP
Cotton,Sandy,42.70746691079932,31.402591023089112,97.6534561717386,8.222968873125712,7.988918745544784,NPK
Tomato,Sandy,67.3385298167513,89.57987334029687,65.99129054414792,6.414381514383834,5.049027066141396,NPK
Sugarcane,Sandy,119.21176332289507,57.24889950726553,48.845251061304914,5.8615468396339345,1.411665715388773,Organic Compost
Groundnut,Loamy,117.97147414065651,44.274574641521326,34.00010865270641,7.4670379075638555,6.463276281084588,NPK
Tomato,Clay,41.93405290633392,11.90480480487704,26.120229875351498,8.007357624300743,1.516243341920891,DAP
Maize,Sandy,139.1112645416804,72.84154510321903,25.227965295847117,5.982854254582843,4.780097903814968,NPK
Tomato,Sandy,92.95954558707575,71.7708282226231,43.87299059838088,6.129375008680749,2.9427273194736894,NPK
Groundnut,Silty,63.18940073468203,63.33414266239354,99.21970375235333,6.23263287738879,7.405187464146768,NPK
Wheat,Loamy,80.27098130932049,53.47495139096168,5.0811012565533105,8.189292245914675,4.159318492816395,Potassium
Maize,Loamy,94.70997548128412,46.209518209700406,23.734560236945075,7.270255966057331,7.289243439349874,Potassium
Wheat,Clay,88.38467445840996,61.36075383385927,22.897333328339514,5.490584468182622,3.093567596781973,Potassium
Rice,Loamy,78.09670497506495,27.172567914198638,73.12635112556777,5.239998790007918,3.7115380867494587,NPK
Wheat,Silty,80.69059257251601,94.41961109687654,38.486049121815874,5.421470653699265,7.629834317729563,NPK
Rice,Silty,34.69766745990407,60.93548027212181,48.43977643622296,5.55425555674207,2.4092011565214477,Urea
Rice,Clay,123.78260660265511,34.56328221366577,19.119292394640972,5.420733965336006,5.049508061558016,Potassium
Wheat,Silty,85.84644479174216,47.71958583408994,43.47471869331003,7.134025788769584,3.7195722999207796,NPK
Maize,Sandy,28.351180638658434,81.54005494330477,14.803982131054424,4.963734042630025,6.419168195481092,Urea
Potato,Sandy,117.2619942215889,20.35352576937826,55.6391123494154,6.049433958831843,1.9050745981995019,DAP
Groundnut,Silty,140.5421569728291,32.81938413372474,14.304144711371315,7.000214291881466,4.0605047830326795,Potassium
Tomato,Clay,142.6229658931747,69.55326215997276,80.09829621144985,5.663439895771724,5.892528387916842,NPK
Tomato,Loamy,61.66248253756419,34.971474615811275,58.8271631663465,4.761097538806633,3.8491136450431185,NPK
Groundnut,Clay,28.972362298505566,80.28765977683926,73.77694800848411,4.827295691383873,1.4097221749276367,Urea
Sugarcane,Loamy,82.57594772862912,17.393081281849277,44.759056732004964,5.003867105218745,5.935785829347407,DAP
Sugarcane,Silty,25.765292108890897,77.45518619318781,41.2416728580116,7.843372099472621,4.522388293794881,Urea
Rice,Silty,140.7582385917664,11.493412910803793,14.329844459642041,7.131454022419879,1.079160806760704,DAP
Rice,Sandy,35.70114782972044,6.196298203412004,54.76628266906815,4.758089644390579,5.288591266598611,Urea
Maize,Loamy,45.38722039316297,90.3312342890554,53.87770566142374,6.064275516605679,7.4391671577015055,NPK
Cotton,Clay,66.92911376389586,60.22722560856837,49.469694222712505,5.6143406913882625,1.777181637481823,Organic Compost
Wheat,Silty,63.64302559827761,38.42355522324709,75.34924464483268,6.8121604465152,5.134698645064183,NPK
Rice,Clay,121.25280493570446,27.09649051156579,84.08791800307368,6.591223798689254,6.100682172338413,NPK
Tomato,Sandy,73.88435487713473,63.604149409777534,76.32501912010827,6.42449609347886,1.4954156909821381,Organic Compost
Maize,Loamy,33.907556400467165,53.35520743599013,18.667245566650166,5.758049481490453,1.1583082071493043,Urea
Wheat,Loamy,47.40938536805037,99.2017886753486,64.09565338180028,5.051199088175963,4.249371066514631,NPK
Maize,Silty,81.27587392625308,98.40551873210585,12.630695040505671,7.469505531490552,6.538306810640547,Potassium
Wheat,Loamy,30.643548439658886,65.32733378345291,70.98911730684527,8.019427075370618,2.1250358706952985,Urea
Wheat,Silty,95.63179459044197,47.0726980800596,41.27471417330703,8.27660363693127,6.85646090550446,NPK
Groundnut,Sandy,89.20462291716042,51.658392067792896,17.58740084529723,4.734475882454322,5.596040787965173,Potassium
Rice,Loamy,110.05832429351608,69.83551129250189,86.89483141273215,7.459634846355532,3.3252130145193997,NPK
Potato,Silty,141.27864615311148,14.64958170236123,63.33079220869905,7.4060138376278495,4.610780589447146,DAP
Maize,Clay,137.71563855416179,36.193447012018225,38.698871955015115,8.288438456582357,7.7590248580871695,NPK
Potato,Silty,142.45058652963638,12.150862895342367,7.919082066797456,5.511658377991061,2.5150587944263716,DAP
Maize,Loamy,44.26018358331813,11.969272154107358,56.044474605343,7.468716153180626,4.4967477842082815,DAP
Groundnut,Sandy,28.419142929509647,23.604727979952205,92.7064584561921,4.718505155065938,5.371405892753345,Urea
Tomato,Loamy,52.31873806950279,51.099059186356556,61.65608410672474,7.0249828830464764,1.9661022383296638,Organic Compost
Potato,Loamy,135.31192418728403,79.55356051046499,97.30680743885185,5.903391296208719,1.3046546203631675,Organic Compost
Tomato,Silty,146.08748644728834,51.12210966075789,17.962856235693557,7.575637758189901,1.0942196705202991,Potassium
Sugarcane,Clay,130.30549314986666,36.87027800328262,58.9889849365095,7.953217145741574,3.2728499962001134,NPK
Rice,Loamy,25.402480957856106,12.823534081992022,80.8218795606108,5.959284168870065,1.5176310613940576,Urea
Rice,Clay,142.63991972837104,57.27807470239731,54.926369456943036,6.602344370797202,6.6263896677878025,NPK
Cotton,Silty,69.27012382911003,30.77051571590179,13.651303818809897,4.9696162494544,7.981236690132222,Potassium
Groundnut,Clay,11.303440706729514,63.41874690212901,60.37417014698568,6.167627860893907,1.429126752141248,Urea
Tomato,Silty,71.9351237047471,97.83283521757974,63.115101055034806,5.943201573036677,4.029083931534077,NPK
Wheat,Sandy,16.449683754565463,15.574860540367265,74.22737860515849,5.232493839138071,1.1801248608780233,Urea
Maize,Clay,86.14290896255646,25.15191287858429,77.31509394072002,8.077914499067104,1.9379362353008425,Organic Compost
Rice,Clay,57.397563841187186,49.9439811194406,78.22340538000768,5.092351352160641,3.2604579263747184,NPK
Potato,Sandy,76.28089070316683,97.0183124578633,68.02721739570177,7.042957430120749,3.755887491403549,NPK
Maize,Clay,95.84385050403638,78.32192874564959,25.502062709772524,8.06057057391955,7.578480625000481,NPK
Maize,Sandy,131.63215341449484,90.33177335046886,43.40239680475054,8.147874319452903,3.770857661298271,NPK
Cotton,Loamy,102.66622070607,36.70291060520033,78.73234739836788,7.672958799362274,4.473943613401815,NPK
Tomato,Silty,70.7668415869453,99.24365500896648,95.57556342307726,5.204564535496706,2.719083577917065,NPK
Rice,Sandy,124.71989951385112,14.769117526094952,12.49996165947909,7.769725636855479,1.0008759712960285,DAP
Maize,Clay,136.7814992602385,10.032426074379579,55.87598439073351,5.606259249662498,7.295341197131946,DAP
Rice,Sandy,26.76639530050761,86.28224957013268,34.689615775809116,8.189592109730036,1.5720032992541337,Urea
Wheat,Clay,84.47061685739081,93.0901626696637,26.412419960098827,7.336346725695398,7.749741887253604,NPK
Cotton,Loamy,49.83167436394218,13.605608966879666,53.05201493437293,7.6410702440355465,1.915908728701822,DAP
Wheat,Sandy,16.588567702772636,15.775605540854942,62.57848735287099,4.840129814007749,5.2341493652530815,Urea
Rice,Loamy,103.59653731595795,8.151544986798513,5.928361984850719,6.831060453774178,7.995874114996458,DAP
Sugarcane,Silty,130.78790884429156,14.92821845105879,79.11962435911315,7.784568507594718,1.9692521724877312,DAP
Potato,Clay,32.806371626835166,24.894882596026683,82.88880246964753,7.946361411089997,3.9676015945787695,Urea
Rice,Clay,123.73791206734607,97.15727879645009,96.72352833395364,4.614526818934566,6.462965682800336,NPK
Tomato,Loamy,129.47540269517185,68.44672111276964,22.16115465634602,8.256636930220477,1.2253310489497777,Potassium
Maize,Silty,138.0076619733077,78.9625374242615,61.48249342429006,4.673354933209919,5.8284792579803115,NPK
Maize,Sandy,47.139912472047335,78.73324335069461,45.529410480257475,6.958074718699399,1.5626133652355962,Organic Compost
Wheat,Sandy,136.5534291265845,55.83200622902539,36.80864589775831,7.273550110461248,2.6556409959125844,NPK
Potato,Clay,54.89278566310051,80.76145288273663,58.735177886562944,4.929381164671639,2.1205331374535232,Organic Compost
Cotton,Loamy,87.3273218837704,61.601715577047116,79.32639385623727,4.69204746243677,7.351355021528554,NPK
Sugarcane,Loamy,17.0710459165195,34.88187927231897,7.190014427294961,7.639648617802917,2.263197017471766,Urea
Groundnut,Sandy,16.143352371624104,58.30546033299807,97.09301069378775,6.038682499189736,1.2830386686061004,Urea
Potato,Silty,110.85224978250841,55.683315682778776,81.93875064204252,4.928450061260495,5.113379749134335,NPK
Maize,Silty,72.22719691689075,83.22804010713546,76.35960184632995,7.550671265550568,3.423266477867914,NPK
Tomato,Sandy,45.88093255169046,98.2640856512576,77.23680130714783,7.896652280574482,3.839943544489565,NPK
Potato,Sandy,36.65788944348743,44.0490437149884,41.960767413772,6.8495447630352295,1.8334392140378288,Urea
Wheat,Loamy,103.79348872029053,77.52211445192917,76.4039523302573,5.144947233738582,6.237641440032362,NPK
Wheat,Silty,10.056216163547582,14.477485383622687,41.74316981728097,4.560889885965963,5.210875547504626,Urea
Groundnut,Sandy,122.8247636875596,78.79898009758742,90.37714880960534,7.303209925207776,3.54951931323796,NPK
Tomato,Sandy,21.094944858190033,40.28460663935705,21.836126414114617,6.700558699301267,2.201024606341952,Urea
Cotton,Clay,36.80854608713672,8.742065474520233,32.773005300439394,7.103188566880318,5.154162174193923,Urea
Potato,Sandy,64.07309534187254,39.508386963406835,57.37706655641223,7.752738680798383,6.450180956551641,NPK
Tomato,Sandy,77.8802235602545,63.01106133755626,35.325048409290886,6.236911107971888,3.1867809870703643,NPK
Cotton,Silty,59.69931621395185,16.328765929739326,45.30253830305097,4.998061875334482,1.1810226847701797,DAP
Tomato,Loamy,54.899703097801144,92.78327678087419,51.78015549286649,8.259933141563305,2.500407893270888,NPK
Tomato,Silty,144.9482416902464,12.378879260919664,86.35356813728332,6.681048508987429,5.776784732249805,DAP
Rice,Loamy,99.8211553740752,93.35063838415078,54.70326409282582,6.9611764763541615,7.923674642198459,NPK
Wheat,Clay,13.280613751434348,72.17806420389022,39.433685618383244,8.233645718207004,1.0936336758614358,Urea
Potato,Sandy,70.22462718220385,36.32265666434934,28.534935583336,8.226334625241051,3.143074934924705,NPK
Tomato,Clay,132.50121796415584,42.121283032363856,43.824217985258734,6.788378426912694,1.4341460931418721,Organic Compost
Potato,Loamy,52.20386609749352,75.37688964961069,53.99492991936514,5.690445698885704,3.214445014341225,NPK
Groundnut,Silty,23.237888268414352,62.1397545837147,75.88091143430745,8.488454536050957,3.8414004018919488,Urea
Tomato,Silty,116.1738680225885,68.8060775382198,16.499633736372175,7.223268359814144,7.446034643623785,Potassium
Maize,Clay,94.84193647105138,41.9706385687806,26.052872882719335,6.133746707568227,1.563925595834851,Organic Compost
Wheat,Loamy,89.84375109571054,51.3422807717219,41.06713150752395,6.739347211414358,6.43993837146039,NPK
Maize,Clay,17.500718345037107,99.03741098359987,39.23784848635389,6.163336201072118,3.7687407724407436,Urea
Potato,Clay,29.669861371372427,25.32267269747318,42.21606832249512,8.053220609186589,6.678839947668494,Urea
Potato,Sandy,97.15691546983592,44.69633771960248,80.38452014083083,6.429997499462985,4.593815297279349,NPK
Wheat,Clay,39.09533780423701,32.72320281952689,35.794668281406445,7.794113503924988,1.2749742719038706,Urea
Potato,Sandy,80.56981116477941,77.68559349178574,52.68032713825314,7.860705191292016,7.623441193003871,NPK
Maize,Sandy,86.28343604411509,77.58119943824347,64.27116812150017,7.797329350940993,1.5791384440416527,Organic Compost
Tomato,Silty,49.691006637931515,32.78231879475261,27.056962267442486,7.388754449902698,5.183784517736293,NPK
Tomato,Sandy,142.779521775809,12.732080080133375,73.27606177901619,7.919510867230327,7.14367434053461,DAP
Rice,Sandy,127.94497495698052,6.086104283859385,56.97557537513669,6.048918318491877,1.5583885842513572,DAP
Groundnut,Silty,111.1322910685918,45.60780065803612,47.44421048798092,4.958652824567841,4.87725371891209,NPK
Potato,Clay,20.91914129731727,43.98207146189824,81.92948254013982,7.869816817490058,6.770029128671165,Urea
Maize,Loamy,24.85820270326272,98.89703847078698,28.13204962259229,6.492673662749381,7.90427296052057,Urea
Potato,Loamy,78.98938842109379,49.63119719127956,88.90171720836071,5.009504130111404,6.070291805698149,NPK
Potato,Loamy,32.499868886738,29.35974510966496,58.299629859836855,4.961250088728032,2.9483406282430558,Urea
Cotton,Clay,146.95716489412638,89.6667968979894,62.87161354106753,5.13696957603957,5.896992308917866,NPK
Rice,Sandy,32.19283276383732,51.65145521708995,88.13060159604957,7.503893038668423,5.9403673851534755,Urea
Maize,Loamy,78.24549696495636,61.921685345004896,82.67035534568691,7.3434266938651245,5.8997620847323216,NPK
Maize,Clay,60.97694795781076,14.088527490680205,62.14839653808053,5.3152747207395326,6.97982305965174,DAP
Potato,Sandy,99.51409900357372,41.37705869632853,76.55283186557654,7.88769367243918,1.6116604376364365,Organic Compost
Rice,Silty,28.06509724451949,94.70124907500974,46.1653515721252,5.62517918211298,1.7589389179080337,Urea
Tomato,Loamy,70.24429992593473,61.003011496665415,57.00088658247589,7.67194233325979,5.484319869578906,NPK
Maize,Sandy,48.45870459300011,37.72767623853386,10.896662987308558,6.455223630939768,7.677167672687315,Potassium
Tomato,Loamy,134.28521345403632,64.43838216000134,13.53650221000445,7.426194730154265,4.260870472434721,Potassium
Rice,Loamy,15.681999698857311,91.48905350992104,83.79541339770154,6.025550652294264,7.723938911379726,Urea
Tomato,Loamy,137.9218491609043,31.029107044896055,10.668807289837183,5.888562388379103,7.566596816613078,Potassium
Wheat,Sandy,126.61917939742006,52.98608825471407,21.09291693509769,7.865438395837329,7.320368167640237,Potassium
Cotton,Clay,51.65990030171416,96.07561212161676,80.60410260029195,4.641209018056278,7.368956824048597,NPK
Sugarcane,Sandy,120.50069165479465,21.377633613353,5.108865309684347,8.398947789030029,7.288231553295902,DAP
Maize,Loamy,14.369898447424658,73.36807293168759,31.82841124035711,7.092718233061493,6.739225684774275,Urea
Groundnut,Sandy,145.3611770410751,63.375695779283326,60.48367249352907,6.229933552797768,5.8648527102373125,NPK
Cotton,Silty,83.72329196257051,69.5691374583603,61.56774348958318,7.0122181246017,1.1708572501482577,Organic Compost
Sugarcane,Clay,52.459343649162335,38.36586491341912,78.82952628179999,4.990963785835931,1.9257751450923672,Organic Compost
Tomato,Sandy,60.76164976325479,34.818540480957665,53.06299417675619,6.556209821174191,1.9396243817202699,Organic Compost
Maize,Silty,19.29674948446963,69.9999187058952,53.39317760544218,8.44038209335919,1.1647819899571292,Urea
Tomato,Clay,148.5089319658855,25.47661208493181,73.90450467636654,5.441077751386827,1.8169123789654567,Organic Compost
Wheat,Silty,15.500872321096944,44.86720076160549,52.369324010296936,7.389112396145398,7.438225034969744,Urea
Rice,Clay,101.68699724070026,22.87659137502721,62.8066532235436,6.239885503326803,5.646630008375502,DAP
Maize,Sandy,71.98302987890416,5.788959906716325,90.28853648422985,7.109832593951815,3.184511128067957,DAP
Sugarcane,Silty,142.8482705464201,97.1554492036166,43.13784572317534,5.319548914767102,6.55352008565676,NPK
Sugarcane,Loamy,44.43996364295133,46.01178297235981,41.58688173732611,6.38185993047041,4.418586408683956,NPK
Wheat,Silty,84.49215535132159,97.0882133698834,5.337154227153275,8.4203708554371,1.9948892584111362,Potassium
Wheat,Clay,77.52986920158541,18.33073437794348,63.275494844517034,5.281148604064038,7.191514568585449,DAP
Potato,Sandy,108.4013021670142,60.799844048461175,7.828331203677538,7.045780111395029,3.3706336236553076,Potassium
Maize,Clay,19.52143247333887,24.09253311516776,52.89410652419004,6.8023909950671815,5.892014613709259,Urea
Tomato,Silty,37.130478203269675,80.0570420615111,81.40220995806153,6.760206345161613,3.034159123497252,Urea
Groundnut,Silty,40.039074812998976,79.45178393229264,57.24250169936799,6.960493158606468,4.5004987547166,NPK
Sugarcane,Loamy,113.34110567783655,15.697679158734621,30.61543569558422,6.508951894752912,6.713768980712908,DAP
Sugarcane,Sandy,36.47941748574361,91.64612302325698,79.68600003769028,4.5677230010306324,2.0974414249705737,Urea
Wheat,Sandy,90.28884694473673,23.48981648430634,30.62311538784119,8.10038724585247,7.840759766674949,DAP
Cotton,Silty,40.13413487013352,63.23284745098923,74.63801918986037,7.807915309936123,1.4915114600250834,Organic Compost
Wheat,Sandy,130.627493011757,98.63519390833189,62.974553243071966,5.196670723684486,4.738062368183528,NPK
Groundnut,Loamy,141.9059636285494,88.82767080280456,21.149648191060116,6.153092709515477,7.412178635463636,Potassium
Tomato,Clay,82.58901649191367,95.87357321331106,90.98771811019765,7.582195922774272,7.619857194177678,NPK
Tomato,Sandy,59.32324378928496,37.54688326572135,24.06114988093359,8.420249261549138,2.624762740158432,Potassium
Cotton,Silty,42.76808850244988,15.02968601084902,99.01077204336363,8.304548185767146,2.0078948685036604,DAP
Sugarcane,Clay,16.969340213226126,22.89295296249776,5.694496422219373,8.097436798704697,6.0708210022252365,Urea
Wheat,Clay,47.59001066764935,52.54701503227831,30.030920828575788,5.133495589196558,1.2938149779336596,Organic Compost
Potato,Loamy,101.59300919234451,80.3568194359656,23.98672824104889,8.157900424036018,4.3966727832122,Potassium
Tomato,Silty,84.70637038328952,19.264596197468144,6.32937396619395,8.013779651804317,6.574486587552274,DAP
Groundnut,Sandy,142.16577895932983,67.67449556477192,74.57495051399498,6.007799644665559,4.9217830716178375,NPK
Maize,Silty,65.47881674883809,35.73987238375363,70.87545119946165,6.078090378145048,2.316092860418035,Organic Compost
Rice,Clay,107.14086792597523,37.41419687725458,80.2733416137184,6.339635687820643,4.409310096289742,NPK
Rice,Silty,78.505184646517,67.882184365003,29.386361914133698,7.124702523865668,7.448923015142251,NPK
Rice,Sandy,81.76067022938963,49.36494485565592,47.21184087288214,5.543342463932063,5.320490846309937,NPK
Potato,Sandy,47.48840404457645,82.14316283746942,67.61578455404701,4.591793717759779,6.050434392983139,NPK
Sugarcane,Loamy,73.69310875787995,19.81225841796857,46.77800786937364,5.064918098388969,3.3538471576376043,DAP
Wheat,Sandy,75.90989958177902,80.04508562786866,71.24594818020199,6.260463630307095,2.319386426173324,Organic Compost
Cotton,Sandy,108.92995304485075,11.102348565454982,65.227473801842,5.628010277704807,2.789495609297225,DAP
Potato,Silty,141.68959988605593,23.435118623332475,15.891541287106765,7.558066244144527,4.732243156322065,DAP
Potato,Silty,56.1049788475506,67.33422287780071,79.19909650231196,4.926760282197085,2.9615410752749263,NPK
Tomato,Clay,15.908065601381782,86.21793736855176,73.46425411378924,8.169860902219215,4.7937535119827075,Urea
Maize,Loamy,79.48131757008956,29.00456463523816,67.3042668236535,8.081308719775645,5.954543491633238,NPK
Potato,Silty,86.2245865008836,36.08320255374673,19.73389259574522,8.135027267733152,6.14077113319211,Potassium
Groundnut,Sandy,33.58167715846814,56.026471087240296,30.459662635559546,7.458439994413307,2.1527945776276542,Urea
Maize,Clay,116.46504487864934,25.099416616483722,42.35181800082204,4.927999885934398,6.253015941837042,NPK
Groundnut,Silty,147.89007518180884,82.05984485081304,31.593314057362125,6.252550285478267,5.708816977146514,NPK
Sugarcane,Loamy,142.40846038118454,78.49548127554728,26.641977614232488,5.025621487221855,1.0840359335809469,Organic Compost
Wheat,Loamy,37.594845435311306,18.802712636749256,81.50897866536869,8.450796771044331,1.412105225628256,Urea
Rice,Clay,132.55085358610648,49.06382452258005,65.63206340421922,5.832153693594693,5.523746513022663,NPK
Potato,Clay,108.62910909763586,78.60863783218903,58.719852497273784,6.841322167560248,3.6859272969459678,NPK
Wheat,Clay,73.53851893296762,37.046305454824406,26.465507531059117,7.617572216976887,2.022727997029661,Organic Compost
Sugarcane,Clay,85.68553920546206,65.14514815818451,92.21727341552092,8.182464336902582,1.310775914187433,Organic Compost
Cotton,Clay,128.94402449754415,9.77024653846941,23.162388714245044,7.5221909033654395,2.115788384707016,DAP
Cotton,Sandy,77.21889154937224,62.82543225028521,80.52033861834433,7.19801511506495,7.702597750251316,NPK
Sugarcane,Sandy,62.24903167471776,19.502033100057666,96.83390333700284,6.363927128152605,6.092959490996788,DAP
Groundnut,Silty,79.054649023638,83.90541588587287,74.07380927630243,6.921600535002096,4.693937946540057,NPK
Tomato,Loamy,91.07817256490688,38.76769904014545,99.32158364253982,4.876655235411319,7.590783500382143,NPK
Tomato,Sandy,36.47087152896884,31.747616959178593,66.84985611290494,8.03569016784505,5.333773063771227,Urea
Groundnut,Sandy,136.1270822373787,84.88445278759107,25.658732642370023,6.675109235359542,6.0795163179646705,NPK
Cotton,Sandy,104.38617283614593,9.76368219182197,24.362851903068574,4.660540201739771,2.9785627295411046,DAP
Cotton,Silty,98.65764842724845,42.677835936762754,35.83360700427025,8.17960850263959,5.122872905124371,NPK
Potato,Clay,23.92947166528934,40.15033635462798,5.677351920995576,6.457207895347475,2.0043407100848816,Urea
Cotton,Silty,94.58435134416285,32.05603555370733,69.76135465786929,7.974356566244007,3.8313820163844277,NPK
Wheat,Loamy,26.934492713388927,91.61666154014031,30.523439539643622,7.927551816821428,1.2326822749062707,Urea
Cotton,Loamy,21.017674527355865,76.33819738408862,82.44240706781152,7.763006349828459,2.516396613078763,Urea
Maize,Loamy,83.82352538993506,11.072700598234183,39.12140180313352,4.745612077181424,1.5240804059587227,DAP
Potato,Loamy,66.3899747665093,72.89530769632064,50.59586687901471,5.488266581696836,3.7144517365506196,NPK
Rice,Sandy,92.43343782187125,55.09341764723543,96.74044707323507,8.002191489861723,6.901246152469431,NPK
Cotton,Sandy,22.491103528013404,90.58244996815003,28.006351689491325,8.095964224208375,3.6455387444153717,Urea
Groundnut,Silty,70.33762879861618,34.72983364809406,73.51913925582525,6.332275449475224,6.821477381962503,NPK
Rice,Clay,34.47014010632212,59.54538996291038,76.73618998401463,6.2601658706168095,5.595488188052212,Urea
Wheat,Loamy,148.19401202937632,52.57175110039367,25.99482496474534,5.200562535544599,4.566706126415794,NPK
Groundnut,Silty,88.56102974092441,51.508286091622544,52.59469947815858,8.373643154764604,2.6582418528293137,NPK
Rice,Sandy,106.24116053172142,48.3300129541352,38.26918290473199,5.352553901436172,7.455092649909067,NPK
Groundnut,Sandy,55.55855929556509,24.534800175566723,78.33109312300847,5.263747137403062,1.379405661894233,DAP
Wheat,Clay,23.26344806910818,76.79244263677731,64.13591530775855,7.142915880596697,5.822391123891707,Urea
Potato,Clay,146.62192078969514,47.876923110232426,50.21839021175197,5.471377212001791,5.348679249665582,NPK
Maize,Clay,50.07626495364565,96.05904612524755,79.03951017953324,8.255086444057559,4.087290655795687,NPK
Wheat,Silty,69.3331459243004,29.776800583313747,27.339779150799618,4.543627981271179,2.682246687048237,NPK
Wheat,Sandy,100.9809490383605,69.86066476456891,76.59407865551411,4.523013049293205,4.014871557916868,NPK
Groundnut,Sandy,13.457621676055581,94.3681225657153,87.21055964881832,6.519507205742398,7.109409078873945,Urea
Potato,Clay,123.43627827242017,68.0285406865288,88.46905169671939,6.452249839653888,6.857362771784679,NPK
Sugarcane,Loamy,85.12094660400685,87.7709262236525,79.44899133686236,5.153456087603642,7.589668749839205,NPK
Tomato,Clay,48.9504061896351,83.61069117691558,43.76134586483553,6.478078251881138,3.1545524463767363,NPK
Cotton,Silty,18.625117940945692,39.211182971455365,98.27176215819357,6.146644420679946,3.7097291085821102,Urea
Cotton,Clay,32.749778166421805,62.01177429425217,41.06139616313179,8.061318101369475,1.1310830686190432,Urea
Maize,Clay,135.30474023948116,19.844827282078782,65.66941291473043,4.537015680867854,7.600649963040057,DAP
Maize,Silty,106.04339135102474,55.87495885608195,20.302046916599522,8.405079220131809,3.305730642720882,Potassium
Cotton,Clay,44.986241029164574,26.890087322362035,98.14264537045732,6.99757105718337,3.8291467507309527,NPK
Tomato,Sandy,19.184107092304135,75.65499742048233,71.878662577143,5.107373782581103,7.354632280131762,Urea
Cotton,Loamy,106.68614373412909,55.16555007975184,76.57086679840499,4.687040055244665,4.686189011167692,NPK
Sugarcane,Clay,90.13708163548712,44.06659945000774,11.248786824058737,6.6524226342369275,4.963221792288346,Potassium
Tomato,Silty,66.6327334241529,30.535724135862868,77.52469235096382,5.43956066388728,2.233629867056418,Organic Compost
Maize,Loamy,60.90560288660894,99.87635577492225,78.59872577595712,5.704662148005037,4.490620145730581,NPK
Rice,Silty,40.35399863007516,11.812499484068605,68.81840900441183,5.480528659338054,7.4274602063614195,DAP
Groundnut,Loamy,103.74557591525247,9.138264654379903,32.731413310082644,7.100689254290043,4.911026616755482,DAP
Sugarcane,Loamy,145.89352389114188,25.639453046917133,51.52055400528374,6.714115848464534,2.7858145524783064,NPK
Sugarcane,Clay,34.600134417155616,97.25188356964287,15.491265274328065,4.811897694087246,1.21826604894334,Urea
Potato,Sandy,93.59632680217047,98.02762599039852,49.8007713136195,6.606106132700702,3.3541124141784757,NPK
Maize,Clay,69.38590780443667,67.21813480335291,28.16326599703846,7.6647590622532,5.008136398451206,NPK
Maize,Silty,72.53642104425309,88.61013338460845,38.164213716937795,4.824778363281297,1.2982930185958108,Organic Compost
Wheat,Silty,45.58061921789402,25.32636442987556,20.447038798351368,8.05895590492168,5.268548041038094,Potassium
Sugarcane,Loamy,125.51888259259867,97.34399894677924,26.855164935955216,6.8132265977909165,4.66389678982679,NPK
Wheat,Loamy,77.93578458061376,18.56456076325864,12.274020972911043,8.302497877081267,6.484048284165996,DAP
Wheat,Sandy,86.07681930775698,14.606892877257536,92.39062981150752,5.092564870889502,1.2022172059037328,DAP
Groundnut,Clay,52.666527791625604,15.660096228490925,55.38901535766332,8.474259997413261,6.465931413731162,DAP
Wheat,Silty,35.45318519337296,59.44715271089365,42.69048726996027,7.077091463878707,4.646139320306748,Urea
Tomato,Loamy,22.02745434839487,79.19256806821497,55.82777521303447,6.769976797924251,3.59370532945798,Urea
Cotton,Sandy,109.97667972948823,39.833381898090146,64.6878567057475,6.5611184964483416,7.757680834511769,NPK
Rice,Silty,37.47279943629979,97.90011883968202,92.57848537008816,4.594617492393251,2.1208368306523715,Urea
Maize,Loamy,106.61054958643169,46.2699131212413,21.975830467199767,8.258556766198312,4.7892758336377454,Potassium
Tomato,Silty,64.65270244657354,19.292612323455547,33.07748737034567,7.075977891416793,3.246870315147349,DAP
Rice,Sandy,68.2084721385512,49.26684107768299,97.69998695269089,4.8665059379971645,4.692404651567351,NPK
Sugarcane,Sandy,75.68484945298803,69.50853071513178,40.26333373160982,4.5838086811781,4.865928168062885,NPK
Sugarcane,Silty,61.47919113785605,84.06144914791598,7.143356821946125,4.703134556947005,1.6261377389739204,Potassium
Sugarcane,Clay,24.086796811162614,48.58298754587633,19.026131800530088,6.937583053728963,5.627946028428449,Urea
Tomato,Silty,53.34845340039841,61.392648474670914,7.502176666112442,6.95606165957834,5.441370471433083,Potassium
Tomato,Loamy,102.92281049715137,30.39774765509107,99.0426985299692,6.498669167125764,6.3862709224412475,NPK
Maize,Clay,103.20981620564194,66.36207000852383,31.49273065416619,5.727063282611806,1.634609455614197,Organic Compost
Cotton,Loamy,50.07140301359921,98.66733467528265,92.73656190894147,6.626970926458565,3.0808098283258145,NPK
Potato,Silty,74.41436771807632,9.660089395840416,99.609196197173,6.565207283505032,5.5507741980967085,DAP
Wheat,Clay,37.082611921671244,89.22041371699093,61.98491600859585,4.577662239506262,1.9571157814092595,Urea
Sugarcane,Loamy,39.452091414177005,58.41683776291467,8.153649931228367,5.629876921309992,5.743187475519096,Urea
Groundnut,Silty,13.226592376925037,28.949372658418493,12.75120488675806,4.712741365868598,1.413186975742961,Urea
Cotton,Silty,135.54451698708425,95.7145224508795,50.750960235248385,8.100619005790621,3.3445208707173943,NPK
Groundnut,Clay,39.498933110486874,50.9186587905954,43.586341226591166,7.400892651140541,6.926977856327634,Urea
Maize,Silty,41.85474277110487,36.51057390897164,62.586844049267924,8.48446068077165,6.420039032668122,NPK
Maize,Sandy,49.14420057031845,22.24227468572991,46.69054192257958,5.708685053221151,5.513325006589615,DAP
Maize,Loamy,27.837130037360062,28.2229599743829,93.73730068079101,8.013943391027642,7.093208916375708,Urea
Rice,Loamy,99.4968036453908,84.12065895118704,55.80027296428355,6.912217071729927,5.964886809205403,NPK
Groundnut,Silty,20.52001344486212,63.36895088513075,70.90397583893201,6.31250162761442,4.635625736475621,Urea
Cotton,Silty,28.78833968568904,91.75833385139002,90.16610090103717,5.39029244515454,7.858022502700506,Urea
Potato,Sandy,100.26594172261301,27.037002954989653,18.9528282041547,7.453568661144571,5.863992558525236,Potassium
Cotton,Clay,57.55248686740198,16.50816451564564,26.824792141260215,8.1165629956172,5.209570237691022,DAP
Tomato,Silty,109.11269573816647,5.578315442681051,15.195272745031431,5.441233592301483,3.8620939266749525,DAP
Tomato,Silty,88.03946425381989,53.24689357351941,18.265647926841666,5.20156133989445,7.316887490053353,Potassium
Sugarcane,Silty,45.84296422861183,99.83915838628887,53.69547685875215,7.284887660019468,3.0699636692349497,NPK
Potato,Silty,101.11591306850593,71.0217005377707,35.51202960190908,8.407892650902077,1.0645371594763189,Organic Compost
Tomato,Loamy,26.27831524100329,34.297486236688876,45.20141975504171,7.499820404416312,2.37718365702652,Urea
Maize,Silty,85.09745363120426,88.3015653874863,98.33653402043588,5.638322956190596,1.766622443596514,Organic Compost
Cotton,Loamy,71.20073470630484,79.26361526885617,19.88691304061507,6.1798216965911426,3.2329564192115043,Potassium
Groundnut,Silty,47.50230159444171,6.464440777271229,56.377146725817184,6.037270541833487,6.781150742209185,DAP
Maize,Clay,94.56069968353002,82.60174565139714,14.392759730096842,7.908380072188182,5.560707797555052,Potassium
Rice,Sandy,131.98670292763956,33.55004193765711,35.25714976006847,7.585483115488895,2.1828641246359877,Organic Compost
Tomato,Clay,149.84665796683075,19.218979135442105,55.11496274908687,6.855901739046081,6.52175204764637,DAP
Maize,Silty,95.08678762407943,26.501429775022086,94.93001586670708,5.5998364415876125,4.529539062695819,NPK
Maize,Silty,66.65882240608383,49.51508141563821,42.166681021930884,8.251954110888224,4.589002368828078,NPK
Rice,Silty,41.52899403026822,45.36245307146105,11.166136140393633,7.113260899076586,3.534785266866113,Potassium
Wheat,Clay,45.993452515315646,32.44429344055154,41.87533755623011,8.38190658576713,7.052314553754164,NPK
Cotton,Silty,77.12369694096719,21.360740609668106,18.845411708027882,6.8204681321681235,3.2282911269905488,DAP
Groundnut,Clay,61.41887817929929,77.41192501600608,26.849013262687304,7.784771033454456,1.6589783246878205,Organic Compost
Sugarcane,Loamy,137.9340331674922,99.06042945481713,63.71860920067409,7.752421517578107,3.119102957803616,NPK
Wheat,Sandy,61.561365471799334,78.89020013987059,11.405267289349759,5.849315107334368,6.0074748238752,Potassium
Tomato,Sandy,62.282242760360965,33.114011928796415,49.14875684375355,8.356082891828912,5.603073207623302,NPK
Maize,Clay,63.694831740756776,28.25685133415267,62.898850671022615,4.587765870390256,2.316120074875045,Organic Compost
Potato,Loamy,127.12682945147213,25.678258226264134,45.07654727491221,7.574843635069657,1.7824900937345942,Organic Compost
Rice,Clay,101.11036491856626,17.986032076458446,6.817003309254384,8.362228343056175,5.6260603088122245,DAP
Rice,Loamy,95.98363904464497,57.37640222076862,98.62433890577222,5.855632813134891,5.734637849584386,NPK
Potato,Silty,56.780023133740706,62.51303533556769,39.87599789735086,7.092442351163887,3.563047460473995,NPK
Cotton,Loamy,124.50658475654151,72.02275276299804,78.96483275866036,6.748892999376842,6.899609684703558,NPK
Wheat,Loamy,15.37094058979816,69.62027023869845,35.93641675780806,7.546029238706095,7.847436426599418,Urea
Sugarcane,Loamy,131.91160412733583,32.771664571921335,50.12659191437479,7.964711686580209,2.4395165641457677,Organic Compost
Cotton,Sandy,81.78498597115015,36.37954551270042,41.90404604804467,6.912178277198192,5.0394810099421985,NPK
Potato,Loamy,65.75503288087779,69.7438808670221,37.541226803412734,7.763618345525828,1.0374243030275743,Organic Compost
Maize,Silty,79.60341930047599,38.19752587444469,7.075880834738981,5.74914230355702,5.991380772184012,Potassium
Potato,Silty,103.43817427473635,25.199203013834737,39.20198909617783,5.4143482348192675,3.8999747949432244,NPK
Cotton,Silty,11.78715971250563,40.56193460119026,89.50154908795535,6.222670758131361,2.352884588322154,Urea
Groundnut,Loamy,132.01725990415468,30.847994969907877,70.58736716639994,7.2109463983231326,6.265553452350633,NPK
Rice,Clay,72.543533543595,13.389708515764891,18.815171614066784,5.2489877957548945,6.674541582892565,DAP
Rice,Clay,58.01531275801095,83.86319571628209,61.15972543916022,7.221408768607565,1.778165508231561,Organic Compost
Tomato,Silty,29.354379188767993,86.04558196991844,89.76193169514279,6.07637459428827,1.2869703328662379,Urea
Tomato,Sandy,71.5251524101819,25.87627851585355,71.50323389166127,7.682301095570528,3.338549091683821,NPK
Potato,Clay,79.48518797981303,11.153358954894166,19.12501727388619,4.647343268413213,5.381933260327249,DAP
Sugarcane,Loamy,66.51053722908689,75.18860654836206,87.44408718977719,7.171930551317578,6.553936690320431,NPK
Maize,Clay,105.01241313576558,25.095219457024303,33.646681262442215,7.099289346599871,4.822437476413204,NPK
Groundnut,Silty,68.92551402629164,42.376371496501726,48.13723370967247,8.263741904501257,5.065241434148865,NPK
Wheat,Sandy,144.59846089852027,11.09284896255141,54.98356217046891,7.353470214256282,6.599007552270238,DAP
Cotton,Clay,93.89885249530286,26.495610552051343,85.79812741592855,7.685207585693124,4.701903619531316,NPK
Sugarcane,Clay,123.04691099126725,80.3257164413154,93.5027120390278,8.118364063412674,5.278081431584104,NPK
Maize,Silty,25.30982643532704,81.41766245694417,93.31702339010282,7.200207673167951,4.613521379835915,Urea
Tomato,Sandy,65.62078101242679,24.673058364332487,5.755647221461361,5.660614539839898,7.163207633573928,DAP
Potato,Sandy,57.15867820260138,36.9118152851355,92.57940613061844,7.979095198334088,2.648616330095622,NPK
Cotton,Silty,89.72753433912285,17.752649813905638,10.166761770149371,7.490312477903901,2.8479550917835654,DAP
Tomato,Loamy,130.5558928085996,12.046399877067627,30.248497397656358,6.197750416003574,1.8957302312127804,DAP
Potato,Clay,20.967350486680935,99.2563128725989,53.92384619914413,7.342116690599848,6.736267260460952,Urea
Cotton,Loamy,20.16047172625951,67.28142536825973,50.592940455417434,7.970755508724569,3.8824410339365016,Urea
Wheat,Clay,129.04447914206384,56.499168373840284,62.447430419302236,8.402608525565086,3.4352575861687065,NPK
Maize,Clay,39.799012045370034,77.72235753850346,50.547391730015555,8.30940601583622,7.869441019610093,Urea
Cotton,Loamy,103.62545562297392,84.80733017033378,93.76568956583998,5.801311307056566,7.487623565078498,NPK
Groundnut,Silty,86.00293853051272,81.63790296424912,27.852140580385765,6.186774854872727,7.80391377487333,NPK
Sugarcane,Silty,126.60510328421212,6.571247682538278,31.032345933656156,4.938146419909485,1.99609297731085,DAP
Rice,Clay,27.512447377096493,22.746750328097356,92.47010389084033,5.490177148072184,7.238762692037164,Urea
Groundnut,Silty,28.169615201165577,67.21600370119396,12.290253805799342,8.029684833947801,3.3009671957121602,Urea
Groundnut,Clay,87.95457043896306,40.697138041376476,62.90827808095694,5.943399705117436,1.0885973914830376,Organic Compost
Sugarcane,Silty,142.49301147017192,98.33585185080517,69.76491544623302,6.982210634379524,3.739088351881481,NPK
Rice,Clay,68.0996861719056,68.21345530063414,53.02646372582525,7.163862473228133,4.564374471966418,NPK
Groundnut,Silty,55.77189403565729,95.87214632927461,70.95202848819804,7.627317100573248,1.7575429649718375,Organic Compost
Cotton,Sandy,94.93650524770402,24.137415756350414,21.411691371136865,5.231200120982524,4.763743318119794,DAP
Cotton,Loamy,140.26280407630435,87.0759176709272,86.0000621132963,5.7192525384577415,6.73624508923712,NPK
Cotton,Sandy,127.16989659824732,35.52846905244641,18.302440499639133,6.293345365832723,3.6435566558743577,Potassium
Rice,Loamy,149.36770550265078,99.00865678259164,43.077182209996224,5.959364244953094,3.4685136457401153,NPK
Groundnut,Loamy,13.159601648332792,19.980423846948995,12.149472124279551,8.43162093143876,3.371672941614742,Urea
Potato,Clay,25.800140259786712,54.052282789641026,56.79505248765302,7.83976321285485,7.461661121185844,Urea
Rice,Loamy,95.32548687132709,80.32023071452659,68.62585170543572,6.418747018481945,1.3413066915313938,Organic Compost
Cotton,Sandy,124.88070150673896,46.101035657383406,94.4160553340526,8.01707450434587,4.115532993950687,NPK
Sugarcane,Sandy,49.934207922947316,49.46798571782644,75.23693861012008,5.890611790333187,2.852196179048018,NPK
Groundnut,Silty,43.48955232479062,98.7038005730454,56.40477706314435,7.643313295561058,7.256649177712459,NPK
Groundnut,Sandy,120.17661191336812,45.40427427860956,93.5986166311817,5.394702392425815,1.6723658450866274,Organic Compost
Tomato,Silty,17.893459539452422,62.38684955691104,50.45149961388327,7.589288180905464,3.8800993667628756,Urea
Tomato,Loamy,61.71357066156192,10.181267764139317,58.314537044392594,6.325813612782913,3.8477130642176,DAP
Wheat,Sandy,80.81329116292616,85.0099576199747,61.629360128659094,4.929997283968969,7.2187609228291585,NPK
Potato,Loamy,88.44881440904528,66.57596465305663,43.94807395922385,5.59304981822233,2.5084541152867863,NPK
Potato,Sandy,112.00612195098877,43.38190977196729,84.6558556037533,6.1090984960942585,5.514267872111278,NPK
Maize,Sandy,59.67840128029215,6.536106295679376,22.591714190280616,7.4971716466577485,1.9408428882145237,DAP
Potato,Silty,95.77580825444501,61.20853795638287,57.71000808530276,4.791930858923804,7.677829998563799,NPK
Tomato,Loamy,91.9525591907339,6.202493705995408,73.61215933778344,7.138187980370558,5.151104714906001,DAP
Rice,Sandy,86.66625409152459,5.114343321356701,90.87773632827484,7.364054563731374,5.383797112244692,DAP
Potato,Clay,99.6676610399097,63.52936340418869,88.97224766125645,7.115685479703005,4.036413811623305,NPK
Tomato,Loamy,46.322883949530684,22.956621396782655,53.330327495863486,7.542678552670223,3.3959789886642557,DAP
Wheat,Loamy,21.850825501848057,23.229317223219052,66.10033786051746,5.212674464091354,2.4887350064641343,Urea
Groundnut,Loamy,26.69803408556408,67.06079875411065,42.4525849322836,6.848413420252149,5.227914276825812,Urea
Potato,Silty,41.441533571546145,10.101232854240557,49.47688747361903,8.264579788815519,7.681932217437666,DAP
Wheat,Clay,80.02771097318994,34.77352834008285,91.09525029443971,6.94313707921815,3.518536678646821,NPK
Groundnut,Loamy,127.66198507644282,19.19603070349181,93.41687935328503,6.9453453878118125,7.18209822063438,DAP
Sugarcane,Sandy,108.18106789237378,60.11675513067072,90.06433551636687,7.445758568453076,2.0414341899307478,Organic Compost
Sugarcane,Sandy,120.46568458828659,67.86768969910261,18.145231872295632,5.832816928503436,7.552882146172605,Potassium
Groundnut,Silty,59.13658734965279,73.50790609190913,85.75798202641045,7.301903605286162,3.453403987286536,NPK
Potato,Sandy,66.65152383079703,29.246965607263714,95.09455444704062,8.16493533325286,3.65809048115342,NPK
Maize,Loamy,65.11546403868579,13.478726405475479,39.318720984492444,4.543581892101372,4.239895799240298,DAP
Tomato,Sandy,36.862245816630214,12.474947409480293,54.27139749505858,7.980452164435461,6.0277098896335515,Urea
Rice,Loamy,18.570332140100085,45.48439710281876,79.01404930223461,5.374473325035437,6.037574035823247,Urea
Rice,Sandy,92.72825299581174,94.85521886095793,58.39742306873663,6.3236930948015,4.357120093037657,NPK
Cotton,Clay,148.49033567888205,25.684258253467338,99.3809345620937,7.909391203810552,4.662070295197552,NPK
Groundnut,Silty,33.3561586930368,29.390452127447187,48.2927696898987,7.795648509826516,1.2100734144189882,Urea
Rice,Silty,16.535874785898326,14.584436200056599,72.82455756470087,8.067709912504224,3.1300769109082798,Urea
Potato,Clay,119.13443545535061,62.529176019923376,80.2961583186717,8.261667170530105,3.422119519614266,NPK
Maize,Clay,45.36204093586139,69.58792302498162,51.93953949705175,6.288627827087034,4.911090881080316,NPK
Groundnut,Silty,126.15013274940998,66.07846477527221,86.4134615425807,7.125455243204028,4.908098371599131,NPK
Maize,Clay,108.55113338483216,86.80737308925421,56.884686164683664,6.061913762104426,5.969298584095112,NPK
Potato,Loamy,142.39429518711265,51.21045432747682,44.106825696154985,5.902866869968664,6.019191073526566,NPK
Rice,Sandy,67.24981300593407,17.773418872871122,15.243249015934968,6.2263816423906775,2.646475069484581,DAP
Rice,Silty,102.67577752308878,32.4934874169192,42.3742897532903,7.472304539130704,6.391310057733773,NPK
Cotton,Clay,75.07966931385789,67.93084747502843,74.723963199662,6.505762988566211,1.1372249763239743,Organic Compost
Rice,Loamy,98.2824176231961,63.24658750544819,92.52220910961019,7.756238697793368,6.013133192247043,NPK
Groundnut,Silty,72.94384684108323,55.445297325581436,28.909543366729476,7.480873908784623,1.7144277246359616,Organic Compost
Potato,Clay,36.408514499370476,69.88161977542528,38.747374146397746,4.581913844497597,6.107537458948533,Urea
Sugarcane,Silty,81.10563824047333,65.55213078546345,19.62629443992049,7.020952628424647,4.68982663397883,Potassium
Potato,Clay,84.00178820124192,88.72586449917041,70.61867495175204,6.246284493234365,4.0607815047816445,NPK
Groundnut,Silty,123.48453875642255,60.671555860438176,96.2179008509429,6.326515956604567,5.8346647283300035,NPK
Groundnut,Loamy,112.97289881110137,78.96712907655287,65.89046088557667,7.773492215479578,1.2545958362306289,Organic Compost
Cotton,Loamy,102.93082735180218,28.627179816814447,63.6222703505915,6.690431944338707,2.5642922797290484,NPK
Cotton,Sandy,25.874193377360157,69.42734553596146,57.581543397541225,8.042487293835789,5.3150809972735775,Urea
Rice,Silty,110.88628069292011,90.7084412463542,13.40329536512597,7.351222369566761,6.9305078464157255,Potassium
Wheat,Sandy,80.04272188963206,41.64457115048416,74.30286351079144,6.711360035056211,3.6677534586158185,NPK
Potato,Silty,135.17393505486228,79.01489779717143,62.194706637188325,7.518151904604415,2.8113303084348997,NPK
Potato,Clay,138.78193077827598,73.85498361356636,67.84029304134727,4.653396203701629,4.63115505052296,NPK
Wheat,Clay,17.721922684249964,10.654988702823136,90.38705383760505,4.608334619312831,5.356206766707889,Urea
Cotton,Sandy,124.88981844962703,60.24328941428687,79.4762747707967,4.833397307683408,3.940721219840225,NPK
Rice,Silty,15.277634659173886,17.367988174076224,79.18694895467998,6.250261300588571,7.136974778618285,Urea
Wheat,Sandy,61.40374759730317,96.89532136190616,93.08245804353803,5.441800582507772,4.664070962020094,NPK
Rice,Loamy,85.92199658695108,82.08371275656233,99.04382038898495,8.437045177663139,1.250765112994095,Organic Compost
Rice,Sandy,30.73411180779784,15.42376111847641,60.22185953630066,6.669160556045467,2.561377682943333,Urea
Rice,Sandy,114.48393375967075,16.56643977652945,15.343753522960746,7.1496629843246335,4.154529216424702,DAP
Tomato,Clay,11.1696585840994,61.4750162166988,48.617341238666455,5.615280544986787,5.884078633118533,Urea
Groundnut,Sandy,33.60386678076516,37.76447154645241,79.82210891385621,5.787187634350435,2.538265706548122,Urea
Rice,Silty,91.3115561794866,8.316056611945381,7.633905852375673,5.841847656564624,7.8338020780219475,DAP
Tomato,Clay,110.01425868522094,56.455943244140045,10.404306643834161,7.294942820601202,3.229907807316584,Potassium
Cotton,Sandy,138.33003437714825,41.845284470155455,11.379989326368026,6.3948248307572335,4.727361448024119,Potassium
Wheat,Loamy,108.76953127084734,14.602266775315552,74.44839704118952,6.570734610120297,1.1327646931172883,DAP
Groundnut,Sandy,104.04909783568124,81.18243726431835,52.610829713501346,6.868011928637381,7.194235050015631,NPK
Sugarcane,Sandy,65.207760489093,91.93229270148657,40.04530463445639,7.575246624952868,6.521842574676284,NPK
Wheat,Sandy,10.179819573752198,76.87642373134236,15.033619299864919,4.861478994049913,2.3682060300691488,Urea
Groundnut,Clay,26.82229622298707,83.13011945154635,74.56282376955947,7.607495648875286,7.5326568386789,Urea
Sugarcane,Silty,84.83763626584548,25.56660389028115,35.49688200233547,6.75294027550072,3.2108783465818327,NPK
Wheat,Loamy,104.51818401821876,30.039430337267095,30.20578665614338,7.176381779421028,5.845304018660819,NPK
Groundnut,Sandy,68.44275974550476,24.810116328422836,66.97032414758735,5.810207059363048,6.732834226116199,DAP
Wheat,Silty,112.29506161397462,77.68102597972857,58.106034796699966,6.137547347265796,6.186401228660266,NPK
Wheat,Silty,83.06072134650503,95.05212249877722,39.429010972263654,5.4246632786156805,7.423079488208888,NPK
Sugarcane,Clay,20.38466738320371,73.09953463972074,65.94130972653087,8.417199989669621,7.049923322384959,Urea
Wheat,Loamy,36.882275135512835,88.73934266355782,30.766044436491228,6.488011890041267,7.962280598641271,Urea
Wheat,Clay,127.59975125415201,65.6764140139014,80.50887485241104,8.484307663186392,2.278279888033019,Organic Compost
Sugarcane,Silty,111.48778452742152,41.82769055308591,26.785300279227123,6.459143912245065,3.1333326085869,NPK
Cotton,Silty,135.26667818174928,45.447353418378995,20.089581061291486,5.379005057536269,5.45358107202141,Potassium
Rice,Silty,26.45801487693112,12.15553605590346,79.33174390239311,6.529809586947427,6.131330301241086,Urea
Potato,Clay,148.63115484611035,7.988433548372478,72.24974291630365,4.658382287196311,4.742235381889964,DAP
Maize,Loamy,39.31693995299071,71.07018239796236,22.35070269167085,8.119079205687806,1.5174985542063044,Urea
Tomato,Sandy,11.649182680129881,46.65074474106216,16.043346505544108,7.7742010047777645,6.891166587602674,Urea
Maize,Clay,149.63921146749757,57.4604314651898,84.64791340623574,7.403282082777139,7.726120492148905,NPK
Maize,Silty,49.35034396231584,57.977818524129546,78.77685580868537,6.93930686176984,3.838617906784763,NPK
Groundnut,Clay,103.52272335175839,31.350702266663635,36.08945050146811,6.819336934681452,2.573687371891922,NPK
Rice,Silty,34.73552398468273,50.20978852880162,67.52875378026984,8.48691285631785,1.1351962847346129,Urea
Groundnut,Sandy,91.23199450787985,49.722221058431714,16.795217722042025,5.611989736079751,2.661093252655097,Potassium
Rice,Sandy,136.5648981036383,41.900586016646415,53.169527609529425,7.618737461462311,5.899431423868956,NPK
Sugarcane,Loamy,54.8253634399814,82.9641614231017,6.779377745739888,6.825619080854629,7.381125713709113,Potassium
Sugarcane,Silty,103.83555664621029,47.86058035032161,42.20217868754777,8.40352217503554,1.6545914650223608,Organic Compost
Potato,Loamy,36.30650243177831,62.34622982806884,12.110068039783483,7.81121273319301,4.872814310133509,Urea
Rice,Loamy,97.47135582062154,90.07441143617848,50.13898211490384,8.49410045195837,5.868718739582826,NPK
Wheat,Sandy,57.10304925445142,87.29219417159763,45.05975645102496,6.853299977849785,2.93466574774388,NPK
Cotton,Clay,39.56915620231324,89.59010935902069,47.21657753061532,5.31817583017974,4.989279274192114,Urea
Potato,Clay,53.84548709850892,30.650474664176325,9.306473694559436,6.514748142778935,6.00673898204041,Potassium
Potato,Loamy,35.03774959109191,8.323336389265968,39.353552421774076,7.344444536202298,6.864034701947638,Urea
Wheat,Sandy,136.2682550973036,29.801345990056276,76.86596566449207,7.597441544726353,4.167498955739866,NPK
Cotton,Silty,65.60616408439805,31.47719783396732,40.04686546859391,4.502039956063774,6.235000532432724,NPK
Groundnut,Clay,44.33910269641143,91.38923103887197,72.94133549791016,6.520108354009176,3.112480802178948,NPK
Cotton,Loamy,72.77709774223061,66.67805961960721,40.10047874520466,5.440938319882586,2.4913272274051104,Organic Compost
Groundnut,Clay,54.87506335290938,12.761876162211731,45.20774694156771,7.999647333019153,2.311196222634672,DAP
Sugarcane,Clay,114.21869553386564,17.860966621054608,58.56975071878028,5.111621776200915,3.5121091227800836,DAP
Maize,Silty,145.97078766396922,19.789231926487666,95.31478399667283,7.165824998299334,1.2511577725219434,DAP
Sugarcane,Sandy,71.32471193767056,64.8900660760477,15.341742431432241,5.5642487612997,2.980942863656748,Potassium
Sugarcane,Silty,130.54467599611365,74.8643324231653,8.126808022811499,5.9261685728570885,5.565559771102597,Potassium
Maize,Sandy,89.22083029834673,86.66617150371263,62.75593246195429,8.26223704302738,5.535433330120957,NPK
Cotton,Clay,32.012993113192685,94.3604723265931,95.1642234482005,5.461792501632318,1.5148766454404385,Urea
Potato,Loamy,106.68718389138782,24.161932951711968,99.02369759269791,4.880011047291722,3.011909319564341,DAP
Cotton,Silty,81.88082959761482,34.42838604878466,50.99560350224017,4.777139605776903,4.986903652745452,NPK
Groundnut,Sandy,101.08491325529448,27.830673670758912,49.46775400308435,6.518460440397849,3.22986496252172,NPK
Wheat,Clay,134.5562377600331,39.082348909283084,66.27155822079364,7.066845929137152,3.9259161693221145,NPK
Groundnut,Sandy,71.66083989184645,91.89318520525619,57.78530193447213,5.809174574283549,5.989675299810348,NPK
Wheat,Sandy,136.16486725042978,59.635693859239346,65.23836547334122,7.261038967172324,1.0648678061964103,Organic Compost
Sugarcane,Sandy,115.09366199943169,75.12823024582741,88.02994542609996,4.744134874292952,2.934754808619014,NPK
Maize,Clay,78.40468962291787,51.56132743204429,75.89908610132288,7.929338579691507,1.9966057064951168,Organic Compost
Sugarcane,Loamy,94.45109899211491,7.7415017669318305,52.203352210245576,7.766268838956951,1.8932642793514423,DAP
Rice,Loamy,55.5813585526616,11.098571169792361,48.87712360501611,8.441985085568342,7.7132815151307295,DAP
Cotton,Loamy,147.7036219634284,56.102687970449146,65.76216610874602,8.246019923607381,3.635922320936924,NPK
Wheat,Sandy,103.42916282705544,73.28495830790244,48.29209701992826,5.924788655675712,4.689620094367479,NPK
Groundnut,Clay,16.138559349528187,25.456400115229492,48.48903837023578,6.097101536062309,6.136753209487428,Urea
Maize,Sandy,55.727066804721225,73.58140952926888,6.549060669717957,7.483859389913038,1.3321323240203513,Potassium
Wheat,Loamy,97.26402072626804,82.01324848093368,21.536093053694298,5.036331087819933,2.6871584699038884,Potassium
Groundnut,Loamy,17.88665889189357,44.13026044440056,51.40879579959654,5.756058840979339,6.825034511405987,Urea
Cotton,Clay,13.343786784679988,75.90982712018997,83.15207860978506,4.974163747902593,7.033934292245167,Urea
Sugarcane,Sandy,73.00339353389236,43.38284528120369,31.479065639076794,6.319545796291326,3.610656444485614,NPK
Cotton,Silty,56.576625156973805,69.4433097982269,54.65112614745916,6.708017119541271,3.6240311975623776,NPK
Tomato,Silty,71.36180512464323,77.5797196853566,37.771398052127054,5.344641879851009,6.298278139762173,NPK
Rice,Loamy,46.777063383200726,99.23302873927052,14.956379006260958,4.60652674765642,3.065491587249084,Potassium
Tomato,Clay,33.06048457201733,37.81268289604163,96.03835589177356,7.377423327002092,1.8196585679799866,Urea
Maize,Sandy,106.48006997724728,44.04887415458809,86.19401767377866,4.580020657704674,2.802748151684084,NPK
Wheat,Sandy,82.03995627749207,20.733905643966274,12.456780324356108,8.393610435713425,3.7114131214504242,DAP
Maize,Loamy,38.02158957491136,24.386940548171655,73.37978993448704,5.386429026969582,1.3654329671656877,Urea
Sugarcane,Loamy,54.742519676399766,70.87252524684588,38.02009091396252,7.155600368465164,4.350761779401223,NPK
Groundnut,Sandy,92.85310707286563,92.11933106467522,99.5107316708703,6.239006904959957,6.180052589409449,NPK
Cotton,Sandy,20.1121087581469,42.48747040781785,33.727859383752886,4.738695441348429,4.596216011363231,Urea
Tomato,Loamy,30.643421297265135,22.085222449376417,27.680152309446992,6.388734426537869,1.5032673836015489,Urea
Potato,Sandy,20.254384575034617,32.084452441384435,58.949602089013496,6.5670425371871985,4.08104741942171,Urea
Tomato,Silty,123.72442657997664,48.229911956773165,84.33698551760439,7.918732832371473,5.962332256299829,NPK
Sugarcane,Loamy,115.3372926496813,32.611781289709995,23.28929282288081,7.429396278591591,1.4066765779313295,Potassium
Tomato,Sandy,115.463810463096,27.190012896577294,72.39326312333647,4.8172098990135455,1.4189303280882197,Organic Compost
Sugarcane,Loamy,110.28554808664393,74.91852643192256,10.83362539840656,5.33665073372906,3.594209822266879,Potassium
Potato,Clay,103.71395931378169,5.745267517859204,92.29880059549724,5.747550736859791,2.3647477488659634,DAP
Maize,Loamy,76.7788681529445,56.2269000969659,12.702117033993385,4.965630745859277,7.543465539158943,Potassium
Cotton,Loamy,99.91894289099609,80.40784666782662,91.85198075269544,6.327596283657963,5.069405226178202,NPK
Wheat,Clay,15.37061767031645,30.29168720015948,51.62668869800677,8.437236763450143,3.0112777958412735,Urea
Groundnut,Silty,97.00501917194984,62.31269350814165,47.56865571561239,6.558451164951046,5.933437103804656,NPK
Wheat,Sandy,118.9028787751628,68.54551003376869,97.46417255253577,7.467528673292677,3.624503359515302,NPK
Maize,Clay,80.05017045381463,67.22734615848356,99.08649688133082,7.231751190797384,1.9248095106530703,Organic Compost
Groundnut,Loamy,60.05186597981317,47.355715248878184,66.76692196629614,7.899645740368552,2.660625608905063,NPK
Tomato,Sandy,48.83974287213708,37.924908848199024,17.076332726419608,5.362893961862438,5.499230991215629,Potassium
Potato,Clay,99.99228702269154,84.41278693764228,53.08615813724424,7.515305046772113,1.3631327419789416,Organic Compost
Potato,Sandy,106.99216780818722,77.0523659149871,55.27049459078793,8.025420961222999,2.908823280336446,NPK
Rice,Sandy,131.93546398075597,35.51924147432169,53.87241067285442,5.186039291920971,2.458180343495222,Organic Compost
Maize,Clay,57.9267715445387,14.786823472009578,59.10172465940092,5.8872088791520145,2.4079457747357242,DAP
Maize,Sandy,117.76812303398198,11.821716817319572,6.778847810467114,8.380407057326245,5.779336883831798,DAP
Cotton,Silty,88.58981538650731,13.956217900398924,72.56659173969773,7.62315138391917,6.780718417280552,DAP
Wheat,Clay,133.59710869493108,60.37258931324406,72.67745868553386,5.6303633301501295,6.011066256449811,NPK
Maize,Silty,83.8936951613869,9.90790670375402,15.969628641899353,6.755767078577948,5.520094710603585,DAP
Maize,Loamy,82.46817597571541,37.00805312158365,59.17274703235107,6.117304491397915,7.415162402725048,NPK
Tomato,Sandy,90.90279140172727,76.55397168185179,58.99431233139859,6.45986070530852,1.4087466629700778,Organic Compost
Tomato,Loamy,114.90414971994082,32.96307581896092,69.83278991808801,5.920664765562834,2.1723816018336852,Organic Compost
Groundnut,Loamy,145.05666703598453,77.51426733211234,13.112780752832704,5.617324074121362,3.900847989693725,Potassium
Sugarcane,Sandy,20.29886959020719,75.81936862967025,64.51781419027915,7.199052165565675,3.607161504527074,Urea
Sugarcane,Clay,17.4808443347424,28.35357760015555,31.67143532090241,7.61416726034447,3.9263612207411573,Urea
Rice,Sandy,141.2570472370274,74.23810710881082,53.165284097136336,7.995828490989379,2.445184335298942,Organic Compost
Sugarcane,Loamy,84.18258757254885,76.03878063584956,78.4657375068873,5.121319869272752,2.0465232090615983,Organic Compost
Cotton,Loamy,96.08642203937106,42.75812293836755,72.03636395448626,7.7914220945809625,4.564352732205496,NPK
Rice,Clay,77.53930422326204,24.98994595544423,16.29578667940937,5.519203297908254,7.496367668481556,DAP
Groundnut,Sandy,23.11204336504643,54.52072665472757,61.16255477602696,6.2093455596402025,3.743786236449419,Urea
Tomato,Loamy,117.53251297861331,92.53277086001866,97.06607043937016,8.105774743396987,1.3034724988366966,Organic Compost
Sugarcane,Silty,114.61145031240217,65.76358958104589,19.893096546825213,6.318014403930408,5.943171400226672,Potassium
Wheat,Loamy,53.63846500899368,21.427637274589813,86.02617333391441,5.288254136177265,3.0377343386902247,DAP
Tomato,Loamy,52.873494331976055,69.86190784968439,71.74206765260881,5.139474620948471,2.715665051134245,NPK
Potato,Clay,127.29779332677259,45.584287591774284,78.53031472642716,6.391935066608536,3.2698060048857345,NPK
Cotton,Silty,20.130016083785726,61.19523574876044,31.786041078551317,7.550689695906216,6.066708667355134,Urea
Tomato,Loamy,133.3547207699192,74.73608332719525,32.34944829108503,8.488820575897204,6.7317357080921285,NPK
Cotton,Loamy,45.93263658542802,53.919998393872255,91.07184829876637,7.6496345137236075,5.1163924713727456,NPK
Cotton,Silty,93.01786468576915,82.32847758446432,39.18404304879307,8.008047835771414,3.2573512760368613,NPK
Cotton,Sandy,141.03918506024888,73.60478003507964,10.986462115816995,7.491329443739552,3.1733476318209473,Potassium
Groundnut,Sandy,104.9371502151305,63.43196730175851,62.05668684004775,8.081740403024424,1.8701584493382413,Organic Compost
Cotton,Loamy,68.02017374538512,19.32531750407339,16.857678558975053,4.8051741732556525,7.533107337646362,DAP
Cotton,Loamy,106.53478924675812,84.41516553659899,80.67664293375128,8.219726395926582,5.466975792781737,NPK
Potato,Sandy,58.157149084291824,93.91103060538252,65.96591203760045,6.085624614902624,1.1888223389910482,Organic Compost
Wheat,Clay,48.81617828888606,18.011686761883006,88.09901799601478,8.186456893121779,5.636569666306765,DAP
Rice,Silty,149.53565891085515,51.3829072961759,79.55953872935035,4.802931349837902,4.130073969354555,NPK
Maize,Silty,115.11063236517028,29.594430487197926,15.650796592128634,7.360971828484543,7.807905741328436,Potassium
Potato,Clay,100.26079683345446,76.67971420542864,41.20171426127012,7.4427549946808185,6.733481773644849,NPK
Rice,Clay,59.74055005070463,73.5548154204465,78.58322374188579,8.487643557191092,2.199210276829587,Organic Compost
Cotton,Clay,16.88251608170674,18.384086454187877,44.64743996030095,7.575421082759255,6.040777832124065,Urea
Wheat,Clay,14.347962644921786,88.31759076985553,97.37472105409793,6.030294823262427,4.398962026846844,Urea
Tomato,Clay,87.58537576283183,22.192441077910217,74.89534273987768,6.728994206474182,2.3093161456894973,DAP
Wheat,Clay,116.68458094546715,80.73960743657021,6.472492085580497,5.966203752666361,5.891179351309644,Potassium
Potato,Silty,85.23308666213971,48.41313416466046,88.59864069827945,5.284074581219432,4.831713050859717,NPK
Cotton,Clay,127.70991007147603,36.18586788802437,14.576454562512971,5.494009310009094,1.2126171514009934,Potassium
Wheat,Sandy,14.679714633051029,20.032729954050282,18.349753797108157,5.388042137097283,5.5261156537017815,Urea
Sugarcane,Clay,61.34529069963161,20.923354333929794,74.77677805804984,6.695261320652852,5.444909629037085,DAP
Wheat,Clay,43.189854764384926,67.87960269658552,87.17201314589562,8.124642538127574,2.0085961273602386,Organic Compost
Cotton,Silty,72.61821554199707,57.29088685497645,55.95321465045782,8.15090650435359,3.4429140889768504,NPK
Groundnut,Silty,20.132695047177148,16.59811505686711,32.45972462984902,4.719055110103302,5.1012927952572795,Urea
Sugarcane,Clay,143.57842981995014,15.706296741640893,38.37497679905168,4.8195976038075745,1.9714810987471092,DAP
Wheat,Silty,41.25575614971053,11.869504603415189,37.57448631162532,5.4804762286893745,6.969063644843295,DAP
Maize,Loamy,139.12308856770187,75.6578980004867,36.03441986190366,5.5202378098779,1.1924023240139265,Organic Compost
Maize,Silty,69.62504170513546,72.62879809678248,28.07641882305673,4.8795567009570044,1.7198619047854846,Organic Compost
Wheat,Silty,147.97337865573053,10.55094413118464,62.84237398977714,6.053853364693762,1.8127484389841886,DAP
Groundnut,Silty,87.56817368442951,58.22565718171243,90.53850526368139,6.850901570765149,4.6967498818253866,NPK
Tomato,Silty,140.31660098461305,13.04423474805554,34.17282924291741,6.812648802397854,5.340798085180377,DAP
Cotton,Sandy,10.748858417191197,90.85584820784946,22.73595825883415,6.673718725034371,3.8261855755104057,Urea
Maize,Sandy,114.75343286532602,91.17615482211258,84.66487830528536,5.854687699549989,3.0206677936771635,NPK
Tomato,Sandy,136.42709143435218,71.33213403224735,75.4694164345218,7.325822741266323,6.665221629378902,NPK
Wheat,Clay,29.56087937705357,92.98794753674775,93.4295179981915,7.8059357639242855,1.4780018860849409,Urea
Potato,Clay,23.45761924250121,82.08803788930061,20.724374882466414,5.885097065909633,2.9620430279295418,Urea
Tomato,Loamy,69.44016500603378,83.71116471306969,18.703874841076196,4.8421414371978475,1.2738090516277953,Potassium
Sugarcane,Sandy,140.71504685861092,59.12224580414366,56.43579245897469,5.685321004367426,1.0972309447638762,Organic Compost
Rice,Clay,85.93411842666143,34.07562383053671,63.37119720933405,5.049474618299611,3.4736592085254085,NPK
Maize,Silty,83.84390492104251,25.69091593606005,50.616476976661005,6.369434908908723,2.3637656371145237,Organic Compost
Wheat,Silty,29.757656561905062,36.084002093698274,61.90183045076817,5.123740605264313,2.878560983867724,Urea
Potato,Sandy,10.110531553050631,64.7070658584609,22.13607804313178,6.351379030631909,6.746630102184777,Urea
Cotton,Loamy,123.41961270436457,21.402370904077898,50.56330664558792,5.3840115692985915,2.14086067374455,DAP
Potato,Loamy,22.260438818073354,29.57082248054555,67.51879328926844,7.454924421849611,6.461633570062606,Urea
Groundnut,Silty,98.73897462294536,49.46578196556912,46.107112678626855,4.610272963343382,5.725354362024545,NPK
Sugarcane,Loamy,138.0463036321268,27.13975935983848,69.5474969025768,6.718985215327702,3.285118675985829,NPK
Wheat,Sandy,39.21126784218034,60.92114862302586,47.86317165261476,5.177953099680227,4.825893016234015,Urea
Cotton,Silty,103.13819707316752,92.70172270335134,36.69196018001634,4.503967457878508,4.111049268421771,NPK
Groundnut,Clay,21.017800739051324,76.06848974179701,33.84247947327377,7.976800352259229,1.8987672084836575,Urea
Groundnut,Clay,94.52572013726582,68.31052834414675,44.03569560391586,7.18611115125627,7.35029725213923,NPK
Wheat,Loamy,32.950440933448384,60.358540218458984,7.193514154809079,4.895771288202093,4.987325773100321,Urea
Sugarcane,Silty,113.03349847212492,51.35505137942116,68.5098881523808,7.156289470735422,7.161680320568184,NPK
Tomato,Silty,52.172381271147145,22.723566665292672,85.28503589312487,6.946589330950394,6.766785582693032,DAP
Tomato,Clay,74.87474123265048,89.99749326555222,38.68957397209626,6.393426748172813,1.5584314771659626,Organic Compost
Groundnut,Silty,93.92027588386703,28.61092019121945,9.373147933463262,6.177032393702456,2.4508946621291674,Potassium
Tomato,Silty,33.97827749327354,13.674343369925271,98.74368175162797,8.04827905166294,2.0168278006238154,Urea
Rice,Silty,113.82929460646693,76.25144202672604,30.05133426785136,5.480592079589805,6.815456729508432,NPK
Groundnut,Loamy,52.369647689154036,21.68347576146081,17.029006560623436,6.093240228053533,7.037126385186416,DAP
Groundnut,Silty,102.7320603877855,40.33011995641172,40.12648825743766,5.816461651579309,4.695800568658561,NPK
Cotton,Sandy,32.159627097912306,7.687068187643074,75.16291886018789,7.584804116146534,1.7292465075560486,Urea
Tomato,Loamy,106.33647228888904,18.021454541342568,32.92207670460374,8.165861224930158,1.9493163298011136,DAP
Sugarcane,Silty,27.946330193464643,21.45434492219165,59.59680437235134,7.899126794960922,6.694841687067871,Urea
Groundnut,Silty,69.54990947779771,10.168962136266906,44.47819947152851,7.690815721199074,7.504330955705312,DAP
Potato,Sandy,44.60885032344275,67.3824108791703,16.187579266278757,8.447159782280332,2.396329795774597,Potassium
Sugarcane,Loamy,114.77253491994556,84.51574060129614,36.377266186750475,7.28857820164154,1.0779630353052114,Organic Compost
Rice,Clay,46.68490063096244,40.46496360476439,73.86269804283633,7.504215164854135,3.3166703360554455,NPK
Cotton,Clay,133.44042289535548,88.08476528822906,63.140370246487336,8.431210158820075,1.2134957275351694,Organic Compost
Wheat,Loamy,134.8548295969258,25.267924583212018,16.378946088938292,4.527963141596697,6.795824412546266,Potassium
Sugarcane,Silty,37.50178413119002,35.91209023831775,20.515628922859314,7.0361935057454605,4.4405858005837615,Urea
Groundnut,Silty,95.93843230108139,19.320014337961,65.86966913420733,7.455886127813159,5.493025451341139,DAP
Rice,Clay,22.280469840795007,63.95312356480487,82.27446436048254,8.17130821502878,3.880394132955795,Urea
Maize,Clay,64.81519394422808,44.88761113267915,38.20007711602608,8.035377216737372,3.418552829087373,NPK
Rice,Clay,109.86504213017811,63.26191794998037,61.55452142512777,7.867842724935177,2.555402891532594,NPK
Rice,Sandy,102.31925455898828,77.35911601244744,21.21114093145,8.283165087766815,6.39372782926702,Potassium
Cotton,Clay,97.45809371692512,56.841786523130104,34.58075200600577,6.64951675165483,5.868833090908705,NPK
Wheat,Sandy,49.5557209127421,64.62488371566985,6.925669538939997,4.527680382339307,3.525102891472603,Potassium
Maize,Loamy,62.92349292081628,93.84877986746163,77.98621504095465,4.544217594788038,3.247812940094281,NPK
Tomato,Silty,24.412460258040063,33.41110941284009,43.095932878431846,6.678556222471432,1.008700150540753,Urea
Tomato,Clay,110.66319486070414,39.120574170225545,82.53192949712562,6.241088955455766,1.444864910318307,Organic Compost
Sugarcane,Silty,80.5444315507783,73.181819362387,72.295434622159,6.3049802134617945,5.362788674248444,NPK
Rice,Silty,109.22718852839165,63.07402412026174,83.73070524420531,6.101618948840148,4.602251171648232,NPK
Potato,Clay,44.852093471562185,21.960625931272908,32.13757361037386,8.170903236364943,4.043622431395158,DAP
Cotton,Clay,55.42135200890927,40.73399445099657,22.5853293906453,5.93668140467916,6.792515685611609,Potassium
Potato,Loamy,56.79014721641605,49.44461124684792,97.3310398519087,7.924907767052333,4.527287430819927,NPK
Cotton,Sandy,13.603937364610267,44.84203460699699,73.1461397688826,8.111459175166564,3.6914550698512394,Urea
Tomato,Sandy,57.746702196287295,21.936106790593875,84.23401545303368,6.498007079995819,2.1287944326748947,DAP
Sugarcane,Silty,122.4626402925247,92.82085871950491,6.247670502443704,6.287752149460353,6.744816057502335,Potassium
Sugarcane,Clay,135.6217894049634,77.4202823609277,38.673853928109224,7.544082416861787,5.0337377508483145,NPK
Sugarcane,Loamy,82.55056418902984,50.72880405024596,75.56758560484651,7.331886030559529,1.6472197614593012,Organic Compost
Maize,Loamy,73.77023733069083,69.60579768914947,12.408369134048415,5.814140466384824,5.5422887859795305,Potassium
Wheat,Loamy,14.315446617911835,90.24185385287457,58.897293309048884,4.910192503698586,3.9754952184188697,Urea
Maize,Loamy,133.08860726195357,17.936543524349265,45.761912908225305,5.559409600729921,6.679703565115971,DAP
Groundnut,Loamy,11.82142987962218,28.78543981716288,6.673568178405193,5.024114023249195,7.432402178971973,Urea
Groundnut,Sandy,142.26501122942966,56.55661848938128,27.417679826347882,5.678929103106766,5.203260692233722,NPK
Potato,Sandy,78.49027481633269,80.90598527847408,32.05523896133785,5.547286262323196,6.121289735193565,NPK
Wheat,Sandy,57.87082910046173,8.444215066945102,15.626694902900633,7.050845695546855,1.39613593321516,DAP
Tomato,Clay,139.3905808779724,98.48172426865425,64.99600642555274,8.317984113819119,4.921788185008101,NPK
Wheat,Silty,13.414739035413543,48.21612727382773,28.027798243929457,7.242974929321934,6.287379848488318,Urea
Cotton,Loamy,91.3994852816722,39.126958359063686,31.373852463841896,8.206597632258278,4.477335046346726,NPK
Groundnut,Clay,86.85055342990727,32.80882159477832,90.332666829014,7.6365290344337735,5.154850626530361,NPK
Rice,Loamy,40.70485616959349,21.563887226832804,49.37669380584825,7.4115104882846925,7.29263729906731,DAP
Rice,Sandy,70.04424038902948,80.19952134835265,42.252173962080875,6.156247760853366,2.386697004218396,Organic Compost
Tomato,Clay,101.31696083212783,95.76434565087916,73.76774863989813,5.799178011453474,1.6877255528633832,Organic Compost
Cotton,Sandy,111.79836756346985,44.29625171031283,91.41331070387665,7.885109489891677,5.834505291976507,NPK
Potato,Loamy,10.10036021892117,95.47996600157835,7.378451942557165,8.12157293171602,6.759942338657108,Urea
Maize,Loamy,141.15948021274215,83.26077346632825,47.58269042276267,6.307529974603728,6.953431320077945,NPK
Cotton,Silty,33.033552134993734,50.699857110250235,63.02422882740499,4.536252392746578,5.491511479638542,Urea
Rice,Loamy,42.70126079113029,69.03248701698261,35.26349432196901,7.670124235625882,6.832493927195624,NPK
Rice,Sandy,46.88628239713875,46.32349702119398,78.37873360170796,5.640275361889167,5.904649440063031,NPK
Potato,Loamy,15.294819117284943,58.078723780192476,97.29032167567601,4.539551460067683,1.6116384113475353,Urea
Groundnut,Silty,27.22729730264549,10.514402016757863,94.6255997937769,7.719954235904488,6.334304555194917,Urea
Cotton,Silty,148.0889892121827,71.14503015355065,30.26834124109448,6.569656755267593,2.2555178268523077,Organic Compost
Cotton,Sandy,54.130343232820046,10.018341225992987,26.50213645156117,7.2408429853538765,2.656265398136809,DAP
Rice,Clay,26.142152647466908,82.62306995736671,95.961600447016,8.15875928457791,3.7625543889906536,Urea
Maize,Loamy,24.978776564447266,83.36995829875296,48.56970630598926,6.664695320552422,3.2019694642843586,Urea
Tomato,Silty,110.72439547379606,27.522342317840387,24.788283693045717,6.512776290315863,3.251562168120384,Potassium
Sugarcane,Loamy,129.63961296456972,35.74796419840102,72.16471154488973,5.6626484853930545,2.1848166694283204,Organic Compost
Tomato,Loamy,45.97332193118578,50.724485963037864,32.0199307708602,5.720775337759811,3.0570973297668105,NPK
Cotton,Clay,12.927331726932895,61.68297615858574,30.38846263174997,7.686168264118583,1.1376381298311724,Urea
Tomato,Silty,41.23260258234981,32.29859786548969,88.52865909238955,6.296116982343748,4.310376626818282,NPK
Rice,Loamy,17.912196711546027,61.28620844003288,20.435519570805827,5.154104834432482,6.380136711388648,Urea
Rice,Silty,24.47529112820581,33.2897719567834,11.117329914292457,4.878115056001983,7.0357315845738775,Urea
Potato,Sandy,70.41113677866994,10.271618501750766,30.57271181631029,6.3916804674471175,6.742999912716069,DAP
Cotton,Sandy,42.18857192062856,5.24011723403135,62.65981421962936,6.359820094470922,3.9152040329657924,DAP
Potato,Loamy,82.23242299355928,14.609350502250717,16.693346073310703,7.113833112821585,6.112985368146994,DAP
Cotton,Silty,45.489125456006654,80.26381651558174,49.80149386629541,6.384269910980563,3.0152354186664874,NPK
Sugarcane,Loamy,141.67522215441267,96.33597467641702,64.59702549040537,5.073902816536859,1.3889373090233255,Organic Compost
Sugarcane,Silty,136.83215550967702,45.56178893171583,85.63001429635152,6.531211539194054,5.731800677738866,NPK
Groundnut,Silty,89.35285470146525,53.70497557774456,26.837611164214163,8.1271576155441,5.541573153154842,NPK
Cotton,Clay,59.61935887823407,18.950576061975482,82.647900721365,5.137765646480849,6.611405768240129,DAP
Maize,Clay,63.36056348486298,57.347978504614915,27.316094807467664,7.259018563910995,5.312743446920159,NPK
Tomato,Clay,67.65931964022957,18.7422156906628,69.29282141776585,6.875437059862106,2.0982413748174147,DAP
Cotton,Loamy,111.86110509889217,63.065361463888856,45.913989290833236,7.49434290684721,6.9721367443513875,NPK
Wheat,Clay,73.22945937263731,93.65957342018112,15.894718025973665,5.102401093710371,5.390769516130906,Potassium
Groundnut,Clay,129.94219251082563,23.591361233788763,72.85502896807563,8.266421347623979,6.653267893245028,DAP
Wheat,Sandy,142.17327003025105,77.63355321542468,25.68744876215669,6.983865711068635,6.418749842632286,NPK
Rice,Silty,57.03246147305074,7.232730167740784,21.77922547233619,7.888284550764547,3.085051410575619,DAP
Sugarcane,Silty,88.49722739259522,40.67223792555399,39.040678215991406,5.486427054720942,1.5218708239643666,Organic Compost
Tomato,Clay,23.30791515655902,15.52110824389836,67.06257325215094,7.457651557591847,2.235530863627094,Urea
Cotton,Silty,38.06566668729026,38.485166951591445,27.229665485109642,7.624122817335676,1.6500363401927554,Urea
Wheat,Sandy,67.88520733942241,21.486007365693933,22.447846184279143,6.089741089548303,2.703887024560955,DAP
Tomato,Sandy,38.868380226249045,40.46397406167431,5.945594442769612,6.035813811533688,4.216725911181951,Urea
Rice,Clay,132.71846871042044,44.66466658021538,49.80609422466374,7.131185060102997,7.34767423486898,NPK
Sugarcane,Sandy,32.160075848273735,33.55615666418724,45.72132908494236,4.873630727040863,7.1041312914444426,Urea
Maize,Silty,73.79251501743288,67.37908519994727,27.217435645550747,7.442496600870036,6.030198705670096,NPK
Groundnut,Loamy,94.7978936643826,92.29094486959642,10.096955580920621,4.671547039357644,1.168786516834782,Potassium
Tomato,Silty,106.86094714251821,43.05656054000087,45.77930808660451,5.2623612044833035,3.3897244092438745,NPK
Tomato,Loamy,63.629711761710944,23.272599865127034,79.87948555180498,7.156575028965468,5.776438985391638,DAP
Maize,Clay,131.673869621462,30.718662028618418,72.95180247608181,4.893294668367855,1.9032022778734787,Organic Compost
Tomato,Loamy,89.56468115090958,86.13007823215506,86.77551453671617,8.387368365907161,6.60761495011136,NPK
Rice,Sandy,71.53108926265725,59.30577371066405,5.910355332749784,7.973584837847603,7.402015759913155,Potassium
Rice,Silty,19.413688767285127,48.22604806916094,96.80983509643686,7.005209329626946,3.4787311264647784,Urea
Maize,Loamy,75.0565255823231,19.215488543348037,37.43416399960759,7.776229822677399,5.940901433046834,DAP
Groundnut,Silty,124.90301771420224,47.72409429075928,99.08779062873666,8.050320194358271,2.0374289286809937,Organic Compost
Cotton,Clay,96.03574255098417,31.456740318951734,28.99884875716859,5.537902598287274,5.835715143791189,NPK
Wheat,Clay,126.50274352207657,94.60049714606818,49.79595681993325,7.8976463517972775,1.150187886009303,Organic Compost
Cotton,Sandy,79.16163388390278,88.98666039449446,38.62312927465385,5.279175134550407,2.055400547677707,Organic Compost
Tomato,Clay,26.584638713227456,12.97074147367881,38.79726792445875,6.1533690565952615,5.96917012626069,Urea
Wheat,Loamy,11.90957841702335,54.08208147981807,85.0167993810805,6.733038524994397,5.982951560134143,Urea
Potato,Clay,52.45073654060277,26.380542823893848,75.90979927504718,7.35556385229613,5.488138940916239,NPK
Maize,Sandy,107.71866600969095,44.02382350480761,99.25438634685457,4.620565270890112,4.341548170689423,NPK
Maize,Silty,120.63638655183712,88.30055983388836,63.28389485816369,5.662037651112756,5.7243566382036155,NPK
Groundnut,Silty,51.405396846846116,55.11387938941176,49.00937741747775,6.934076392841561,6.416605588021517,NPK
Wheat,Clay,79.3915489236546,36.75045287022218,13.557016979954657,5.929474716596475,7.765371613257207,Potassium
Rice,Loamy,68.95664662077144,24.74939363997472,99.6733348538164,7.600100222517973,7.220487220840234,DAP
Wheat,Sandy,67.47318980919991,81.03086164361648,57.395412028566874,7.106608644602865,6.5617394179628725,NPK
Tomato,Loamy,42.38881984802107,64.32921145961298,71.54535962056347,5.437605814894943,5.863302617000611,NPK
Rice,Sandy,29.091954704124174,49.46621874049197,43.64052678317458,5.083715918369332,5.019088818026571,Urea
Sugarcane,Clay,37.53639815236984,25.661013616982913,57.03299227702741,7.016187974348202,1.8442617634634138,Urea
Sugarcane,Sandy,17.746534202868453,36.753405544927475,94.54488452982429,6.301869310819031,2.1588978946887507,Urea
Potato,Sandy,37.738303855300785,96.18512554015926,20.80984660350226,5.175828164405274,6.7419569246962965,Urea
Sugarcane,Clay,11.288125667553125,54.408544072554264,32.775395511374185,5.805496821273509,6.623190385450544,Urea
Maize,Loamy,97.81617608903696,43.06643171810903,19.44567413891307,5.712186993274346,5.301212481813541,Potassium
Wheat,Clay,54.2925570342756,54.53509402309077,80.2605108614536,4.9325278893575,4.071880929013074,NPK
Sugarcane,Sandy,146.2402595997672,79.00390806046282,10.894299740073809,6.687636077060912,1.1822285487652395,Potassium
Cotton,Clay,37.1203871086817,37.31034896777253,12.755006735877139,7.554594535650216,3.2902385976998074,Urea
Groundnut,Sandy,58.415999843343144,21.97708148859784,33.356940714800025,6.801867555411948,3.944477602957225,DAP
Cotton,Clay,60.09776220981465,60.568931242209544,53.84787718749607,7.805165459749409,4.400714003213944,NPK
Sugarcane,Silty,11.183209448744476,68.19438983070138,43.59610605316072,5.010274188861725,7.505272189928465,Urea
Potato,Silty,127.48911342552425,72.70821028106221,9.25754951372669,6.242447431288896,1.7609657986009997,Potassium
Groundnut,Clay,14.479224420205462,88.78882112278232,95.9616979977404,6.937660414632397,4.632068438458393,Urea
Tomato,Loamy,141.62517686209378,40.26154146546574,95.52260443401795,7.20400624376763,3.575456078707958,NPK
Cotton,Sandy,134.89040915310687,12.158715141744722,31.53885070787219,7.283145225693708,7.930686834512361,DAP
Potato,Silty,84.97306825203489,96.04311544493952,74.49493345051525,7.415861708391525,7.033048113980337,NPK
Wheat,Loamy,86.10338048758089,46.32613310656014,59.964664081406255,7.105719248784067,4.071500979672447,NPK
Wheat,Sandy,101.52890921386188,64.20946341894748,27.560286025534285,4.876912355763471,7.997869265483323,NPK
Cotton,Silty,64.18700167088417,68.29900569718777,29.906297415453466,7.281222710409185,4.598442725300474,NPK
Sugarcane,Silty,100.61111967569977,56.91880232661433,51.6595515594928,7.39913062709755,2.169824576139805,Organic Compost
Potato,Clay,16.26757441638816,24.49946532494566,44.82750944224921,8.473919737334509,4.891122842787002,Urea
Wheat,Sandy,17.56666782896172,76.73858976103344,32.6667861819701,7.273449746804504,2.5834403606255263,Urea
Tomato,Loamy,74.01225874673621,81.35643755888775,81.71360164898914,7.247321583006196,5.454189880533764,NPK
Rice,Loamy,86.94712215484489,57.53268067165678,50.73897717555157,6.559253160727888,7.562081224187479,NPK
Sugarcane,Loamy,134.29446964701467,51.41331025555995,67.21056592696715,7.971691634340456,6.503390037845198,NPK
Potato,Sandy,24.652488747105476,15.824127397158605,22.98098251594817,8.487339047844634,2.9121458329333865,Urea
Tomato,Loamy,125.1707098071445,12.975407842479465,55.68322793906624,7.616179480789729,3.0780103747620498,DAP
Potato,Loamy,39.406627220889746,37.25866032853523,35.20772469742904,6.950001511431234,1.4850174216321843,Urea
Groundnut,Loamy,65.17171079140445,34.53038477415236,55.00929298751343,4.815819307726272,3.001074849523942,NPK
Tomato,Clay,54.324340875837805,95.59736284151077,79.17845417403818,7.40695652691851,1.6483735977447207,Organic Compost
Sugarcane,Clay,66.02173820115586,79.44416053212584,78.04675495866987,7.334246274327802,4.4961410352795,NPK
Groundnut,Sandy,31.069369730161977,67.6928080496107,38.65096441325621,7.6022725912377265,5.958429556487803,Urea
Sugarcane,Sandy,80.4998104164977,54.176568456672484,70.95632612256571,4.998221553597958,6.258268130494109,NPK
Wheat,Loamy,122.22996257639142,20.899915419031878,94.42254528745632,7.1149300005045735,1.4167046257372535,DAP
Rice,Clay,71.81476145304558,97.95338385750696,64.4385863428661,5.682895619806699,3.3796912876674146,NPK
Sugarcane,Silty,78.68590062574788,40.62886633281995,19.098961721350527,7.541084973611335,3.017202365832036,Potassium
Sugarcane,Silty,128.827461939384,15.157932232488257,69.57231978151404,5.461495816125865,1.7301022609113423,DAP
Wheat,Loamy,108.84813604932431,51.91089509299588,14.965916703184575,7.235914707281642,3.53729917652404,Potassium
Maize,Loamy,78.66361719276986,88.0298111032429,87.85048883533759,5.679971787935919,3.095240763974653,NPK
Wheat,Clay,46.07739074648515,89.29264516884629,54.082747101184324,4.5359771712697246,5.441494605374937,NPK
Groundnut,Clay,133.88974455829532,6.041762025362489,41.58836994960006,7.033431647892382,7.18311864613599,DAP
Wheat,Clay,90.78285623667817,89.19809575138298,10.415626491720776,4.953076332635689,4.183892046112511,Potassium
Wheat,Sandy,40.960665415497076,30.79100066248656,41.17445478625042,7.137165891152856,6.22665620936773,NPK
Rice,Sandy,47.67676536932145,8.702374577000192,90.80463345199999,8.20243779342775,2.02207256977472,DAP
Wheat,Loamy,122.43863245107443,85.54007568447307,6.993384647198802,8.37698373684436,7.264764650507052,Potassium
Potato,Sandy,16.180378692243764,87.06734181887978,50.091574989271464,5.44369234931045,2.068163167505646,Urea
Sugarcane,Clay,148.8929061840348,61.641952585023255,93.46001865550912,7.737012910602619,2.344708264195725,Organic Compost
Potato,Clay,28.24923516007085,59.571206943154046,42.509894977677,5.914213107489761,1.7452466251137353,Urea
Rice,Sandy,121.44959355557124,82.24642589903485,45.67669030890429,8.101828290991929,3.1677565106437555,NPK
Cotton,Silty,65.2685443480356,79.69940750747658,59.96320524391639,7.649958274517495,4.866873127008683,NPK
Maize,Loamy,78.91026566024536,89.56001997705688,48.97904668983243,4.795686866583054,7.915958779844288,NPK
Potato,Silty,133.29108084504088,57.51100752168683,21.01716066756748,6.128547975509109,6.553576242602808,Potassium
Rice,Loamy,67.80756654248985,96.92647380961682,6.762776211636739,5.849271304038696,3.6630506202438737,Potassium
Groundnut,Silty,85.24912551425282,99.63394893866715,62.93210750797665,7.640724082893108,5.0309224053249935,NPK
Cotton,Sandy,16.901952737283793,16.071737949870098,92.47662576574216,6.141142842612636,5.363156216574454,Urea
Rice,Loamy,10.328646341443442,85.7066571576416,15.104592637580735,7.238353590612335,6.75909054873143,Urea
Rice,Loamy,44.271982220241625,52.48311448611596,25.040508329011573,6.909741022361762,6.155162497938603,NPK
Maize,Loamy,105.28163300862742,41.81880213848405,40.171801153372485,8.402554876390536,4.985037888797983,NPK
Sugarcane,Clay,26.977085070279138,63.241869438857925,81.83051175700638,8.25113982720646,5.684281189277597,Urea
Potato,Clay,25.92667423263692,10.316727939890669,30.579730064742872,6.210798058954875,6.221423276740298,Urea
Groundnut,Silty,67.53448512502646,53.11380628287259,88.795168406483,7.394312846564597,1.9320084139338303,Organic Compost
Tomato,Sandy,100.69718540515171,87.73460415253334,10.220998091756309,7.817840375924887,2.4031882291376596,Potassium
Potato,Clay,109.69007891471027,25.278844033202034,94.39087901959881,8.09554301544858,5.820090022352617,NPK
Tomato,Loamy,34.983094373772474,45.50704000309538,58.270972398007665,4.772537055105935,6.952978933913425,Urea
Rice,Clay,21.142340632085943,94.25068433291317,67.58387945633193,5.708315197093987,3.864835978898375,Urea
Wheat,Sandy,141.6555847523762,45.71356459154124,39.930504640953544,5.780920163874088,7.859232257298442,NPK
Groundnut,Clay,46.49329355869424,39.04492507157784,79.28945712355073,6.2377838048795144,2.51250212871361,NPK
Cotton,Loamy,129.46850966522135,46.85098157172093,20.823793758018574,5.177059002861676,3.916894974304072,Potassium
Wheat,Silty,130.88880306479456,54.34801281916785,9.646623401456267,6.484823519800033,3.6496613042427724,Potassium
Wheat,Loamy,118.15316284675622,65.03917769248955,42.57410959521793,7.152857309193824,7.512071585085003,NPK
Potato,Sandy,33.636704931359816,81.06581608708946,86.10109282819876,6.489455680866871,2.9976496230077765,Urea
Groundnut,Silty,125.05220429558804,47.94970954760986,76.71804948058099,7.1631723807904635,4.295535446295509,NPK
Sugarcane,Clay,117.69507829382214,82.66068883356333,54.12981719645101,4.765766527271602,2.3106368773073065,Organic Compost
Rice,Clay,93.54121861487039,55.70346282844766,59.35308598070858,8.003949326829641,4.648863669937107,NPK
Rice,Clay,57.20828492365339,37.15564848495788,17.339818498381767,8.256276768404273,7.001829186245137,Potassium
Rice,Silty,46.751204597316175,67.50532867134436,84.8647433186703,6.9716296964745945,3.128276233233949,NPK
Rice,Loamy,27.064489691250255,73.18361420063168,79.7611698815987,8.025563994547587,6.675544505139798,Urea
Potato,Silty,81.365989366122,58.01465268480131,67.36468741925955,5.02578406659285,7.379181075229382,NPK
Tomato,Silty,91.93652257137852,10.378422447798723,49.28814845124915,7.689795680305241,1.5107052280019455,DAP
Rice,Sandy,60.30745867221021,21.138873140278367,96.62363048655368,4.976592773890376,6.294971754234757,DAP
Tomato,Silty,76.5502694753216,32.103283484571676,88.50803732826475,6.132040925990147,2.787404053053436,NPK
Tomato,Clay,60.89202403169734,31.849432565391844,66.22089688388877,5.795274138233101,2.2272936377564037,Organic Compost
Sugarcane,Loamy,99.74084802489817,68.97497602345271,40.32109478314235,6.842367300881817,5.207856744175253,NPK
Rice,Loamy,136.17628909151887,6.743122858995095,63.712116474743674,5.706058140958135,5.939218313600898,DAP
Maize,Loamy,32.94883668657228,76.78976881970439,59.66688802041321,7.049254518668531,3.7633269001464966,Urea
Cotton,Clay,63.39723338643728,30.207535106658653,42.452988844317055,5.969549156607831,1.2742159495753342,Organic Compost
Wheat,Clay,29.721604553120585,34.45207539052973,34.13402731036723,7.943161524121858,7.360931669377552,Urea
Tomato,Clay,97.49212785709648,55.15143365467281,43.66602526254563,7.0355353608784466,6.115228417932466,NPK
Groundnut,Clay,112.0418713284034,25.512932089200966,59.5215835731728,5.3611931892857845,2.9016676467811027,NPK
Groundnut,Clay,140.46778256364382,89.02477478967512,45.67281024755397,5.844517688112348,4.47804699021318,NPK
Cotton,Silty,49.042069676535085,13.110034036023702,30.039576379131464,7.889683550506623,1.194549529769546,DAP
Groundnut,Clay,143.0295688211602,47.21632441860116,77.29151518727683,6.0459189999498335,3.374979472641593,NPK
Maize,Clay,18.856774054894473,85.69511559821454,55.48941211595423,6.643196262262581,4.657746649095828,Urea
Groundnut,Clay,94.42194087104234,63.5051699700174,11.429140506431997,7.095767743809331,4.620565305813751,Potassium
Wheat,Clay,17.998580708066196,32.771304005050176,39.99006803448192,5.8912385983436675,2.457294146059788,Urea
Wheat,Loamy,135.12838628667228,44.97221973876377,89.06677843513938,5.675914523032273,6.437231563287235,NPK
Tomato,Clay,84.17326798980757,72.1359661325389,76.74747046399543,6.401019610432114,3.092035109686504,NPK
Rice,Silty,103.70876910679145,97.45977061957043,35.708444474680675,5.3595238883711565,5.062870162245808,NPK
Sugarcane,Silty,126.42034962746335,89.84817824604617,94.12739944422836,5.636842347676254,2.9006555787658233,NPK
Maize,Silty,31.043487147755627,37.53111679632579,12.277276294029964,4.748313936128144,3.9761751109073913,Urea
Tomato,Sandy,15.40281867133874,99.82879853234647,96.31729686975794,5.715881103884022,2.452602376751612,Urea
Maize,Loamy,133.0433604277993,5.332943035450536,28.341983786044185,5.782816373454278,5.431054547724268,DAP
Rice,Clay,54.090651844250544,7.624826801799434,5.86394712872983,8.347332665165279,3.979090520989455,DAP
Potato,Sandy,28.057047109803136,83.26484894126341,46.21176346924104,6.8589153018635205,1.11282113141435,Urea
Groundnut,Clay,75.58457319219211,23.948955249139942,39.102190820265825,7.649529701663223,1.1971549581173626,DAP
Groundnut,Sandy,93.76285059744264,10.773080497642882,56.213455494645416,4.68150901112129,4.297940229299956,DAP
Sugarcane,Sandy,14.335884479151417,27.529066957467712,80.69342175413531,4.926146774433487,2.2825810683374805,Urea
Rice,Silty,48.48539215599228,45.47951462818172,85.03092620429247,7.758147843450369,5.095294337013197,NPK
Tomato,Silty,14.591982398765442,74.40379569117346,43.116849963110724,6.994198197670543,3.857342472404149,Urea
Sugarcane,Sandy,68.84695448736986,64.31187502236452,45.83534565210327,5.263928122160811,5.580938848778059,NPK
Rice,Silty,135.3140040692742,27.57401566823994,19.076884381299998,6.119181623446953,7.666766218447661,Potassium
Cotton,Sandy,147.5713376090997,52.81069256955552,9.517022843710532,6.654689999926491,4.701152943566775,Potassium
Wheat,Loamy,99.18665749050786,92.99034001286402,65.91542407232734,7.874439316549767,6.511650225130698,NPK
Sugarcane,Silty,32.629277129842855,82.42573881345699,11.121574427505767,4.741647966777977,6.27128697421156,Urea
Sugarcane,Silty,136.81891459990283,35.70302955902037,74.71386134503831,6.886889157469449,7.452537730267057,NPK
Tomato,Silty,82.27469524800847,98.31513332879115,56.213563777113514,7.368143686346736,2.4981250706660436,Organic Compost
Maize,Loamy,31.524903694408533,72.31893804133745,23.86538293147792,8.411567431641839,6.791288795494586,Urea
Cotton,Sandy,139.0417337232326,10.932688788344269,56.25467963370171,7.728640313168738,7.338642649532808,DAP
Tomato,Clay,116.04566710123441,8.340267762420675,22.38478307719939,5.604909254261093,3.7493408666330437,DAP
Rice,Silty,112.43873818124122,20.99875515595285,46.68003471348914,7.338316775513061,3.196713362192777,DAP
Rice,Sandy,109.28529853121665,74.14630746476395,80.95823004301174,7.553111539707908,7.664251367748014,NPK
Rice,Loamy,38.04757495350192,22.455197955030652,48.88233287401056,7.418941999673581,5.393429754972075,Urea
Potato,Clay,39.54093683905365,53.591243074839184,19.12643523826708,7.78057627180748,3.6647353966902783,Urea
Rice,Silty,106.3610197798157,13.859711417179016,73.76372477317979,8.11491990485455,6.542794046521411,DAP
Maize,Loamy,40.76118501545557,92.48418499386854,22.74299954565084,4.8937194759573615,3.1313173113100055,Potassium
Cotton,Loamy,71.41403755242683,37.676258290438916,75.1622380651604,4.919055430724475,2.2348531024890343,Organic Compost
Groundnut,Clay,119.48025558315179,91.27254537325993,50.53846747550416,7.6855999550825835,4.807787450583938,NPK
Wheat,Sandy,119.75335253369774,94.7631859815017,48.10546711395865,5.509489906085884,4.963484314374224,NPK
Maize,Silty,73.45664815362035,5.5822214947996756,85.8863285964601,4.734165687800312,6.780225375871367,DAP
Maize,Silty,120.90659135853431,49.09284278387954,72.31733481236353,6.104916723922424,4.19919148514301,NPK
Potato,Sandy,127.40705146772795,7.3423252921548245,8.12652571071923,7.779507647304312,6.70210577653739,DAP
Groundnut,Sandy,101.66860517979643,91.32581279877606,33.136559887152224,5.0062600952559215,3.179258755438369,NPK
Groundnut,Sandy,41.979619323178824,54.248716749784705,87.73746278074037,7.18736788721787,5.027577415244544,NPK
Wheat,Clay,48.36164925397665,12.119681206357198,6.74098601179387,4.514463447086271,2.4593094523050105,DAP
Wheat,Clay,54.07776175722295,15.476289186273853,56.799077394887185,4.9389497888498,3.6981216564161747,DAP
Groundnut,Silty,26.35257508275328,41.43335732681021,74.14343857152467,5.903401383073947,7.002777884829958,Urea
Rice,Clay,48.24234685179232,94.3222483229245,64.0763281210347,4.834409124097656,2.5119173540502855,NPK
Maize,Loamy,39.332691403754495,70.82636939896769,77.25055919992145,7.883606669748452,6.671676240294874,Urea
Tomato,Silty,73.7460249732043,87.42379228796759,73.94072564690086,7.956282012581875,2.9801016049318436,NPK
Wheat,Clay,137.18125670211708,39.81338140229807,70.74291603954576,7.522282812398097,1.241428037756176,Organic Compost
Potato,Sandy,24.627244345554132,9.10530145724984,83.04628678793695,5.46991852558247,1.769541990397924,Urea
Potato,Loamy,110.83750935263538,97.56017553441934,66.34061350270615,6.592988300959919,6.221156817245517,NPK
Wheat,Sandy,106.21962061783788,6.631434112925107,43.2297569544133,5.236754102093485,2.8344964855150376,DAP
Groundnut,Silty,23.405587812870074,95.02690704270346,49.83136544188582,5.625113800292443,5.579019145688905,Urea
Cotton,Sandy,139.160136686812,40.024355265668746,73.0888543547378,6.564021168695165,5.894392319300631,NPK
Tomato,Clay,89.58610830195474,5.958588477078744,88.24907281834543,7.440055233843191,3.415829251042794,DAP
Tomato,Clay,60.921572958995796,70.46993701382829,30.860786079778688,4.878617521574556,4.324432910477982,NPK
Wheat,Silty,115.91540168934293,98.15132888297865,37.49729561725172,5.686786790512345,3.8263696331906742,NPK
Rice,Sandy,46.03116417622877,96.73444366957129,93.4202426544292,8.20648539428769,7.631442974481738,NPK
Cotton,Silty,107.09137718648486,20.28901606422975,59.958620278897314,6.216493271127552,3.2396420364611114,DAP
Tomato,Sandy,15.559569060114612,22.218541576284725,22.0013726278251,8.255478695637258,2.283261295574725,Urea
Wheat,Loamy,127.51712526529808,58.72619688886771,68.05103819667636,8.465602166208543,3.559149900129048,NPK
Potato,Clay,72.74391858298459,65.54395851069083,99.12240477624107,6.606639304445664,5.686609953214085,NPK
Tomato,Silty,99.13700801011184,75.24470179825724,83.22808862468801,5.652176039139402,5.881538832530257,NPK
Sugarcane,Loamy,40.973294772935716,22.199784244854012,75.84540797238326,7.663107234290316,7.468401207520048,DAP
Cotton,Loamy,104.79031977218271,96.10567324262128,24.764432155295577,5.13724294210006,7.172281394130664,Potassium
Cotton,Silty,118.11363862505873,65.68022934747759,88.23327954498069,5.508187438688282,3.0182436429209285,NPK
Sugarcane,Silty,76.24984616381582,85.46945729270271,54.949940135876915,7.639519637997129,4.186142742773175,NPK
Maize,Loamy,96.4817693686512,56.30624295199632,89.48255209683579,6.23458369892812,6.230882917284038,NPK
Potato,Sandy,73.8856293351358,44.35630052103885,36.333643795363535,5.306151747950667,7.415760964214176,NPK
Sugarcane,Loamy,135.1727916960984,97.83237612652462,10.894850000366112,7.104502979809298,3.360155089998243,Potassium
Groundnut,Silty,79.70168527200468,60.30153022788443,50.217717022675885,7.4310474455267315,4.111090039238971,NPK
Groundnut,Loamy,127.85321926403465,87.352990365922,30.63457245769838,5.000284957802276,7.296347893175262,NPK
Wheat,Sandy,122.1892881578348,95.56277765479754,72.94678252874833,5.607921039899736,3.509387112108959,NPK
Cotton,Clay,67.47067498876991,69.15868956582263,95.92512252132308,5.385107021488933,4.36359090334215,NPK
Maize,Clay,42.2118288600465,57.14917445927412,70.64254435939857,6.019418515049809,7.331528988526552,NPK
Maize,Loamy,66.85149855836794,5.333530836511809,89.25872332237434,7.553779582304258,6.6157025259289375,DAP
Tomato,Sandy,125.67043260853082,8.80186587020557,48.037281292114606,7.3548324090972965,2.7040164750686193,DAP
Tomato,Clay,41.86855501471493,24.08086552485605,78.30587003355366,7.150095641534816,3.2735654578835334,DAP
Sugarcane,Loamy,83.42108842008491,22.67080102631955,85.08912648381182,4.525142183474365,3.4707110922153737,DAP
Maize,Loamy,122.85354471450465,29.20208554398531,72.53318462043653,5.068573253521558,7.389169314017418,NPK
Sugarcane,Sandy,59.48684651797303,33.96879058127778,53.23884217660864,5.393190196408267,7.992536159731774,NPK
Potato,Silty,99.90934918037763,39.20622188731918,64.45728041345996,5.587823384155398,6.418030115088079,NPK
Sugarcane,Loamy,44.38842036683403,44.95108055654327,71.54816458949362,5.0857061665956,4.390284117454547,NPK
Tomato,Silty,25.299122351542387,14.392302153321394,29.043018306035556,6.141262205895559,1.0712167264723527,Urea
Cotton,Silty,121.21379151299989,9.024383535514293,81.91002978692356,4.800722340056104,5.882416396185702,DAP
Sugarcane,Clay,23.855607277218954,69.02472266193722,95.28083120189096,7.5000887615511225,3.7255281514844927,Urea
Rice,Silty,47.99339531114184,56.046808360092385,49.197734942093916,7.65088314918442,5.430905291600238,NPK
Cotton,Sandy,129.71531907964163,47.19369921091136,71.60138239543835,6.797066758403592,5.246857744237001,NPK
Maize,Clay,58.50570019101341,65.27179441099346,75.01746105008363,4.858819508167871,4.365824396020711,NPK
Maize,Clay,146.22634893198256,83.62954368433634,67.91351701454063,8.060332678187033,7.610711784084261,NPK
Sugarcane,Clay,147.16280686834037,45.630826366039436,56.975935291220374,8.362543314832457,1.1620244174873915,Organic Compost
Cotton,Loamy,47.55864286349794,65.90634917993805,88.75655568460701,5.309454241287158,5.984927391308117,NPK
Tomato,Loamy,15.736951114984663,95.58936126434008,47.64803738054497,7.318559277762879,3.868879078096822,Urea
Tomato,Silty,108.70885978875307,84.76432710684827,10.80478086622734,7.867754522569943,5.996533153441279,Potassium
Groundnut,Clay,73.13811037076812,45.470076997728896,85.23285569265522,6.659374090170809,5.7265375327774235,NPK
Maize,Clay,24.10539815434068,66.24809959240059,69.02822087007232,5.7932923981069955,1.0716660180319677,Urea
Wheat,Sandy,109.053194656926,21.821737582014276,85.67956951746642,6.414234860321411,2.9973694662226986,DAP
Groundnut,Silty,14.36448727566897,58.249607565033536,18.16200703224596,6.549075003137808,2.323640643526463,Urea
Tomato,Sandy,131.8275366689139,98.22618765815206,7.921529348423052,6.102548176752112,2.1689044705974463,Potassium
Cotton,Silty,29.411354075862523,54.23993594423962,93.76558133633763,8.219369974534825,6.099336788847929,Urea
Potato,Silty,27.8236630245415,93.12563842306399,19.034189055804557,7.475532443770009,2.676859443651872,Urea
Tomato,Loamy,34.59412171560183,43.696817447809764,81.91697154669292,5.4652065690198555,4.323163304911105,Urea
Cotton,Loamy,144.4372901888893,99.89025858253996,83.2049445071604,6.842228749279474,2.7289229669997566,NPK
Groundnut,Sandy,107.04371043553844,60.025903346617994,72.32699405215529,7.25475660372467,5.061636764047309,NPK
Maize,Silty,122.19201496490913,9.015554452413783,17.46991005382274,5.060625686808521,6.044016376419776,DAP
Tomato,Clay,65.66889800258542,60.741705685681865,68.40286933327673,5.933702969520596,3.3175231708872355,NPK
Sugarcane,Loamy,57.083781850693775,31.084406089561682,89.46322541605224,8.122193126415663,5.221145938009854,NPK
Cotton,Clay,42.82776094964379,8.085725593409997,45.42550625608391,6.768692400740806,6.773983420896173,DAP
Maize,Sandy,77.29072396373725,82.98106394599301,44.284101165966895,5.367990984241267,1.6595699961514416,Organic Compost
Potato,Loamy,87.2560226947836,31.194315513171812,47.071539410044814,4.991139192476603,5.974694193288898,NPK
Potato,Loamy,98.44847811138575,80.67211263441736,12.815829614239611,6.572907573899511,3.2620146110476615,Potassium
Wheat,Silty,45.996590559817236,32.38067038080736,89.74242905784747,6.690742892116576,1.85854969567461,Organic Compost
Cotton,Sandy,142.8115713264187,23.461003618008558,87.57237207814849,5.837657805418449,4.819579453300442,DAP
Groundnut,Silty,33.76618974899902,97.5238795399206,99.80138557007719,7.021664113676474,2.5838362348741226,Urea
Wheat,Loamy,145.1914444672977,39.35630613672686,60.59239844234928,4.7747387448775545,6.749532548684104,NPK
Wheat,Sandy,12.07985715105053,62.13074008710024,76.36320546288165,5.0805587730645625,1.300271366717533,Urea
Rice,Loamy,77.35759685435839,62.9482418173748,24.253831099193945,6.685095284045037,1.6905702738962822,Potassium
Tomato,Sandy,56.671497336318794,58.24498080648267,68.41523773129612,4.747262775377816,4.6469728819007186,NPK
Cotton,Loamy,72.87727795023511,91.89609563451539,66.72462063195212,8.023635059964402,5.1225924885386975,NPK
Wheat,Clay,89.89304105731047,69.07190177985251,90.61482990495318,5.068585481826068,6.109206651659228,NPK
Rice,Clay,70.98248212177927,43.354635389968365,83.92530866971204,7.195679496338146,2.8148250977653566,NPK
Groundnut,Silty,68.0785590422233,86.92613652980603,94.1543139486875,6.064813766857701,6.892322857493043,NPK
Maize,Clay,112.58127815786291,22.200975416016618,87.5391799066527,6.099150990168994,7.671996378416482,DAP
Sugarcane,Loamy,106.02267851210505,56.702491972989655,87.52592001539094,7.559558114444576,4.493275125164045,NPK
Sugarcane,Loamy,126.6579794850187,95.30228533465686,11.053716035428236,6.497848536691656,6.3237195547886085,Potassium
Cotton,Clay,44.99425737352938,64.41277483863921,85.3663855061158,7.402621854575465,4.673938481806549,NPK
Wheat,Silty,95.3339913655689,82.61200279511324,62.71044747779622,6.5207649150110765,1.4862692058854743,Organic Compost
Sugarcane,Clay,91.92726995499955,67.08826892679332,41.14222291776631,6.871621365621054,3.2827805898983478,NPK
Tomato,Sandy,61.763293522176426,84.74023203609958,10.368889316865921,7.542858511478657,1.612406827389105,Potassium
Sugarcane,Sandy,78.04805586637532,94.72634858529814,69.37900860296443,6.929234971685101,7.922153834785094,NPK
Sugarcane,Sandy,53.92950006280202,30.927564115609997,36.179166301073664,6.962460437555155,2.6031813845136402,NPK
Sugarcane,Clay,29.858215666377927,21.11780271938829,49.438745173673304,7.656878365710378,5.451302935910031,Urea
Potato,Clay,39.93216949278259,50.97912128159129,69.76420152023776,8.296347263277493,2.9904157136145613,Urea
Rice,Clay,24.771910496168154,71.6769305483005,91.61858196729357,6.006864615741347,5.572723507491481,Urea
Wheat,Sandy,105.62974052661738,26.58316905231053,83.41650698247486,6.808468628903805,2.472811836093377,Organic Compost
Tomato,Silty,102.50183503528122,5.389637790865872,47.80672726484198,4.845092630934182,6.496890461370522,DAP
Wheat,Loamy,143.08489202118218,37.57883600448701,41.839399957405995,5.935215522275468,1.7756812198564484,Organic Compost
Potato,Clay,112.15497791061378,97.0416368694399,27.77907519018451,6.148196903557544,7.266052800631962,NPK
Cotton,Silty,17.286417425858403,71.02190875755544,40.380541361716986,7.840949267296204,6.882951847785561,Urea
Cotton,Loamy,133.79432435005359,43.12591717441627,15.54940679273034,6.553569608502707,5.751651405468699,Potassium
Cotton,Loamy,130.7745228124016,23.29472924794983,97.25502329465168,7.424265493193831,1.471902389999935,DAP
Groundnut,Loamy,72.0648449081778,38.828519006700965,59.52215717615999,4.576029600102686,2.4599831983024982,Organic Compost
Sugarcane,Silty,92.02082707390902,21.134746163618555,17.141555065545226,6.357970678513262,7.015531169837532,DAP
Groundnut,Silty,146.65096654615263,15.099053024730384,38.51657088026105,8.105270660654337,1.853821040118166,DAP
Rice,Sandy,84.52261093874327,91.14052539439261,56.96871864396232,5.39725563722314,2.0915246741561404,Organic Compost
Cotton,Silty,136.74505597265255,99.77678214566998,55.624135480882615,4.626088741228452,4.808023266288645,NPK
Potato,Silty,21.6254260934261,20.590871761600077,8.372820028270073,6.233634934853906,2.919242077720406,Urea
Tomato,Silty,36.7472616192156,10.179643093436574,95.32989825176558,7.317727282590381,2.5545298996075063,Urea
Wheat,Loamy,71.70569208178449,36.324455178890176,31.16068974011974,6.317854027365878,5.030694022937264,NPK
Sugarcane,Clay,91.86595316722266,48.85762217233446,6.537543548529663,6.339913254045063,3.6080367352062033,Potassium
Maize,Sandy,124.27189926079203,24.458018472206174,12.262180850276835,7.1792201649532785,1.983919277387681,DAP
Tomato,Clay,148.35669612004617,33.63536662086305,60.11851580855781,5.517555233132196,4.743976372818251,NPK
Sugarcane,Clay,64.4392095063763,24.08271989070748,18.089624464134204,7.50755916656791,3.709086822950359,DAP
Groundnut,Silty,16.63818905961189,78.55475400108287,8.96385532108281,5.112454123622934,6.141617419916385,Urea
Groundnut,Sandy,122.16401046134547,72.69490460848978,41.06451430920758,6.08300242114395,1.7192880962441244,Organic Compost
Tomato,Clay,94.61330067159314,65.32039399729327,64.16231327231792,7.124032433883672,5.3442927076218165,NPK
Groundnut,Clay,37.796000241548235,41.78569642252445,15.624781459953176,7.813476028920791,4.055453288602735,Urea
Cotton,Sandy,79.27598392699882,91.35888942485242,34.766144054374976,7.666124284660221,3.8424331253668287,NPK
Rice,Silty,113.92343437472141,97.1055914458269,44.68726380433151,7.386742397230791,2.6260138160583884,NPK
Wheat,Clay,117.85765018961013,21.49573469941414,20.148709289742882,5.936385534145565,1.2129821974189778,DAP
Rice,Loamy,79.94657767982667,26.186200934128415,53.07702035433746,4.989217265174895,6.933824360552519,NPK
Sugarcane,Clay,52.73003421804028,54.934947660035114,13.095338255668235,5.367336870771963,3.2848706022409813,Potassium
Wheat,Loamy,146.32396148538908,13.668804081813303,9.419257152781523,7.95933525830594,5.767637278108929,DAP
Potato,Silty,102.870765533909,46.46259788819572,54.38435987973781,7.929325480530638,7.633111798436952,NPK
Wheat,Clay,67.15325270848182,60.27017015388246,28.550212411333185,8.306243410156064,4.954932086574921,NPK
Rice,Sandy,49.26485138865134,54.59698925804665,14.060511750312614,4.803954607582167,3.780028317639064,Potassium
Tomato,Sandy,112.3544176204987,36.436315392412475,45.27169581132507,6.647236341109824,2.877914964440926,NPK
Wheat,Clay,43.90568238312748,56.53235157733465,91.9383702541525,7.094732179616934,7.538306548532454,NPK
Potato,Silty,34.03939845631634,96.08609065459055,73.79828243214472,7.342629508267427,5.774537726358,Urea
Potato,Silty,84.17674445468984,24.571653407680724,82.48351195796762,7.075452940041721,5.656969752795916,DAP
Potato,Sandy,50.59823497017986,67.20897904743035,87.83182893207047,7.580045559609128,3.9831082760169387,NPK
Rice,Clay,98.04672028930611,9.122685944824926,97.3996354326598,5.937886305157367,6.915340990072014,DAP
Wheat,Silty,26.511414482392688,11.309558425736318,77.50842448384644,5.217731088541928,5.99570530906641,Urea
Maize,Sandy,101.69175463942501,57.42368130124058,62.79875258425057,5.318333488601754,2.9822829024671127,NPK
Tomato,Loamy,49.66151391967831,14.969222131155199,39.715458628713485,4.547914757880657,5.197050620175336,DAP
Cotton,Clay,10.034010820831782,7.122944900551447,22.25610747298303,5.90128748842489,4.0113576822088595,Urea
Wheat,Loamy,27.77104807438469,21.293734776562108,70.23268802841297,4.86697620351991,1.0461311398079913,Urea
Potato,Loamy,140.70615289691318,58.66067124495957,99.52024868158448,5.785954771160764,6.653364020512582,NPK
Maize,Silty,131.42964947615008,71.81739067929858,49.39907503879731,7.012840308664991,1.8598124424379057,Organic Compost
Cotton,Silty,42.70526448507316,24.2354635934311,73.74953996881672,8.07791222234728,4.5696815420183,DAP
Cotton,Silty,118.97206663636877,68.48464653477657,52.03378274934983,7.858421803962066,3.3535833515937092,NPK
Sugarcane,Clay,95.2000230443564,22.335251454426786,46.03367521953028,5.5106968478303076,3.3946232884047425,DAP
Wheat,Loamy,145.92665960298172,63.27845552996943,43.979033288191935,5.036332568792188,4.3415541838966565,NPK
Rice,Clay,62.30479233476827,44.13616959010089,52.93934487851127,5.272289095186926,7.979161728138215,NPK
Wheat,Silty,105.40448575240397,67.11095338669358,39.85508787721063,8.383946607614428,3.8586577644203306,NPK
Maize,Loamy,18.8950011393486,99.53001148552849,76.13346557307175,6.697897918741964,2.276304608716007,Urea
Cotton,Clay,65.47462855429683,94.09261169709339,88.05584252619407,5.230008892002299,5.295244366345583,NPK
Wheat,Clay,144.93447256634528,5.406766994429844,88.8741041312925,7.8629846187472605,2.654013956276649,DAP
Rice,Sandy,85.45732242301688,89.11668261441905,26.631377775453462,6.08076497725022,1.7388439569906529,Organic Compost
Sugarcane,Clay,50.303130466878244,11.31662554160282,90.11136817949162,8.09688860789891,1.3512192044615037,DAP
Wheat,Silty,26.83793483800496,95.53942568518526,37.44736702623498,5.542708507337946,1.1601689181377872,Urea
Tomato,Clay,108.49396762541426,31.773439514470045,34.38422822110327,6.072887035216945,4.018152538177446,NPK
Sugarcane,Loamy,100.27984608016175,41.293308889070744,74.04182545283241,6.519791051160338,3.9870804591137556,NPK
Rice,Clay,62.35141990452845,13.705629491694145,33.9461523081975,8.070461336356127,2.2988178005456708,DAP
Maize,Sandy,143.1317892612168,15.665912041246411,10.031808532922462,7.975029726420223,6.488133376398465,DAP
Cotton,Loamy,13.108393818299044,74.04035369678536,40.49368836947926,6.797420281215512,1.9048943954391513,Urea
Wheat,Loamy,52.52133922845561,94.7115623960877,73.53923203404315,5.387102039123563,7.407220348475117,NPK
Rice,Sandy,138.9497280819414,63.0211070206594,36.061049925666765,6.1134278869515,5.113031843502907,NPK
Sugarcane,Silty,54.930961364721654,73.00575147504705,64.80811031953891,8.40253226146202,1.1933146327345074,Organic Compost
Tomato,Loamy,45.31539673972385,77.38712573672959,67.7113472049974,6.931092895509608,7.740808380199016,NPK
Rice,Silty,84.79085739037463,29.967356082529463,74.70492111400384,7.624391020496787,3.155588816820975,NPK
Groundnut,Loamy,125.3322449888753,9.296814937420418,90.22739429953896,6.299458781445679,4.149824717044973,DAP
Potato,Loamy,24.44054652297055,5.1779106723210155,46.09362743050099,6.6280291018672255,2.989880850961865,Urea
Tomato,Silty,142.02289935040307,38.311681880631774,20.811047282933423,6.215816448930177,6.098949086236443,Potassium
Sugarcane,Loamy,121.31020336536297,27.939101678925528,35.297942966029495,7.311683992247872,4.399761545036771,NPK
Maize,Silty,35.37503577721727,10.920183879672637,46.05588924152866,7.90588405554751,1.9266107158175183,Urea
Cotton,Sandy,109.68111456774278,22.05518778689834,72.81968958617074,6.529454172898254,1.7294276665161765,DAP
Sugarcane,Silty,63.894221169258,16.82739533545504,6.246601928355183,6.423469834544903,6.077627893272023,DAP
Potato,Sandy,66.32125493068462,91.91344615865019,34.9996114267885,5.861145868393588,2.6595698345189005,NPK
Maize,Loamy,119.66061294144129,18.32538527862105,79.0850451968351,5.208386777176335,1.9645536224693076,DAP
Wheat,Silty,144.7898731173025,56.076604078829526,68.73148181641606,8.256990891500436,4.495993178984899,NPK
Rice,Loamy,27.73182219860715,61.34506573565564,74.51529749063249,5.76431887471802,6.619357012754128,Urea
Groundnut,Silty,68.88823316303471,56.63149848232021,82.1220230967235,7.702765854297142,2.951479221111913,NPK
Tomato,Sandy,77.33182513180249,14.410361250518857,79.40739329340641,7.361388085149897,2.9350212819056543,DAP
Tomato,Sandy,62.68365437369967,35.28584436630236,69.80740078451392,7.663670401112516,6.8371688218226385,NPK
Rice,Silty,60.846477320271504,9.87068158399956,46.7678455752061,8.24707253348841,2.0348365619814786,DAP
Groundnut,Sandy,17.317613458623516,42.58864183915002,98.44184124342462,6.993483040883589,5.317093142505831,Urea
Rice,Loamy,105.97540687876726,22.91689847080124,59.061953581057004,8.091801373528178,7.685094380878098,DAP
Wheat,Loamy,71.07001839680635,58.35509066201608,24.263074890039718,5.170789291649175,6.889122047041153,Potassium
Potato,Clay,37.27113237014974,70.81679741566455,32.817221234954516,7.00685030382715,1.4327066364581045,Urea
Maize,Sandy,124.24469032228957,55.551386719447116,70.88843331719464,7.589102451658451,3.239376135931378,NPK
Sugarcane,Loamy,122.3585047412279,46.2524861780826,92.85025869394903,5.586564522976696,1.9966212591483146,Organic Compost
Tomato,Silty,78.09482793244513,41.79667498138578,21.978412274560267,7.46301520516786,7.644684463809978,Potassium
Wheat,Sandy,51.78309256068648,84.96071796921535,12.822917095849704,7.613907316464948,7.901590963554568,Potassium
Maize,Loamy,99.33298161150333,25.839966181200655,88.74544956399058,7.824751824065779,2.6449511437802653,NPK
Wheat,Sandy,50.34129900883643,74.75074225524254,91.95140799671927,5.751531650383731,5.6878933138012675,NPK
Groundnut,Silty,43.041110245319686,76.96082085031131,31.25603780501045,7.226426360673237,6.891422124329829,NPK
Tomato,Loamy,112.27205156368574,44.82400069071978,40.84214381526779,5.717013133639048,2.6357619909013357,NPK
Sugarcane,Clay,15.645533560933098,33.24355692643574,67.71785976229654,7.456161549993821,2.3137644402468425,Urea
Rice,Clay,23.267585944843155,49.701441174367645,36.34335198003511,6.351894660582849,1.078477162730962,Urea
Rice,Sandy,10.95034436330257,13.855322959806358,88.33007728565502,6.89017749810888,3.8837371985906812,Urea
Maize,Silty,31.41204610655966,9.363353061763547,15.219976757816958,6.1633599257222755,7.2960622367630155,Urea
Sugarcane,Loamy,19.658601219464323,15.60230394792972,8.608310991218545,5.147931707719297,7.3208575433944425,Urea
Potato,Silty,149.4123314891886,22.778777988911486,24.806189640565,5.212118118421454,1.8942018925631139,DAP
Cotton,Loamy,50.433395793572544,52.89679793211408,32.178338929472055,4.8102756290485384,2.4304673636987646,Organic Compost
Groundnut,Sandy,30.897521773694617,85.6679804353066,15.72802617244313,6.972290718886647,3.856331316541735,Urea
Maize,Loamy,43.73947611942852,27.386021539970262,11.24059078736144,7.894553591812237,6.464371816145913,Potassium
Cotton,Silty,141.05758001561884,93.84039102094391,76.78273278267083,4.583347305048324,5.2829603847221005,NPK
Wheat,Silty,82.82243122341539,95.71625134882532,20.60627376071445,4.764958008353414,4.596948204641515,Potassium
Groundnut,Sandy,61.07453348309996,96.0959374602945,91.82260891129889,6.329867969211641,5.143523189558222,NPK
Wheat,Silty,132.27480410729072,84.56845979425076,39.959967837569124,7.450882944672758,1.6733978566160765,Organic Compost
Potato,Loamy,65.29863787686455,39.56337887578346,68.70755192352782,5.130830578847805,4.343645495784349,NPK
Sugarcane,Sandy,56.901199794077414,11.90497154524919,26.41320090303602,5.586605278196775,7.944443026773898,DAP
Tomato,Loamy,39.01955315696298,59.037779517817015,27.83066300672735,5.428024805127229,1.6191230285736147,Urea
Groundnut,Silty,62.891555347317606,58.0747371740372,59.59737427241966,6.0962048746846165,4.6347267434442045,NPK
Cotton,Sandy,54.33580984236964,85.74769787541157,58.261077888868684,5.399994708070285,3.0695448316016223,NPK
Potato,Loamy,104.82255430173974,99.61914983988,78.02927666114772,5.910394714179012,4.7793930780337135,NPK
Tomato,Silty,50.541578653901794,53.27494412321402,76.99226404095526,7.414170394647776,5.016731320236227,NPK
Rice,Silty,90.8079644991586,37.79438294877951,68.7153376430478,6.9440369938167565,5.042310286836331,NPK
Cotton,Clay,19.224903104476176,22.660662597845366,47.667403759881644,4.824726821566772,6.965461497176206,Urea
Maize,Silty,36.78048193751201,5.4559833576502195,89.61083669665862,7.050982664982871,3.7282319027156263,Urea
Rice,Loamy,67.03673802558882,53.36580078644352,64.14495657102339,6.408308686236854,4.614479138665471,NPK
Potato,Sandy,141.17289554721737,57.774273336746596,99.06885659392394,8.238262298828555,1.07649879277424,Organic Compost
Rice,Clay,62.81527800019736,83.36915558265275,82.84013270376407,5.657217268416213,6.526854211058367,NPK
Maize,Silty,102.97037696797678,52.93481194981606,9.209432067640991,7.40466567879664,2.8164139516309703,Potassium
Groundnut,Silty,45.71221113899574,92.06449312327537,35.456421172630186,7.42344329217828,6.715885168283615,NPK
Rice,Silty,27.784700636252442,64.66793027428636,59.32819306474041,5.386003124036749,2.8594706646622203,Urea
Sugarcane,Loamy,18.195124011207017,84.8319426310029,73.53960609779128,8.112894499883744,1.0755194738374456,Urea
Cotton,Clay,52.757889795985186,19.088664806735977,57.28196728738444,6.464732801718412,2.083819227354127,DAP
Tomato,Loamy,32.07254375156711,86.2569323787199,79.68239013390728,7.21553346755721,7.899780318005176,Urea
Rice,Clay,34.361462722257386,69.1386661721656,31.852287011947737,5.083422235534018,3.2386087216359196,Urea
Cotton,Sandy,116.50630317417301,21.172138081641403,22.471644867118382,5.531215667967877,1.76176731408923,DAP
Wheat,Loamy,12.21732993228239,23.02753802387103,10.122084960028161,6.844428471748891,1.8313116253802537,Urea
Cotton,Loamy,88.09341760296081,93.01755880920102,59.46480573429459,5.776109073493398,3.1723989984005665,NPK
Tomato,Sandy,63.12459328308507,8.060459242785424,70.41695446417205,6.498771674283894,1.2635152878173412,DAP
Cotton,Clay,80.9169999871966,48.94081961309208,35.98422312633935,5.996020797493157,4.580420116853676,NPK
Maize,Silty,88.7962332100444,34.780152543739646,63.29049756130828,7.062215186576192,2.496186408425241,Organic Compost
Potato,Sandy,53.871477224018946,68.18235679985067,9.954936931066278,6.4485814511232356,4.635174489778105,Potassium
Tomato,Silty,51.31524042579994,84.76479181905424,14.432867898196346,4.518439743892673,1.9853495308945412,Potassium
Potato,Silty,112.6762589068868,39.235921547874106,71.66670336455735,7.098723351781536,4.0090006031224465,NPK
Groundnut,Sandy,131.97877833696202,45.55569829566953,39.96662199564338,6.188486228200727,5.185418008808711,NPK
Potato,Clay,36.96142854419391,98.28218952763434,68.77673295478553,5.866793361960891,1.4339995683667561,Urea
Wheat,Silty,23.666626474920854,79.47206841952426,84.01350642659222,4.876587009132894,3.79124516475741,Urea
Maize,Sandy,135.69141289488363,90.23439243852019,85.9991315602311,5.381478762265965,3.1176667469278145,NPK
Groundnut,Loamy,58.98536491063581,46.68241096190482,21.35592631912284,5.395089166323414,2.6825187154204384,Potassium
Cotton,Loamy,87.18443469279399,27.237239378490944,51.19712937337792,8.241477997618915,5.2317423825914755,NPK
Tomato,Loamy,60.336040232800485,44.12702921171291,74.72303874508621,6.230051898986187,5.119793900357851,NPK
Wheat,Sandy,27.612327088447184,73.02873219399378,78.52815664535649,4.66826338886068,5.414898646743855,Urea
Maize,Loamy,92.50643029268193,15.395888459418035,79.54421816924336,5.055266728973283,2.1121786930276496,DAP
Groundnut,Silty,83.51971924774816,30.694565033568338,26.675896766155525,4.816130702931648,2.9999647140362944,NPK
Groundnut,Loamy,38.41909828676761,9.430410543851087,23.290807683758466,6.855477560828845,2.467751445965551,Urea
Wheat,Loamy,73.2616662513189,46.0730351421225,61.05118448600111,5.246485966267307,4.783525234984893,NPK
Sugarcane,Silty,121.57265056219042,83.60734491806326,75.40315078513088,6.494230561127104,4.2274598244673145,NPK
Cotton,Loamy,92.65965443510478,7.343050388311026,35.31825397574836,5.980248251479902,3.31205616314925,DAP
Wheat,Silty,23.56842578937928,69.15573504668077,14.946989901930047,7.715505508576797,6.502103662079032,Urea
Groundnut,Loamy,86.72300961207891,93.58710807880526,73.09090637645737,5.781958549061449,1.6578162108586796,Organic Compost
Rice,Silty,108.38336190054216,27.508146843562315,33.47129398110043,6.333061929587233,7.824276821289495,NPK
Maize,Loamy,120.97847680930519,70.89530986912658,20.804458809613575,7.385142194391303,1.815808544707231,Potassium
Wheat,Silty,98.07646100879735,97.63468060451903,19.03373519772751,6.233404827722557,6.411495687978586,Potassium
Sugarcane,Sandy,31.372143035709723,96.416415714484,34.91640701503805,7.672862144052756,3.5776113241258227,Urea
Groundnut,Silty,109.4242573226225,27.318273337768613,61.30441626180582,7.146737424946659,7.056835603922639,NPK
Cotton,Loamy,104.8278584514123,14.531450055146527,39.04821267591258,6.142116455786864,1.5191896414891344,DAP
Potato,Loamy,13.419763611688651,19.086841100112014,6.962875901376001,6.515927702745451,3.6230519713463645,Urea
Groundnut,Clay,67.64467346263405,71.69338850580351,14.206301294392052,8.368813823368773,3.348103845501654,Potassium
Cotton,Silty,56.61303457473226,73.94709316806117,32.59780848386882,7.146445986033569,7.952099267578747,NPK
Wheat,Sandy,103.71768899551007,69.05247335467891,67.67192580397372,8.1199809038893,7.898842964227379,NPK
Cotton,Silty,40.2590137235289,36.92744683551262,14.358931979510714,5.2150340138842575,2.328627710664716,Potassium
Tomato,Silty,92.72206921639619,21.128809277021602,58.26240108256477,6.432944624980608,5.409628724888372,DAP
Tomato,Sandy,137.8488346539841,60.17230373546405,16.389157728280402,8.134646679380202,4.748635939376582,Potassium
Tomato,Silty,121.69233210920508,50.949642346997315,25.10345609819124,5.7904482457656705,2.080614438685171,Organic Compost
Sugarcane,Sandy,139.00408307031427,74.23924397661882,21.357910117797463,8.370656792585683,2.174457942730961,Potassium
Sugarcane,Sandy,146.9908353705766,46.929207475134035,11.386720379226997,4.888309961894629,7.924762099356883,Potassium
Rice,Silty,11.493817780862788,37.1707709952145,68.77633265172608,8.110684681100148,4.169109955346529,Urea
Sugarcane,Silty,97.18377869284686,32.88046484910637,49.023337001673276,6.280848488263435,1.8806090440005145,Organic Compost
Potato,Loamy,67.7975156862469,25.08968040472592,83.95007688524713,4.794976660564643,2.50353027117478,NPK
Wheat,Loamy,130.37962864691704,30.245905737732834,14.39462979832011,8.01808637034435,2.8784364707398478,Potassium
Groundnut,Clay,45.25405828127844,14.00889169018963,18.749628667116863,5.507760849636454,4.576420843230335,DAP
Groundnut,Clay,147.34412847611065,37.95141603824451,34.113484478292804,4.589000501980901,3.348836906544165,NPK
Rice,Silty,95.91911573612462,8.474132174481028,77.75726875918677,5.043228422276769,4.185082501229447,DAP
Sugarcane,Sandy,121.09523631203633,22.709315480801045,34.04708819979139,7.136458967599046,2.165496857709539,DAP
Potato,Clay,21.983937395187567,75.94319223884577,43.799777212375794,8.41124595655278,3.287100834112543,Urea
Cotton,Silty,35.6841038662411,35.91955392427916,33.65233879823063,4.945848558334067,1.4922161490242782,Urea
Rice,Clay,116.17651422478845,68.48251661284766,12.621307721097846,6.347792192499048,7.227971914330941,Potassium
Potato,Sandy,13.078113085505304,73.10399668174135,94.2461941751378,5.22254620379013,2.3912673401800477,Urea
Cotton,Silty,124.36291802512959,60.21260755955078,57.11120424676294,7.480146136406368,6.298300948001172,NPK
Potato,Sandy,11.952862616867604,96.07628542971285,79.8441528776222,4.972235599047257,3.4468625174234218,Urea
Cotton,Silty,101.99663746857827,7.036787329195759,67.54392375760312,5.459366993923558,4.320781232578553,DAP
Maize,Clay,61.11314883245282,75.1720018058735,53.854156510887634,5.285623870596286,3.038827276228588,NPK
Potato,Loamy,95.60927938068788,96.08473117433876,13.519434382641112,6.710079121467912,5.875088897751589,Potassium
Groundnut,Clay,107.44439697847592,86.91581428852923,66.05968680067892,7.992736368002529,6.911824934922952,NPK
Tomato,Clay,57.94653068608259,20.949805721476267,19.760183813999053,6.544360804625674,3.0038912931771167,DAP
Sugarcane,Loamy,25.114742735516977,36.04792909391455,44.36640108884628,4.732973811085885,2.695523505645147,Urea
Cotton,Loamy,19.75042148475719,21.382924788264212,64.76574863064089,6.7535557223873255,5.770081858247279,Urea
Maize,Silty,92.4510431587567,62.12429456239689,79.31175504485172,7.690083997272037,2.366071423974046,Organic Compost
Potato,Silty,82.89174952277561,72.65785828805177,70.07929169231886,5.028624789217291,5.478878359268406,NPK
Groundnut,Sandy,113.90814127695855,35.12200808949053,68.79568526018974,4.790844857378367,1.6609965578554489,Organic Compost
Tomato,Sandy,81.3629714005512,56.25312452850807,19.159009871644713,5.251231110230276,5.34096011972481,Potassium
Cotton,Clay,69.14241060432308,70.63745415676352,37.88221130680085,7.48434529128651,4.593847138073032,NPK
Potato,Loamy,65.73220495307231,45.027282578049594,9.076665902718444,6.866721678128006,1.7973400090341585,Potassium
Potato,Sandy,13.702566363673444,86.13147539326863,73.35030485176414,6.662378615846995,5.543725444052198,Urea
Cotton,Clay,56.978008237532,78.29724385234263,95.49566822515482,5.497919578527073,4.125900099238531,NPK
Rice,Loamy,146.6428220534292,11.143226665804214,30.090487067012198,5.828946380987437,2.5198053557196,DAP
Rice,Silty,132.29778067179242,64.00690341362875,13.331187370419386,8.36354005177337,3.473689089915241,Potassium
Groundnut,Clay,56.112929384790476,27.355927341176212,50.17915729159709,5.462500906917542,4.4447147394725075,NPK
Tomato,Silty,92.2913567092921,57.96423514339115,86.38633119711903,8.106581693020354,1.6408795908506741,Organic Compost
Cotton,Sandy,128.62154437496915,95.9044020501318,57.43754855081907,6.822126017830946,7.70326638189848,NPK
Groundnut,Sandy,71.77840714500961,88.51089043246377,9.443829268060764,4.993185865484991,5.658935093484849,Potassium
Groundnut,Loamy,12.514100925021134,43.42905829593751,97.55586285015487,6.3692495126202715,1.7177448690138721,Urea
Wheat,Clay,20.43146465460961,32.69381654271358,83.72174144644707,8.294194869443503,6.760035290299216,Urea
Potato,Silty,81.45498098881893,27.268545718784605,17.501437319893466,6.174262392549434,3.257884516623018,Potassium
Sugarcane,Loamy,145.72151259462296,55.58891262686941,92.57078686783335,7.953546259157449,5.177596756992287,NPK
Potato,Sandy,107.04933591064149,15.85360305951535,47.81538741749292,5.525714778606831,2.939999891057013,DAP
Rice,Sandy,19.928266801399737,57.18112577218361,40.33030910461942,6.783688607201492,6.13384161440225,Urea
Tomato,Clay,36.51052261086079,5.126695751625242,48.80006640008288,7.875408232807895,6.061062825000716,Urea
Potato,Silty,117.98524005035901,35.76571492085526,84.28433590273998,8.182753764678782,4.864304198106925,NPK
Cotton,Clay,127.80156639387427,25.89375981390522,67.65056943724466,6.443293468605203,2.6864791473010463,NPK
Groundnut,Silty,96.47724206640272,97.26578504627429,10.628602977974115,7.058752408581716,2.7759266525850186,Potassium
Cotton,Silty,100.21924374817432,74.088020359148,95.97241525603624,4.511920523129324,3.6800395768646004,NPK
Wheat,Clay,13.967243053673851,38.217071143912584,19.039492680440187,5.5128932300535585,2.0150851717739973,Urea
Tomato,Loamy,125.9942363414112,13.82028322040895,75.82895541485836,5.614848414987783,3.363589992336465,DAP
Groundnut,Clay,120.35852914391614,54.09605649560928,65.43297039067244,4.873972046617723,5.7904822087381875,NPK
Cotton,Clay,46.2649201744686,25.277548725974018,22.81516455492328,5.618780053427907,6.815916960415949,Potassium
Rice,Sandy,109.21474079517097,55.960806860343986,21.219547230739714,5.784488132232557,3.32807603345353,Potassium
Sugarcane,Sandy,40.07964489949973,84.35942364699478,87.68112140194575,8.375064158272773,2.6351318077805477,NPK
Wheat,Clay,15.646222547211819,63.500292449631615,44.87101773246173,7.174409522243351,6.82849804834594,Urea
Tomato,Clay,38.15911596265282,65.20989985677521,67.18476884654316,6.2040203176653765,7.2349281917014485,Urea
Wheat,Sandy,35.00804274560193,56.39787746096709,52.886745366383956,8.452217842782037,3.8701506631844502,Urea
Rice,Silty,57.28471954287861,93.09023509998387,74.09858412221615,5.112929280938445,1.1883290769474368,Organic Compost
Tomato,Clay,68.58292960456413,93.53075501995731,50.5280256287364,6.404204775721938,5.864731346259063,NPK
Wheat,Loamy,81.1954448096791,53.70870410198746,32.301091949279,7.088248828196198,6.488232653281907,NPK
Maize,Loamy,76.74554257116594,34.047151278632924,39.52142024466716,4.722322537936308,1.1261697721510817,Organic Compost
Rice,Loamy,47.89444483514051,48.66076555854717,86.61238097278255,7.367995432332475,5.165215973390592,NPK
Rice,Clay,14.083893600370425,22.723001658583488,49.46329582765907,4.89946941168796,5.118581307709225,Urea
Rice,Silty,94.71422711320109,65.4527099552185,25.277686563237882,5.061129234398708,3.650955361235398,NPK
Maize,Silty,65.40427617862962,52.50877189931216,93.78751186733906,5.138758049848336,6.248371280955864,NPK
Maize,Sandy,51.81410203425696,14.81354539226159,80.67704336734582,8.21555930662207,3.9972532668005245,DAP
Cotton,Clay,131.37174599627173,23.776539206363456,10.288283875338918,7.232942180552671,5.7374316625395485,DAP
Groundnut,Silty,114.54406309174237,50.56503583895505,99.89958138814919,7.121710004412416,4.619821132446063,NPK
Sugarcane,Clay,130.0871767721419,89.32095411829154,71.01803616180972,6.721973985859968,2.7392522329199074,NPK
Wheat,Sandy,79.29759125974454,58.80711845995425,20.22532690885576,5.671223994780411,5.245506041070922,Potassium
Cotton,Sandy,28.330375297748848,69.74582501980473,27.53092972336666,6.983558818397405,6.158359463920892,Urea
Wheat,Sandy,107.47100105697814,37.20771222567142,70.78232071794696,6.14059887955456,7.817339714059026,NPK
Sugarcane,Loamy,38.85032919120454,59.28408233920226,79.07730025151659,5.081664600370459,3.6607626276168945,Urea
Groundnut,Clay,71.77215367284035,47.5010831506164,27.708414599231585,7.258389161310932,1.4513078126644579,Organic Compost
Maize,Sandy,19.10011045284439,67.61734169920027,29.41204112043073,5.018328671719691,7.915798548549462,Urea
Groundnut,Clay,125.54317633921754,9.804678777505984,34.17646601284578,5.262674324084693,5.366646615978754,DAP
Maize,Loamy,27.631689746650082,51.86352054270112,61.81174465948049,7.770797247390424,7.6251532071253845,Urea
Sugarcane,Loamy,136.43365098690336,33.119299388676865,21.322536938621308,7.1404683845006165,1.7267896020778353,Potassium
Groundnut,Sandy,130.992284316618,35.98758082140138,14.903103894053864,7.0239646168545695,3.394236879093204,Potassium
Cotton,Sandy,75.04158702149445,96.28715599801583,69.49208846312379,6.172811137370896,1.93755689210907,Organic Compost
Tomato,Silty,114.2115486025587,22.356007207581364,79.01430428035115,6.085122072957485,6.848571082074416,DAP
Cotton,Clay,96.72231033454146,34.56829899496671,52.58829341956802,7.261050436741605,7.162399190005213,NPK
Wheat,Sandy,122.43058992728429,53.43979469443282,39.56410747549661,7.460022154436183,4.509181899125143,NPK
Cotton,Silty,70.45271411002769,86.98756007421424,46.044057785015255,6.540852809457242,2.306243523634213,Organic Compost
Sugarcane,Clay,120.013187794209,44.58365790460519,41.89874421783543,8.377076977394104,1.8898327832779598,Organic Compost
Rice,Sandy,74.74395438912072,75.66720168437625,96.19856628257915,8.322798235675489,5.117148770561447,NPK
Wheat,Silty,141.73521029799113,86.35553933040623,77.96854099581832,6.149717960051035,4.544634272097104,NPK
Groundnut,Silty,78.09209411552067,34.451553803075655,24.768285410760477,7.782489017132614,5.863523716573673,Potassium
Wheat,Clay,74.76669807072213,42.311267436177445,41.497969445128106,6.673071366393661,3.1364508383399383,NPK
Tomato,Silty,119.91006061889178,38.87284125039385,56.68116767949543,6.5470235502286975,3.8165759651705358,NPK
Maize,Clay,125.02087684651731,84.1213018187025,63.2336568960504,4.719856245514608,1.1495275169581016,Organic Compost
Groundnut,Clay,87.6284760049639,9.21295188559211,49.477470122732875,6.795898841873241,5.271001315528703,DAP
Potato,Clay,35.17169388931056,34.3000034387246,81.96203032613612,8.102311722252658,3.962004649425345,Urea
Wheat,Loamy,75.48615233406113,69.54381297153733,77.92257184853202,7.620535396780369,7.438352436694135,NPK
Groundnut,Silty,145.53015040735497,58.71713245870755,52.99000226967584,7.645268578797048,5.4925040839336345,NPK
Groundnut,Clay,115.41806702548591,46.447489132900955,86.17079174426439,5.139716154305357,3.790861440147857,NPK
Groundnut,Sandy,123.5627645430785,56.295081586031515,76.35350539202666,5.933797788534255,2.8451242661134524,NPK
Maize,Loamy,14.595569834693618,23.77053565369024,78.96527562846111,5.432819666600944,7.3369945982534714,Urea
Potato,Loamy,75.50032476878239,45.91807905276099,95.85807404617458,5.763661129822544,1.1138555188221029,Organic Compost
Sugarcane,Silty,100.52695871205775,52.66178349675316,30.314359414874254,6.818157373974902,3.288387270766745,NPK
Cotton,Clay,126.20457570793046,90.61296658568716,30.42657542485067,5.959135253480992,7.604539086516245,NPK
Groundnut,Silty,16.898311501588005,29.779340466377754,89.45046429061081,6.742791269857064,5.578231048871018,Urea
Rice,Loamy,129.34144398986223,87.4437077056686,78.36150547163955,6.254004993098308,4.729033498983094,NPK
Sugarcane,Clay,86.77613114386764,66.20293307846828,93.0218264363846,5.6464622337989105,2.424743025442992,Organic Compost
Tomato,Sandy,37.62395588064839,6.932378951422093,10.997365230823041,4.8816137368206345,6.83362341978071,Urea
Maize,Clay,54.415730302958,73.83997700544239,64.63692233985168,8.06735382937913,2.4293934381494324,Organic Compost
Wheat,Loamy,49.47013724521851,8.377428367160233,18.739692121727508,4.545493464018595,2.7377747206487495,DAP
Maize,Sandy,84.32026480038661,99.75120704731225,52.87023383779535,4.506609952567885,2.3429580001029864,Organic Compost
Wheat,Clay,17.235995187558455,87.9004853306638,19.7959585260772,7.807190959054184,2.1070462239866536,Urea
Maize,Sandy,32.195062189989294,33.24765601630433,17.167458353563532,8.48724376130316,7.6731874718516195,Urea
Wheat,Sandy,123.77702607260954,29.454066868687015,6.1559928112931495,7.408411310854625,5.214221172989159,Potassium
Groundnut,Loamy,28.564558704553548,41.236902800032844,64.8726871763759,4.561095352251539,5.464859924070658,Urea
Cotton,Sandy,42.67547772413778,38.83586170487209,39.10714858555818,5.406760906674053,7.680278259751485,NPK
Wheat,Silty,73.47188478458202,40.3720927466112,14.99288706350231,8.387290801047845,2.6140253858789384,Potassium
Potato,Loamy,82.39692433586626,35.23627188135064,35.669588884474436,7.734417008695339,1.0414227701838445,Organic Compost
Wheat,Silty,116.9054671459822,64.00767365059149,21.04968868790057,6.767199375218844,5.192185546992038,Potassium
Rice,Sandy,72.6265397332663,20.605048053459278,94.46100899265765,5.447442837761436,4.554913972569111,DAP
Wheat,Silty,120.58104694497543,85.36822278237125,35.400464147328066,4.557480823706996,4.343552641788058,NPK
Rice,Clay,96.56848298636405,82.17823598297495,36.72558471249204,4.583445890549636,1.433161478723394,Organic Compost
Tomato,Sandy,25.833963519335143,50.26590474625069,84.78651032296064,6.9479234541209065,4.1810440660234915,Urea
Groundnut,Clay,31.8864013749974,86.00934670146202,66.5367973221704,4.587327505409693,3.0129169556348923,Urea
Rice,Silty,71.18472156296792,28.478781652877863,72.46630270328512,8.474520567701491,2.921952740570192,NPK
Cotton,Clay,65.56451503246555,6.668718291876861,65.42017137895125,5.233535333974952,2.55667106125365,DAP
Sugarcane,Sandy,114.09619774922125,63.824752877833184,94.88864697511372,7.34282944747711,3.327698518281995,NPK
Groundnut,Clay,91.30319957162926,48.50139366164796,24.66507899801429,5.120238885649654,3.4719315260038868,Potassium
Rice,Silty,64.3386313403149,58.880631898107715,98.9587279668006,6.6603736843908585,3.1614304345339823,NPK
Groundnut,Silty,33.90643968305399,90.43724385674828,83.94083686786875,4.82244515386487,7.851269010036563,Urea
Potato,Silty,41.757194325569316,97.14292948876462,60.952395943252505,7.567113698132973,7.52911759856641,NPK
Groundnut,Sandy,90.57014258566826,65.27304827678229,67.92530431764365,6.839684378899319,5.021570696674035,NPK
Groundnut,Silty,69.28143268597094,77.58528103598165,66.63845826755833,4.84466677360566,7.867383868872169,NPK
Tomato,Sandy,82.08985124049408,12.961801181280606,10.54764128561962,7.894344756800022,7.938386072234331,DAP
Cotton,Clay,33.89484094231271,20.267980564693033,25.71156736053417,6.688074459106808,3.4915779701211176,Urea
Maize,Silty,102.80687532823922,74.65445647053278,96.33973402985117,8.186369240053272,4.116312820178211,NPK
Maize,Clay,129.3554237198354,45.97971835686018,55.76462074164103,8.166493494712451,7.713432438892659,NPK
Rice,Loamy,46.111530950166085,47.36670068841854,40.943592309881645,8.18203115794633,5.260383395090805,NPK
Groundnut,Clay,78.81199161645571,34.31772975536648,77.39365402196212,4.811140800801872,2.4905035798609076,Organic Compost
Rice,Loamy,146.57382606292626,62.69885643038566,54.82929955230191,4.983831047018094,5.825664678355502,NPK
Tomato,Clay,56.65384367710187,22.590679314539248,6.250463286030271,8.450823238864793,2.4402232743226127,DAP
Tomato,Sandy,93.30648828932657,64.55704653482007,74.9425716879362,6.450403285594824,3.3755042057029208,NPK
Wheat,Clay,22.62739802803421,21.51089142784777,74.56066820502183,5.452856211316591,2.592921141667461,Urea
Potato,Sandy,94.84210034712204,11.063473297422792,20.689127650447567,7.578657953994632,2.7148615115368955,DAP
Tomato,Sandy,22.54844826264651,36.3839804264108,95.88270840030027,5.557140884849928,1.0325890709674757,Urea
Wheat,Silty,144.2929609453351,26.95833249093553,26.27127249640586,7.408862752074569,7.164961825396163,NPK
Cotton,Sandy,110.19277129012359,89.45420566285158,48.48618990130893,7.849143111399044,3.0719334669305565,NPK
Rice,Loamy,120.3423703389989,10.220578117519526,15.899916319786895,7.637053509181122,1.6046206566595613,DAP
Sugarcane,Silty,108.57461050802915,21.77830079454167,62.3118203478059,5.596191232791742,1.6089118397676199,DAP
Cotton,Silty,92.5620650507052,57.128362530389694,40.66785640543519,6.106474296316948,4.8921279352266644,NPK
Tomato,Clay,72.98778935197075,50.701383130509996,38.55147890992202,6.153004012933105,7.95044385373756,NPK
Cotton,Sandy,130.17227316654873,9.355941745596645,83.56280333598998,6.465091672417888,2.0151572708913417,DAP
Cotton,Sandy,143.9569934560288,5.688980661438725,5.9083627207954335,5.169491406160544,1.697352466647616,DAP
Potato,Loamy,79.86506420657139,98.86645448630924,80.80494323478014,6.30988020165737,4.068127162814635,NPK
Potato,Clay,140.41490688173667,67.58929653408963,59.28761374606747,6.543131962061919,4.943318776885568,NPK
Potato,Clay,91.66660739839244,39.7135824356479,98.67935878061891,6.62683598632421,3.060662512145583,NPK
Cotton,Silty,85.37378616550065,49.69106352800792,60.997105957403654,7.779601719937833,3.117654647597065,NPK
Tomato,Silty,73.62758261374994,30.32226144315726,10.261017744056002,6.569337993917981,3.9713355129426464,Potassium
Sugarcane,Silty,39.30028661421678,37.76300945085492,9.811306012154,5.423135690054701,3.1990193060542422,Urea
Groundnut,Loamy,10.520752514528287,66.65922439048032,88.89953370532403,7.152514952976748,7.407321084979618,Urea
Cotton,Loamy,43.81087175984858,88.86712089240022,84.91534382355005,7.689256576346501,1.2936819990344026,Organic Compost
Wheat,Silty,81.36124402449913,22.492352192712563,37.85955718029221,5.777486665753047,2.6419911190919225,DAP
Tomato,Clay,63.19439331636536,84.83434301160528,63.71308599720803,7.08122371607042,6.659869573591949,NPK
Cotton,Loamy,72.78793192036873,16.547879804235563,51.51117892028203,5.087751983784051,6.837706872654698,DAP
Sugarcane,Clay,147.29075073896695,25.424261240897163,96.88058523792496,5.867705218312256,1.780885552749408,Organic Compost
Groundnut,Clay,59.03813189370587,8.531652364716368,95.2462855833047,8.136895718198536,7.816344150089017,DAP
Potato,Sandy,73.3056115104151,18.37712689883495,98.46470581137358,8.145232652650282,5.8534839492937625,DAP
Tomato,Silty,28.692177189394737,92.14379881908481,87.3126341602551,6.801298314972255,2.9081513918851694,Urea
Maize,Sandy,16.71408254117827,48.646680928745965,91.40740112363463,7.309405843460427,4.192265053701181,Urea
Groundnut,Silty,118.55733204294924,12.378256868943588,25.641483982877958,7.9160616608237655,3.0799703369757703,DAP
Wheat,Silty,89.895644510077,96.17404961370133,83.94564495402858,8.334212741250507,2.0501557489809357,Organic Compost
Cotton,Clay,116.4986728461453,88.50426923707177,72.34142575440609,6.459545761159077,3.0382464532424063,NPK
Sugarcane,Silty,30.980791844117228,76.69483948247341,96.46471833866667,6.746302946504137,5.0606435624273285,Urea
Maize,Clay,90.05602796557673,93.679915235018,59.26987370204884,6.1625662665913215,6.7817878638482805,NPK
Sugarcane,Clay,45.509946407792576,25.912294979397593,13.090880837502853,4.787927748225715,3.5447035242270406,Potassium
Maize,Silty,41.92865436600279,84.45508283595821,61.75289466277953,6.191213889795273,3.435310783834892,NPK
Tomato,Clay,11.613641967417935,70.5491636536591,70.22518816202233,7.662509357532309,4.276004907569258,Urea
Maize,Clay,28.247701299670066,87.6271287089304,25.930497727680688,7.719541991966114,5.511889199750424,Urea
Wheat,Clay,53.29753560995735,80.70659874554983,42.440771433709195,8.0695084583732,6.261313837026165,NPK
Wheat,Loamy,26.363026482731467,37.91703100179837,61.857824334909594,4.705866820703877,3.287596533596317,Urea
Rice,Clay,148.02018165753125,78.56786101663928,40.54004504506803,6.608618358322536,5.104467274775972,NPK
Wheat,Loamy,53.2085707933531,29.93334878356458,40.620033137673076,4.929697951748305,3.7255258889661773,NPK
Groundnut,Loamy,28.245352538325943,36.21625548766521,17.643230721415755,5.302968732662974,6.014798952543702,Urea
Maize,Clay,37.87152379591409,15.251043136182734,94.37093869237827,8.100866009522425,2.152724443619146,Urea
Wheat,Clay,92.2784519678067,93.83227851814453,76.29696652703417,6.487165033718783,2.7984740553590726,NPK
Tomato,Loamy,18.96609334107039,32.64531952302674,5.118126692279691,7.534179683586455,3.9824229388992487,Urea
Sugarcane,Loamy,130.74077821976198,54.45913419128792,77.7332619821057,4.757536423714724,7.225903529449574,NPK
Potato,Clay,144.60995509320063,42.1766194642883,75.28052430249659,6.167306015699408,5.013280525454832,NPK
Sugarcane,Clay,44.54463889343332,96.19317145543265,5.924441214774684,7.196961122657351,7.757772832869882,Potassium
Rice,Silty,73.01333760272031,36.82967123915583,40.112408273307636,5.033625925112853,1.722943796967587,Organic Compost
Sugarcane,Loamy,13.09882314412959,78.96185303515546,62.64103058092541,5.803271516422733,4.221227895556543,Urea
Maize,Loamy,99.69943146181102,86.2645346899621,48.01131192651341,4.758191220095533,3.9335497103176893,NPK
Rice,Silty,67.94964812736245,46.38261726069176,78.90868127844819,7.105359763478042,5.201443234841779,NPK
Maize,Loamy,47.8081852542178,40.92632237302847,45.41854160027123,8.383565036232474,6.683752260953048,NPK
Tomato,Sandy,38.95719548632519,76.03585298859966,19.61698209811452,7.808181964571318,6.890136179081422,Urea
Rice,Loamy,101.56323087222646,91.72511812909224,97.75948430601372,8.398492467230263,5.691362260938558,NPK
Cotton,Silty,68.27038434452402,76.71851464186264,27.993799313724427,7.882419180393586,5.490754549718876,NPK
Groundnut,Sandy,35.15230046418768,26.577004731227234,73.18076950142657,7.920783224787915,7.643206794313652,Urea
Groundnut,Clay,106.47527140815536,89.38923600658201,18.599849608086835,6.80870878148537,3.685811811468972,Potassium
Maize,Silty,89.11011962513712,41.82025840649914,36.256198309473604,6.573009245652839,6.829483199319418,NPK
Sugarcane,Silty,130.21408769012947,59.741794118903755,46.99262280089026,6.12501706571131,7.450526089646059,NPK
Potato,Clay,26.446625842709008,83.98638383280755,23.26204043007107,7.77237958018352,4.440774709856378,Urea
Potato,Silty,119.99332427222386,22.89750290304676,47.7461597550179,5.228270449112099,6.103718050223102,DAP
Cotton,Loamy,104.29235015441627,79.52846288936755,19.93046818421625,4.724899663296773,3.6391389966963428,Potassium
Rice,Clay,26.101531155933696,61.635465801514364,58.10562120365957,8.2915752907387,2.1121530993678284,Urea
Cotton,Silty,107.2749021820409,89.86745597362278,68.05275898941844,4.515112740813908,5.105527170306977,NPK
Cotton,Clay,71.81662044317625,21.337188175136582,10.931256982661022,8.407317287503407,2.375301555946723,DAP
Sugarcane,Clay,142.29786997781804,44.9648125188882,87.75755150280597,7.415413479495063,4.203193915627083,NPK
Potato,Clay,29.825589086505904,84.12009382234956,22.588384078993375,5.8139956787913105,7.110155193298333,Urea
Rice,Sandy,99.99667471420332,6.827011828392217,26.40943040543076,7.291279372345241,1.6021273129457636,DAP
Tomato,Silty,63.47720636481243,15.659129842736071,67.82823480789098,7.77150062874051,1.2129997496525475,DAP
Sugarcane,Sandy,143.9540538827229,99.1036952118898,49.531350741269335,5.481448223945744,5.2453449316732135,NPK
Cotton,Silty,56.1964853406387,31.637446966083303,52.44258192125124,7.583582733118328,3.3174292861642654,NPK
Cotton,Loamy,144.70602732885203,97.67660340377557,17.174723533497605,7.717478500032961,3.9255639484814067,Potassium
Tomato,Loamy,136.20801915410487,22.340497345824023,81.54490307825878,5.497418520501382,3.839974120608321,DAP
Cotton,Loamy,47.85365294349189,39.303972085696884,63.62015337989995,4.667705417511934,1.6063416030669448,Organic Compost
Cotton,Silty,122.49584875569988,76.52259722783921,17.861294114398323,5.316489138232391,1.0249650287571619,Potassium
Cotton,Clay,149.38458825249083,67.48894868762696,40.52993986743162,5.302585635557578,7.288962700049851,NPK
Groundnut,Clay,45.37282030397953,60.20662799326028,81.98894360982787,4.760961816701933,2.524589926326225,NPK
Sugarcane,Sandy,71.14880370526475,55.34042170147572,58.993729368728964,7.404029538620783,3.982552943050018,NPK
Wheat,Sandy,82.82530311934636,85.12684214815032,15.321634017628394,6.019899697833633,7.803480576697551,Potassium
Sugarcane,Loamy,51.290359012541,27.32011346917231,40.41381934998224,8.037544669815434,6.787338073885566,NPK
Tomato,Sandy,12.137077550444166,47.03473806438425,28.055967853294785,5.508684422660744,1.7555159868389154,Urea
Cotton,Silty,40.818094187653735,19.76796775486344,54.15922759710401,6.3129286603997095,4.559633221288101,DAP
Sugarcane,Silty,49.47116380784618,61.61445159441691,85.11930724283901,7.056069715707052,6.110553185465112,NPK
Groundnut,Sandy,72.1039581845462,28.801720305775415,46.445377806419884,8.009859798687112,5.888749494994487,NPK
Potato,Sandy,33.95434697787626,36.71499611262165,46.16749288499069,6.5984844064775,6.325892966831292,Urea
Tomato,Sandy,132.25560993683416,49.768818079235174,91.0083357210685,5.994098511249531,4.2021825842162475,NPK
Maize,Sandy,108.68755858238706,7.543205641797146,59.737614188190875,7.968060313888035,2.2314605053119747,DAP
Sugarcane,Loamy,21.92806685835268,13.734103912479577,58.78815330275365,5.740985698750443,4.254107107435608,Urea
Maize,Loamy,101.01294315959039,70.16327596728087,29.88143972816199,4.817694798530306,5.535210744213044,NPK
Cotton,Sandy,101.51190669678685,45.75214816816319,62.733661044527,6.28016843004096,5.260144606236175,NPK
Groundnut,Silty,143.87096431010787,87.15507108999006,59.711494404652655,7.640373225991968,1.4936543765202521,Organic Compost
Groundnut,Loamy,10.422921989862575,70.99384034619895,42.700889682477076,4.623123327014092,1.4546670385753422,Urea
Sugarcane,Silty,44.71054297281301,5.769589456495632,99.11607876042214,6.843528979958368,7.756804818086484,DAP
Tomato,Clay,139.89080711254417,63.58767142287781,88.77964167006824,6.877856194108944,2.0626381852783973,Organic Compost
Tomato,Silty,140.4987481557596,13.90386227567306,76.21069755729748,8.214167053709527,3.0612372480820538,DAP
Groundnut,Sandy,110.88209871188923,79.18865208009696,56.047830899235045,5.645859268580088,6.373441375093158,NPK
Tomato,Clay,117.2068649466556,99.19323038645769,48.89568117998987,5.615346452842784,3.8677395307622247,NPK
Groundnut,Loamy,22.807614110150595,55.46388545294359,22.56525254620394,6.261934605358713,2.270253972820229,Urea
Sugarcane,Loamy,81.94261686895271,69.86405251844238,34.045060031389255,5.927659605886061,4.270626676168471,NPK
Wheat,Clay,42.421618780459916,27.544845285001397,78.52627598320497,7.445383450757307,4.982649795343561,NPK
Groundnut,Silty,35.37052610590642,46.57178565661039,48.10615062406739,7.067008308526198,4.16936626494653,Urea
Maize,Loamy,123.44246187726655,86.32905656245644,88.81560407410262,7.535684151625065,7.432622528304764,NPK
Tomato,Sandy,28.90533913527664,20.905180035893864,19.051557952825235,7.780167164794756,2.9928950656965303,Urea
Groundnut,Clay,75.61122917949393,30.2258825333074,53.292974121295465,8.191924530936591,5.629325124897696,NPK
Groundnut,Sandy,141.40095354204462,47.316199152172864,66.46173998202433,6.22374692713859,1.786063049869284,Organic Compost
Sugarcane,Clay,36.01648777914796,72.66364472518133,54.10060334925297,8.438789557886198,3.745998203648186,Urea
Tomato,Loamy,146.91907932335283,40.70897570558901,89.47655470057377,5.3626432536146105,6.186952761094815,NPK
Wheat,Silty,149.20031800654826,93.13456657938536,99.00851177376828,7.357460647789314,2.573718584126258,NPK
Sugarcane,Clay,87.78640165553641,13.973419870528321,16.004292542430125,6.636037269228757,5.1283973195808885,DAP
Wheat,Clay,33.819983624802106,40.22639876676051,17.345715887307495,7.767602378739534,2.0740592044634223,Urea
Potato,Sandy,54.25468431172539,72.35064172570009,17.380790788211502,6.407082082425704,1.7189118395295977,Potassium
Sugarcane,Loamy,69.42899657471492,26.468742737841783,69.71182412670012,7.6357545414497245,4.662629242475299,NPK
Tomato,Sandy,53.30539141015121,67.35924775181894,40.4042290721046,8.220674858590712,5.725076972602201,NPK
Rice,Loamy,49.288981182712206,20.600611031597865,74.66489282026107,7.429177064560349,1.7935694636413841,DAP
Tomato,Sandy,146.11215929029007,10.318127061860206,43.51978992426298,7.604377144873297,7.424433766610405,DAP
Tomato,Clay,31.47107583820439,16.496493091121643,64.62263852654604,4.7687017250634245,2.580405838882268,Urea
Wheat,Sandy,112.66590722036072,93.34855439774279,78.13651053949488,5.3198306489291225,1.8398271571151001,Organic Compost
Wheat,Silty,10.057440521484482,57.41633387925737,57.080511512217456,8.397214962014374,2.418892358451474,Urea
Tomato,Loamy,93.46557371633276,80.65284867056666,56.25284109275058,7.272748015149578,2.1870071957228934,Organic Compost
Tomato,Loamy,138.23202055356734,36.60217758597987,13.382260902135274,6.745796069244019,1.634722554290643,Potassium
Tomato,Clay,50.31077317305066,61.30257154911743,44.02426557639631,5.9679054935858,6.584874643450952,NPK
Wheat,Loamy,35.97363653608069,52.0204527019742,56.84882955636907,4.677556004827672,4.468764423208777,Urea
Tomato,Silty,101.23517128297978,94.84510614321793,48.88817843830895,5.97654363185654,3.7196360826507795,NPK
Tomato,Sandy,109.76419702177505,76.01959042514048,90.57429001790042,6.495651493158304,7.654395488888932,NPK
Potato,Clay,106.32427265327738,74.401549992175,91.12041005135148,5.345838037547547,3.5970587094535356,NPK
Cotton,Silty,54.70436320299237,9.403560596256556,83.08215115593237,5.1925471650953305,2.1688090823303257,DAP
Rice,Loamy,45.30833630230632,57.21861855535065,40.6533171604464,6.533666205430068,2.918300243486174,NPK
Maize,Loamy,143.8286319946862,49.36418812067241,73.14341941031576,6.843616942510176,2.672765735120175,NPK
Rice,Silty,139.26193115779012,93.14501532758848,42.55240380161293,5.459671675418099,4.491188956943134,NPK
Cotton,Sandy,74.02432538499484,29.447488878005565,27.09639190269711,6.849557897824852,3.0405358676820176,NPK
Maize,Sandy,128.46714126161228,30.63417806265396,37.575751137333754,8.10135985549718,4.612428205304533,NPK
Sugarcane,Clay,73.32528686880144,44.077893643742534,11.741640162125872,6.392693032085415,5.685053974627523,Potassium
Tomato,Loamy,69.41446253015145,28.120122773605722,36.51886335544148,7.929560678348725,6.441091499992805,NPK
Cotton,Silty,31.94681266390125,17.272472191831202,48.7705106398113,8.209085778133273,5.971104468870616,Urea
Potato,Sandy,69.6968479088762,86.45441043182608,95.77068500417884,4.869576115748343,2.439135015194527,Organic Compost
Sugarcane,Clay,85.23837140397298,58.036269818372006,34.77400569086437,4.883246318627188,1.8112980346992764,Organic Compost
Tomato,Loamy,13.150605840016105,86.82945830087385,90.73308622452446,6.404176731550406,4.797151113708757,Urea
Wheat,Loamy,72.1758207245569,83.95780271335111,26.74153620323222,6.852409777270811,2.3923825384570163,Organic Compost
Groundnut,Clay,119.38987057532805,31.794023705018756,23.142045287128695,6.203533857860117,1.594536052400593,Potassium
Cotton,Clay,105.20644789239778,57.03505721080602,54.30456836105567,5.805803081670012,4.68966040085592,NPK
Wheat,Sandy,98.92197844095091,12.905681760306694,68.88858008325357,7.0639764645046235,3.2875592957545683,DAP
Cotton,Silty,137.33775998120836,91.94892898292206,9.211563826216736,4.508326049399681,6.293043083569526,Potassium
Potato,Loamy,12.5244813755322,43.40495793118954,26.001257179485588,8.37229312345497,3.1993414138389262,Urea
Cotton,Silty,87.98666206691279,42.39923746945703,48.28994831762506,5.428316352752089,7.851019959390697,NPK
Wheat,Loamy,120.22883877735899,33.76176020870555,36.44541191840224,8.168395074332029,6.309662338824957,NPK
Potato,Loamy,85.78695357817742,48.763055747516866,72.69900253809058,4.936058978138024,1.403852550422035,Organic Compost
Maize,Silty,55.345377361253085,28.917141721817565,53.5602566239251,5.45234872817829,4.562109182493933,NPK
Rice,Clay,29.0750791128769,40.61096591569643,20.234115032370518,5.4394948043500015,4.938343508498773,Urea
Tomato,Sandy,134.25883005426678,80.99496961556378,89.9742110349336,8.484611616802585,5.867118974771183,NPK
Cotton,Loamy,75.90673493426442,84.25427284059133,32.82603917091916,4.518402182903538,4.484577579236308,NPK
Tomato,Clay,132.9361275779982,33.89733537470903,74.45745535162023,7.058552837213983,4.384105188902012,NPK
Groundnut,Loamy,92.01929714064356,49.55637090251485,79.09199901501394,7.978746324243412,3.5755702817432895,NPK
Wheat,Sandy,104.38689632610011,88.01287874660497,96.4999815243297,7.189094616098947,2.900229687294216,NPK
Tomato,Loamy,122.59656161298301,10.003966523821227,52.35820931978963,5.950935272867777,7.623401483837141,DAP
Wheat,Sandy,102.28177624401881,89.46877138959961,63.504373969121055,8.33323745081174,3.2231766874406036,NPK
Tomato,Sandy,65.72767769505128,25.822512836971512,36.81324788055571,8.074083018356164,1.4439492720623148,Organic Compost
Rice,Loamy,81.90867375001113,69.46122820036571,69.42703287414632,6.2358196809980715,2.170993175053886,Organic Compost
Rice,Loamy,122.42637345462317,60.342411156537025,49.02143115730038,6.793313970444654,7.000936452289028,NPK
Potato,Sandy,62.31104149221779,57.52937107797895,46.57697464882011,8.370076751220964,5.106434213863688,NPK
Rice,Clay,64.3370039475896,86.63922135151803,86.26941526603002,8.43024144770588,6.451463845639459,NPK
Potato,Silty,23.39661624812016,14.64935364624282,9.766040132375423,6.299293102871809,6.6614708229778605,Urea
Rice,Sandy,138.04182093104467,37.96766240593542,88.7864306440275,7.889400112572354,6.762655074477513,NPK
Rice,Loamy,22.745084092361843,56.134010902752735,85.94663459371291,5.707920907815746,4.854295954212261,Urea
Rice,Loamy,100.74928484279782,82.07244112487378,53.104794088369964,5.987251491722659,2.2398441698937344,Organic Compost
Wheat,Clay,67.84722703239169,25.562092924108793,51.569271149534686,5.159287531960905,2.037629265652992,Organic Compost
Cotton,Silty,66.78671463576194,81.27833493055624,39.37169996337157,5.336738371106922,5.017890942625787,NPK
Potato,Sandy,105.13725712017575,42.965655836923894,99.44651020976477,7.127493209037436,3.565600475799735,NPK
Tomato,Sandy,19.39312256818302,22.946816361201062,15.561086611614916,6.543126472028323,4.906337688720372,Urea
Rice,Silty,93.11880961320085,77.10371184213085,61.07044738471767,5.424527442502411,4.4893449096650535,NPK
Wheat,Sandy,118.08445003612967,13.635395640082043,69.75975106067962,6.11163846544661,5.215386557882839,DAP
Wheat,Silty,125.94978610412319,53.90290053716708,93.76135078060972,5.992733839454727,1.2247825351559574,Organic Compost
Wheat,Loamy,33.87425451512854,11.068199466879399,79.11933220139234,8.449440818141337,1.2298567644108633,Urea
Potato,Silty,135.63866701094432,38.859696239989816,66.16548426709696,7.914263348845518,6.051166195939562,NPK
Cotton,Sandy,101.8604528586419,62.1022959056073,16.097170097151654,6.0518653335352965,2.351890706759039,Potassium
Potato,Silty,133.4596721148956,57.830976441285245,40.5046840989894,8.155666315584131,5.565389235344394,NPK
Tomato,Clay,77.93930039542775,43.44226470094332,18.189956042058597,5.870541566512685,4.826031375540182,Potassium
Cotton,Loamy,85.88466831360829,45.75955942735099,88.7152095842238,7.171606050939438,7.8725612998323635,NPK
Maize,Loamy,138.66535878401396,26.54310756832282,76.21400977854609,8.366599986728449,6.847841152181436,NPK
Sugarcane,Silty,135.98733606965405,48.308845900289775,76.96599474573678,6.061115455954209,3.891941649319446,NPK
Wheat,Sandy,72.74252227166028,95.55921129347925,66.9643691884867,7.219539860419735,5.314889740652155,NPK
Potato,Clay,48.417768428995444,85.79302718946009,53.16913600898742,5.683695244250533,1.821026200578304,Organic Compost
Maize,Loamy,65.04386083899698,18.79712256225266,19.24725064903223,5.565249262391898,3.704702300736667,DAP
Groundnut,Loamy,64.28700599416496,7.829174795487488,36.32101423697992,6.796626665726208,6.13721418762912,DAP
Potato,Sandy,50.161362497591156,93.68480970807991,18.007000285304603,8.417058392132873,5.358701088900576,Potassium
Rice,Sandy,47.60114460661532,55.04122623867102,73.8667485709726,6.31253539488068,4.391299270641505,NPK
Sugarcane,Clay,130.5488111071607,56.09459319918423,20.221733722090477,8.250547881266323,2.2357037283686836,Potassium
Rice,Silty,19.780668895852635,79.16820959211962,71.70078726631013,8.157454080979047,6.622021483102813,Urea
Cotton,Sandy,104.86556549394318,34.89545251777602,70.76426201161095,5.515050449379979,2.9121662308810383,NPK
Sugarcane,Silty,34.19480720390332,50.78121903942021,48.633925504172446,6.107277628337309,6.743353571633366,Urea
Potato,Clay,58.23082507516885,97.02297674894007,17.84672214121497,7.073209913976733,5.281263439564954,Potassium
Tomato,Silty,18.61602477887716,68.85412525857868,34.90607848273349,6.572183537645566,3.609119995641512,Urea
Maize,Loamy,47.79630915976469,19.605778039599663,35.40884536217739,4.883834119452697,1.2842365537199405,DAP
Tomato,Silty,117.5789499564139,17.65654105851356,71.53658764861288,8.474792120508633,2.6269319104106383,DAP
Potato,Clay,133.9021454366162,24.405152041635514,15.80558684430381,7.5106160048451205,7.223496478417148,DAP
Cotton,Clay,41.013801266331384,77.83760906996817,83.76152139052863,6.2507761528988475,6.725820407270022,NPK
Rice,Clay,74.89669749624906,33.06081536485853,77.29569256766183,6.972674198665166,5.023973190538685,NPK
Sugarcane,Silty,75.8453667112089,7.031940434132579,22.69915722655602,4.85029126906492,4.264257247734889,DAP
Tomato,Loamy,132.30054280636278,94.69656453303787,73.3206162689945,6.48120661475844,5.529998755310764,NPK
Potato,Sandy,116.79186740261275,21.122774557516514,68.50875223944307,8.22332966326995,4.2637368949031105,DAP
Tomato,Loamy,81.83081057152698,5.908027684066515,76.07147601053799,8.086403832219913,5.510133885033982,DAP
Potato,Silty,103.90460806604827,27.527502226415685,22.948212767625975,5.849523381932583,3.1518286976211054,Potassium
Rice,Silty,128.62970754731134,27.3277347762227,19.971080604864518,6.625471455285355,6.869480525380326,Potassium
Sugarcane,Sandy,11.335453563576293,45.09049883034369,27.46597866266165,7.289534096350588,5.913425254256866,Urea
Maize,Silty,66.4046043470068,92.4370339925035,39.75781179915269,5.860037067631621,3.3098293989938425,NPK
Rice,Clay,137.014043418791,88.5225671890143,80.39817319840111,4.7595168723757535,6.814662803764088,NPK
Tomato,Clay,113.6438243181532,48.404982723330654,75.10277406049075,6.521766626871219,4.411397715972252,NPK
Maize,Clay,85.99779240677044,44.03549097422162,92.91790126646065,6.906542943293346,2.2224720531622304,Organic Compost
Potato,Clay,84.15023378491868,57.72586321511087,10.569808114368467,4.523366400486041,1.5439872340246867,Potassium
Maize,Clay,58.68781366462129,28.128131137317745,6.097846696347632,4.882301494154122,5.8972402334605425,Potassium
Potato,Silty,82.87287470981204,9.957574236804469,71.41818882157591,5.329162574376609,7.0558456294560745,DAP
Rice,Sandy,101.75364792488345,94.22629293626464,31.53231210044574,5.892209147963737,6.652093920161805,NPK
Tomato,Sandy,68.57082538003104,22.73640356333141,36.737495075712665,6.6642048913223215,5.589557211555063,DAP
Cotton,Clay,109.98144049490436,23.848069278343058,56.94619246187866,5.675371675038662,1.9896253892333764,DAP
Tomato,Silty,130.572511816454,49.88373124112503,14.729246697045859,5.6047352576260145,1.6583085318365747,Potassium
Potato,Loamy,31.655878745880564,51.70326775983142,66.05596957206473,7.977397375252327,3.4152073610820777,Urea
Wheat,Loamy,73.21658319443942,6.751249921570484,35.88900739195927,5.080202563205705,6.984376232791382,DAP
Sugarcane,Silty,67.12281277991136,19.055700183527215,65.1079368085942,6.481840532689441,7.732153892146649,DAP
Groundnut,Clay,106.24507256696194,40.92470776327046,84.23065674197166,8.311298867744544,2.689525983929499,NPK
Cotton,Sandy,44.98144513611011,69.95441588350121,21.25557666705582,7.000052996464183,6.33466969407204,Potassium
Maize,Silty,99.63512809331867,26.699753399033906,93.43294382687942,7.368821919577754,5.0170845183504404,NPK
Cotton,Loamy,132.84849384240832,45.18637239296745,55.41537340093216,6.2249479655624285,1.222651569545599,Organic Compost
Sugarcane,Loamy,68.53842397110718,57.94778114806435,92.678137691527,4.579728668478879,4.800414449530578,NPK
Maize,Loamy,137.5421979970908,89.41628698921275,24.734357809168923,7.084521473468822,6.641582820925486,Potassium
Sugarcane,Clay,149.04292345068697,35.97669772107672,62.43345313740257,7.027697125712496,2.9328594834081856,NPK
Maize,Loamy,24.85288699271329,17.688035257030933,43.36927614574245,4.941710545853333,7.281531367793226,Urea
Cotton,Silty,42.62744631788021,51.48086146027278,78.55110815982125,6.348638854498526,2.6538228481224584,NPK
Maize,Silty,143.05316520749304,75.9385521599859,62.56134960526315,8.161315778662601,1.53531192850838,Organic Compost
Maize,Loamy,144.16587610739415,15.436676920009676,51.97896841104025,5.3203393278879005,2.119575166076948,DAP
Wheat,Silty,23.67901855414619,45.34493171121124,91.73361361094582,6.344395018536441,6.859020081046428,Urea
Tomato,Loamy,12.099790052799136,6.689588419935926,40.82612109630962,6.344412740802081,3.921141433276698,Urea
Tomato,Loamy,32.55400325589912,8.188122256488857,25.89811946532724,7.743045872590553,6.578618945351604,Urea
Groundnut,Sandy,149.44178967351476,50.88056950558323,62.76961275094871,7.798303481317778,4.718631426927166,NPK
Groundnut,Clay,35.19994632549616,33.3287433243383,64.2827015314173,7.537077678653567,4.36391387356102,Urea
Potato,Clay,80.35666494108324,85.28519340551415,46.71398904932816,5.961816636753095,6.648392060447257,NPK
Potato,Sandy,128.77848170027153,62.20465908201316,51.22795415049132,4.788147700074081,3.9644132819866313,NPK
Potato,Sandy,12.856225496348888,48.12363136558408,96.15757435849049,5.897931908896057,6.614229117464578,Urea
Wheat,Clay,94.62845751618433,43.753860250158155,74.60514068269612,7.2191648050853585,1.7046351547441192,Organic Compost
Groundnut,Loamy,48.783562841747404,52.23832061800851,15.507166390844816,7.310986297956306,5.4541757087747955,Potassium
Sugarcane,Loamy,130.72688830156244,8.841688965202827,25.152356732708043,8.360000837906876,5.918109395863893,DAP
Potato,Clay,49.684560896971085,89.81536885996269,97.6797802713781,6.3145649257748335,7.2936817729921986,NPK
Potato,Loamy,106.14580083946724,99.83879979472604,74.01422761038548,7.029742331761161,2.570267431013365,NPK
Cotton,Sandy,104.39074854263556,22.241276861576374,91.92928698374205,6.656763482890127,5.229539160649961,DAP
Rice,Loamy,41.0090968403496,16.436381653588874,33.86683907892859,5.102474240452949,4.032795945824562,DAP
Sugarcane,Loamy,14.871887981569017,18.639859027616545,75.47735170822627,6.344809888528545,3.6794015888082034,Urea
Potato,Silty,67.29494032995562,67.79757053226487,72.83025730973358,6.679340618755977,1.7469948864837024,Organic Compost
Potato,Silty,50.487041275221756,67.8368796528236,32.995548616740635,8.302998424169035,1.9396333141645958,Organic Compost
Potato,Silty,123.25688494591921,85.55279541644904,57.32755091781701,5.966156217635824,6.858919230133524,NPK
Rice,Loamy,122.05098638374834,76.42350690049406,64.60443557067805,8.420396412431911,6.248274026278934,NPK
Rice,Clay,73.98335330696756,47.72051897008728,50.707522028609176,6.669200296096338,3.6763879120377037,NPK
Wheat,Sandy,94.91171154525065,63.22125934870529,83.58197713251121,5.46987697321223,6.799406069727416,NPK
Sugarcane,Loamy,94.59633223816952,70.38704368496074,84.122558970809,5.266657548063231,1.5653632937650492,Organic Compost
Wheat,Clay,125.80214077986727,53.709964677096394,85.8070520886479,5.066779669040927,5.37341741923218,NPK
Maize,Loamy,69.50033797724765,50.186843522905484,81.32523906432547,6.311731482293812,7.0772323690000185,NPK
Rice,Sandy,48.56253517067127,66.28425733605206,51.36793033372874,4.587705719155693,6.872049617218746,NPK
Cotton,Loamy,47.104888539676644,57.96008215268711,41.236638324155685,6.280181133259461,3.609479319593019,NPK
Groundnut,Sandy,85.06691909950858,66.17451900691148,83.9807469528652,8.453618768623786,6.216636971398923,NPK
Cotton,Loamy,72.88074838250975,63.22120352651957,51.56913856284535,7.1804271828890665,3.9922770186391427,NPK
Groundnut,Sandy,71.61690793789106,73.32367324879719,28.405282869658276,7.539144484801619,6.880967150729646,NPK
Rice,Loamy,22.75922747255901,66.06633333437323,53.19763557061055,4.976021562873051,4.715333651085161,Urea
Rice,Sandy,110.60452369662738,54.37553621154039,18.475733082328,6.392403445960364,6.353999343735288,Potassium
Rice,Silty,39.923136317467495,69.77069707201672,70.7048016068859,5.644892404102856,1.550001076041702,Urea
Wheat,Loamy,37.57350822922099,47.700786692615665,36.9125217542711,8.076390111956117,5.13018180126204,Urea
Sugarcane,Loamy,67.78616483883508,27.958766467397098,29.76258585250816,5.22516988805565,4.85198924228537,NPK
Groundnut,Clay,41.8889678264922,5.1347309127219685,95.86833089230078,6.334933308546968,5.269837052146121,DAP
Sugarcane,Clay,91.74015742312216,58.196593978855105,78.80369459703923,6.8521908733825505,5.869491255409131,NPK
Wheat,Sandy,62.00486750682601,61.11224652782089,79.7716027587735,6.55616436631413,7.426762790238993,NPK
Wheat,Loamy,72.84764116299061,97.34465165369286,64.25358708152243,7.820974111881629,6.499774572432218,NPK
Tomato,Sandy,85.20370502456404,39.34044173895618,84.72141699847823,5.4258126852785615,2.537465940044333,NPK
Cotton,Silty,38.49497314745268,42.44265806868962,77.12043571052122,6.009564441694765,6.781273885044672,Urea
Cotton,Clay,31.80522720117417,24.170960227508072,61.88350189269357,7.66833718629581,1.8545577433056695,Urea
Maize,Sandy,133.25906640230465,11.70075804754558,96.30681817591315,6.612285646947219,5.355390099725487,DAP
Potato,Sandy,70.72131839639894,78.41642682186536,23.20152022002019,6.108469542591829,7.179276657721602,Potassium
Wheat,Clay,67.69310534855549,28.719701112235878,94.62107330450135,4.6177700589793265,1.7078543795043277,Organic Compost
Groundnut,Loamy,14.985701038197806,62.845961797853604,43.13662538989217,7.513541696062438,6.947848573171824,Urea
Tomato,Sandy,79.71668236223505,70.33843837682075,55.19790342314123,8.388728311867041,6.590345139611719,NPK
Tomato,Clay,87.58376102554001,49.76748529270653,16.66023535670935,6.98114803795404,4.5264280368734955,Potassium
Potato,Loamy,88.2377219336533,88.25345073758321,56.31020669757014,7.926164882755178,3.1622832160678285,NPK
Sugarcane,Silty,108.9843637052038,47.160509893074234,63.064641426528375,6.567502972779705,3.8380675965008066,NPK
Potato,Clay,34.84745689874165,32.06631918896768,99.78164647180978,5.426723861693459,7.7806069499014825,Urea
Potato,Sandy,45.31123879228664,90.12147468135413,97.64327905179502,4.557768416940582,2.4118828930629244,Organic Compost
Potato,Silty,123.50226513225778,86.84860700374587,96.80774272805729,7.113593070359957,5.057230014809267,NPK
Cotton,Loamy,142.60388635807516,20.583794972259234,38.09686570969545,6.4724353929929785,1.582685235150787,DAP
Wheat,Loamy,29.03058463142489,7.4662967436224905,99.17031738077912,7.6283925883504065,2.5252514493242053,Urea
Maize,Clay,79.67093763073055,13.548627853213965,48.27042440153553,7.278729669741218,6.343214716521644,DAP
Wheat,Clay,39.984675383542154,32.22200286261262,85.92444458238054,8.451809472826259,3.1181932825236904,Urea
Sugarcane,Clay,18.410243569697542,97.36468116546251,25.55039705680234,6.5412503336481596,7.900362493939142,Urea
Rice,Loamy,55.570467337658954,58.059034550278376,53.054152067377224,6.2086991586920375,4.50571930165688,NPK
Potato,Silty,30.116267525789784,40.45986454278054,96.77114913212252,5.646958757757179,4.615775277154199,Urea
Wheat,Loamy,109.39063028079448,89.42802898821091,94.96798270772561,6.407445167165098,1.2542031753501468,Organic Compost
Sugarcane,Sandy,84.72155791400222,48.047951490457464,69.95481339303554,7.991485912491688,7.695687247040862,NPK
Rice,Loamy,30.136825938643522,34.947669698097,80.79236064254069,4.669758903166965,2.2196340861909256,Urea
Rice,Sandy,11.293822376772011,94.41585523083745,21.760536177228133,8.411600189144755,4.768384191673098,Urea
Potato,Silty,123.14198686338977,85.7041782883044,73.55756220099495,8.473228777231192,3.7697222697111212,NPK
Maize,Clay,34.66721686299465,85.14849566484689,63.71482679186037,6.8912855143516065,3.90909290521224,Urea
Groundnut,Clay,94.87032991090724,53.66705058977024,13.697414896368379,5.826176814781606,5.503101162252759,Potassium
Cotton,Loamy,57.16906783074438,79.99664788746823,15.750105626019245,5.392195873288095,5.6346207396473424,Potassium
Wheat,Clay,91.96803136410499,22.038569130132426,15.30214368636988,5.605961582739515,2.080020304006678,DAP
Rice,Silty,54.19150777752536,59.456180967843146,73.81390880883438,4.700421706019887,4.497106571853245,NPK
Wheat,Clay,22.171538496915584,98.46536267051684,18.462944783519383,6.400443833933435,6.533342143992998,Urea
Groundnut,Loamy,41.21300119808551,32.64105089920636,49.434565755874694,4.729297083457624,4.103005384865607,NPK
Cotton,Silty,36.328199307070584,80.46347127852914,38.91327155838699,7.3738968591037,2.160631295786061,Urea
Groundnut,Sandy,69.92270934155013,51.59544868476639,57.297893373170695,5.987717822131416,3.192518602096835,NPK
Cotton,Loamy,102.15972967966202,8.781539906098295,72.11526628584326,5.297458926988653,2.4866569487354915,DAP
Tomato,Sandy,46.932850492490054,77.4868427924884,70.04864103602654,6.679414231344154,1.8807222754038593,Organic Compost
Cotton,Silty,11.689790942086514,21.014068717250716,53.97439201186578,8.395037228972054,3.643067892047476,Urea
Potato,Loamy,82.65123099706597,64.98998887761127,49.11181299298662,7.280524196073673,4.786553702386525,NPK
Maize,Loamy,94.8063285102561,13.138098434462425,42.79248153661458,6.466987400416641,1.5092606769364223,DAP
Groundnut,Silty,144.80186916025335,94.95240276211666,86.88144508891604,7.607657197018025,5.2267636055972835,NPK
Rice,Clay,92.52591243305456,32.71376928213429,36.430921462901274,7.449905887595955,7.951171081187253,NPK
Potato,Loamy,75.96415831293986,26.514145709352515,29.63975301091201,8.066941844231174,7.748874524140586,NPK
Tomato,Loamy,90.27622762567853,17.267958386301757,75.61497189725077,5.31867579037579,6.804214373994112,DAP
Maize,Sandy,139.90608818068378,94.87020836720954,39.17752886118901,7.935510305034928,2.864387789616821,NPK
Wheat,Clay,125.97294038423047,72.63085553192398,85.4648669769405,5.704104348166796,1.156853175355571,Organic Compost
Potato,Sandy,55.21702267093312,75.45778442821842,36.14942827052875,8.263995711300389,6.834791920179957,NPK
Groundnut,Sandy,43.215610911999214,52.44343333112324,71.68475833458588,5.624260595786941,1.3900416238509927,Organic Compost
Sugarcane,Clay,46.76870573125031,50.09913960069593,9.285355597106928,8.207394172650705,2.4393965702953926,Potassium
Sugarcane,Clay,80.61894556012982,15.45201808419028,41.628473610480405,8.355162857856321,4.811172508127491,DAP
Rice,Silty,114.16692317200089,58.184904080479214,37.60686662191739,5.081965429828057,2.2486462740055053,Organic Compost
Cotton,Clay,80.45068900561469,28.45706703533509,82.58448023121272,8.397999533051133,6.8365183190904935,NPK
Rice,Loamy,19.491495415935763,97.82880661603855,96.87026330668945,4.842891873717129,6.440117873818803,Urea
Sugarcane,Clay,111.30129806159732,80.67518930143899,48.783721285831334,5.374271146450088,6.290386540160748,NPK
Wheat,Silty,122.83581801393353,44.234245718324324,83.35944632960701,6.276675123491218,6.712893311283036,NPK
Tomato,Silty,50.52970111676075,19.37741957569564,71.47099659094968,8.47438946284684,2.5379124618522844,DAP
Tomato,Silty,102.97760349966906,79.60651065818448,96.90166882805086,6.454252204661517,6.102246633048245,NPK
Groundnut,Clay,69.72286614761506,16.59510787272502,82.05530886256835,6.701637772713943,3.486970518142353,DAP
Tomato,Clay,134.476709801842,22.986706582221696,12.360416266554399,7.277699798094594,5.6679133169787965,DAP
Groundnut,Sandy,128.3315781425036,25.094449185701606,72.76176362631244,8.373174233091806,1.8541521004182235,Organic Compost
Potato,Sandy,83.56047976334992,57.90461063594397,55.872472965125496,7.633405600496978,5.939106060451604,NPK
Groundnut,Loamy,106.81077641390323,79.7703821290848,6.561425503571081,5.396616017694795,7.804754095305457,Potassium
Potato,Sandy,133.66895814309456,34.85991347884576,28.87473107891715,5.711963722657419,1.3052025572310137,Organic Compost
Groundnut,Loamy,79.40038141095857,13.043632356152495,92.56674827755484,4.890512958434098,1.6568023081695933,DAP
Sugarcane,Silty,53.85510366843507,49.13115403481982,92.97583041474152,7.07780945665896,1.8654573713660971,Organic Compost
Sugarcane,Sandy,115.51325930734137,76.07047291019387,80.89079371906027,5.222961226156887,4.013947334589108,NPK
Cotton,Clay,40.809275669856845,26.058065093301888,98.26906231140899,5.529619553917463,3.035461294531376,NPK
Potato,Sandy,64.3943607208459,25.892832063740553,81.62179633929946,8.052454620721509,6.648441074784856,NPK
Maize,Loamy,131.20181319495111,94.98656759793752,5.9693977920982935,5.80702270132806,4.3165106744067305,Potassium
Potato,Sandy,111.41912763770411,95.6446040763219,32.34426232864362,6.766586873416668,4.391761398819867,NPK
Groundnut,Silty,66.5335407346499,99.09424454584976,7.909297312587472,6.090264035156708,6.019266709277476,Potassium
Groundnut,Clay,40.06423033717004,81.72766214960411,13.940257030068148,4.796125149623654,3.53378287775022,Potassium
Maize,Loamy,59.835574716513115,22.877496070954827,25.789877610323725,5.95145531958682,3.4724507319432445,DAP
Rice,Clay,49.77458089184062,25.138244475929827,52.83806190092463,6.132272812143723,6.298484713392363,NPK
Groundnut,Clay,34.65250031213955,37.321397944627236,85.51554032889169,8.082804407646073,6.460292220857354,Urea
Cotton,Loamy,114.06660789919194,35.22259047668163,86.88684183492526,5.797802614585358,1.1007914077297367,Organic Compost
Tomato,Clay,45.28978415902401,95.87013616241086,63.53917656294317,6.016964479048271,2.006533330885131,Organic Compost
Tomato,Clay,73.58344582348693,79.96202837376089,93.17671421129232,7.631587074689338,2.4916872680393585,Organic Compost
Wheat,Sandy,64.02032255705527,73.78083525534763,52.50592102606977,7.535826604846392,3.461203281305134,NPK
Wheat,Clay,147.49083300898832,22.666506285522523,89.45842419265415,7.693141106593963,3.0401365840236716,DAP
Tomato,Clay,64.75291418075088,91.40492813942132,48.13619935154115,8.315082960304016,5.6796403387179355,NPK
Tomato,Clay,21.19754759154567,83.64768605308652,31.336375705078815,7.682229993579137,6.796946636620707,Urea
Sugarcane,Clay,22.575605360091764,20.545974926152752,92.05922721954063,6.130432812871564,2.344608876492169,Urea
Cotton,Loamy,92.70552098942908,87.76118153629238,41.853832189492586,7.786034067592368,4.940860424213639,NPK
Maize,Silty,93.91089724335718,30.86351595519477,52.82339034022385,6.534698528359753,3.574713757567252,NPK
Wheat,Sandy,68.6262586675717,12.682625854050073,36.24176009041433,5.610856130074261,4.540445125322433,DAP
Sugarcane,Clay,70.45811692368416,67.39811911884996,67.96957202761934,5.711668272524049,5.345304892483757,NPK
Sugarcane,Clay,17.55056159772197,67.11144264151142,99.52796637557337,5.395369554253593,7.255198730774078,Urea
Maize,Loamy,82.31651145449672,14.01854090873372,7.423787142153116,5.079971831279014,2.346048674790965,DAP
Sugarcane,Silty,80.66352655324924,35.29092184897533,90.48556057067464,5.237961647414601,1.6090461093924224,Organic Compost
Potato,Clay,30.936904597972234,99.31737391427616,5.372975413980213,4.752712199815278,5.390483433317467,Urea
Cotton,Loamy,24.53751405552986,69.45053336583,39.60164870889005,8.053803459729545,3.7589159414083855,Urea
Tomato,Sandy,27.30014868392867,74.35714082731627,21.01764659750386,8.224031238596492,2.14031885305092,Urea
Groundnut,Sandy,24.143954508776194,25.22714213240904,76.94746916389238,6.8470815699755825,1.8196101714839128,Urea
Maize,Clay,95.35914737514638,12.48429674537186,9.808029871931481,7.86195822643474,4.912368508118209,DAP
Tomato,Clay,37.5075713364086,31.305660525389076,57.58107059051115,5.234284410612588,3.1032941616973693,Urea
Tomato,Silty,45.200221306244885,28.645346593353235,33.0179827153047,8.10669530090794,7.981984657101846,NPK
Rice,Silty,34.300100181201564,27.281689571065044,17.6986736421467,6.525446238522033,3.841305735314998,Urea
Potato,Clay,144.09694262279044,23.311660579268757,78.32273014975088,4.76865997042222,2.4860062613562786,DAP
Maize,Loamy,129.64644484125694,59.601790612263414,25.654599254249387,5.065250977976641,5.401943315820945,NPK
Sugarcane,Silty,42.269277229212925,36.16983020497307,26.249145145219195,5.735905843147268,2.7097842278335484,NPK
Groundnut,Clay,55.85928114909764,82.93277642951539,31.132294588102685,4.674230321419006,4.458602302618128,NPK
Maize,Silty,39.384997922699604,22.47500469550148,60.742842563662606,5.737173512069774,4.378033286047052,Urea
Sugarcane,Clay,78.86263432451533,49.139571732511726,67.66826351062109,4.739721732475568,4.17490340801016,NPK
Tomato,Sandy,12.745474546395503,6.297494460477599,6.672239751627771,5.444110420771301,6.572599873887024,Urea
Groundnut,Clay,103.9915212455514,50.759820633243244,27.97761543081008,5.562679023425766,2.5162910102632874,NPK
Sugarcane,Sandy,83.24214097446983,10.304630983265067,45.94223003800187,8.477475905467175,7.33015113549329,DAP
Cotton,Silty,135.80944996215447,97.88373362790114,36.53781045531714,5.442186695054658,6.53938352249474,NPK
Sugarcane,Clay,33.01497580597798,80.10625222178922,88.99621255853417,5.456745795754321,3.331856549703266,Urea
Rice,Silty,122.57529444855844,51.56059028046326,79.83232943420978,7.24715587343354,2.2642175439609695,Organic Compost
Potato,Sandy,120.8745420253402,13.225799027038274,64.45957047618862,7.937429914065808,2.956745171547189,DAP
Tomato,Clay,27.805366490364168,61.28231687508936,37.11402951971878,6.048221650408346,3.3284537283635482,Urea
Sugarcane,Silty,65.79829138017786,77.08255631667836,71.56387276038518,8.00247207976277,4.898532181649327,NPK
Potato,Sandy,33.821369760232365,23.118139035450803,85.14561122035047,5.860568082991028,1.324577181695551,Urea
Wheat,Silty,45.660870064056844,58.97979237481163,61.508885849103734,5.288063518460078,7.400513908964372,NPK
Wheat,Loamy,46.854464476276206,82.35003534637245,79.52383935487101,5.818555297310894,1.690723996627777,Organic Compost
Potato,Sandy,87.87309516360818,77.98353887640005,76.16497133297604,6.937425495711969,2.954913758700244,NPK
Potato,Sandy,67.59753044646517,81.28424169737953,59.31504456023061,5.968572637248295,1.7650120656707662,Organic Compost
Rice,Sandy,142.68259256088274,88.53572536262338,34.65740559804354,7.191575215957155,2.796709785679621,NPK
Cotton,Clay,27.69181987258072,94.07979970514967,75.84930501012082,5.447743517689929,6.863716730261659,Urea
Tomato,Clay,146.31689887902783,43.524509744335916,24.64565480397261,7.303971575956595,5.306230679682696,Potassium
Maize,Clay,42.28940962999695,59.03306473967334,79.05139291479571,5.889753452993867,2.5912625756263648,NPK
Rice,Loamy,118.20235109345943,80.11265497433303,81.43193575354064,6.323473486407738,7.102309708595364,NPK
Cotton,Loamy,57.455789664194995,71.2282823248494,83.10376355918544,6.730980561771584,6.604984414529393,NPK
Potato,Sandy,30.031395358423946,99.574421685116,49.927017242953475,7.244900012743974,6.275544976251064,Urea
Maize,Loamy,130.1044859344736,6.299376854941193,23.285672938190057,5.454854767394934,6.93342888869999,DAP
Potato,Silty,53.240525893104845,38.737655455000116,14.47374200627653,7.843782149643242,5.3375477706282055,Potassium
Potato,Sandy,102.23975659175791,31.697652995669234,75.6193187963528,7.387370999020959,4.510061521478626,NPK
Wheat,Sandy,89.30211591212772,29.920005765725787,89.19483153033225,5.436391676095997,3.617545183199726,NPK
Wheat,Silty,76.0458833147224,26.14032933739415,66.82964408950613,8.399898250411642,2.566348142853889,NPK
Maize,Sandy,79.41472617079548,72.36676487744676,18.69520573689511,7.159187964121834,4.901881603528263,Potassium
Rice,Loamy,112.51330797292026,13.052149961155576,93.81516260916953,6.309707545866822,7.226446419998618,DAP
Wheat,Clay,22.28820797728168,75.45283922461714,98.96469138123535,5.130109302214065,5.157872522946275,Urea
Tomato,Silty,103.54529267410672,70.87545499154598,46.17096794381759,6.632884009232526,7.437248032044457,NPK
Potato,Loamy,135.413694195801,28.826392587585158,61.50840248100827,5.159103547308472,3.498421587152145,NPK
Groundnut,Silty,18.090347582780982,29.01920940069032,78.83670940015749,6.217966714791375,5.865965807692484,Urea
Sugarcane,Silty,29.691467492713343,64.7417556077277,74.95703005475424,6.134850090958075,5.5406583072384885,Urea
Maize,Sandy,110.3284711382844,77.40625502094939,96.93978323367767,7.379758577389841,5.693036908439193,NPK
Maize,Sandy,71.21943075424646,88.26613324329972,15.913893652484946,5.269532724896999,5.515294085685548,Potassium
Wheat,Loamy,66.49680691391637,85.9532585661752,60.16886228356654,7.787485419483383,2.5515827245598173,NPK
Rice,Silty,29.17532883619302,96.66388444556605,70.73348486894375,5.804529308064663,2.005136287982043,Urea
Potato,Sandy,80.94780570049033,60.23156505696856,89.55935029782866,6.275954507875101,7.850397793624411,NPK
Tomato,Sandy,27.716343567492814,91.32227832733416,88.04041463322432,7.58936390221537,1.3170659018975084,Urea
Rice,Silty,76.72686388347566,81.80876095973902,97.90998038832255,7.00156959885406,4.274155409197892,NPK
Cotton,Loamy,116.90614185463194,89.9934243098313,53.64745312407951,5.732101407207749,3.975562219993033,NPK
Cotton,Loamy,46.15701010420289,6.104527122109831,83.92228234725653,6.0448116981835245,3.5201327075055335,DAP
Groundnut,Silty,77.31006354516182,96.76078422725205,45.59176227209613,5.723147255958441,6.473886975036967,NPK
Wheat,Loamy,148.882235715557,49.98536547041544,45.11981839632306,6.879080669108628,6.217452018187611,NPK
Wheat,Sandy,106.13105926956521,80.82738400961007,29.068094624921606,5.830498132827358,7.3365744647095825,NPK
Wheat,Silty,127.7899479827278,17.08439133708918,82.73254226682683,7.402790779132563,3.7684126833084552,DAP
Groundnut,Sandy,68.0786649184764,42.61440410232754,98.65243505228398,6.819148634334905,4.949256695506218,NPK
Cotton,Clay,117.50052923761974,30.788762986994136,29.352464192989498,5.082826446990036,7.246149331394845,NPK
Rice,Clay,15.671284211785057,32.70758319758902,10.33250086200187,5.74107447471953,7.9569364399876905,Urea
Groundnut,Loamy,27.207565555914297,16.709283895333765,82.4765315548057,5.385789767640623,7.785060536557484,Urea
Groundnut,Clay,38.4298830088087,81.54756409158567,63.92185499080183,6.061252850205941,6.0249070988811395,Urea
Rice,Sandy,66.27326944613074,5.878019885202425,96.17138605234543,6.563936344837453,2.002592904671257,DAP
Wheat,Clay,128.40428296560685,34.688018413594236,28.962725812310463,6.527051429136439,1.1623020825511863,Organic Compost
Tomato,Sandy,58.477247110310266,21.56900160555943,11.747627510121703,7.518094706253156,6.776528494820592,DAP
Rice,Loamy,101.6469670921648,60.95869935779235,51.782014782317646,5.256687454406837,6.886594171442778,NPK
Cotton,Loamy,109.30400127248768,29.153978248381666,13.119272181689011,8.285891317189787,6.224526357844287,Potassium
Maize,Sandy,92.0655295723678,29.604853180169467,29.87005010475721,5.871380427528674,2.959464401994541,NPK
Potato,Clay,60.01387554381907,51.392123679555276,16.96789677782099,5.700995387664554,5.478725017189687,Potassium
Maize,Loamy,90.7874678398962,67.00545873738794,26.292557067707477,7.240714312720879,3.21373909270692,NPK
Sugarcane,Silty,57.91718299056447,16.523946933690546,15.083742018032225,7.72206651473225,4.154537722706473,DAP
Sugarcane,Loamy,21.74232339728169,21.673587984222134,95.62106994559211,6.013887059254614,3.677045594863573,Urea
Groundnut,Clay,148.99255694604201,28.481600736479173,31.463457777724873,7.487387899575909,7.39548060753039,NPK
Potato,Silty,27.805543508551526,97.50608034120626,47.17027066929372,8.034943824544218,2.639101315207129,Urea
Maize,Clay,20.12877373704803,42.729487494577434,90.36812172525111,7.56721466082783,5.0432763320162515,Urea
Tomato,Sandy,132.99430488900182,61.90405860994752,69.34555085634007,4.636785942283332,3.526870703237014,NPK
Wheat,Silty,52.256852525005314,27.9465672080179,63.71356065336856,7.809475645464753,5.64149778339958,NPK
Cotton,Clay,101.04157637029107,51.59365488996135,72.02850308427954,7.59792383381747,4.951941988242325,NPK
Sugarcane,Silty,56.0608021527126,12.041321566666015,83.73811442501128,7.177160952612744,7.467843769561584,DAP
Tomato,Clay,64.80359791122596,8.30050386262106,88.3785804459173,7.540089676351614,1.7112850619084923,DAP
Cotton,Silty,46.69581608235151,49.529685048038715,66.05076871317752,8.417701583327755,2.544485878297344,NPK
Cotton,Clay,58.02616081102143,42.872632314249145,89.55069109593548,6.224451551273399,6.364435746817391,NPK
Wheat,Sandy,67.49805608211604,18.003630370723627,55.8627651054203,4.768892939818391,3.5815078792639037,DAP
Potato,Silty,110.85824967292801,70.3221357474697,31.342631345500227,6.343559878510867,2.160486503601067,Organic Compost
Groundnut,Silty,81.61506719287085,99.32583163543012,88.60728734396521,4.685734621564192,4.523248814717714,NPK
Maize,Silty,142.09913040197677,42.586448013687686,56.439918604243275,5.677001632353845,5.564994431279704,NPK
Wheat,Silty,15.86325513742857,64.33307041215247,91.08307081888725,6.847519167187036,1.3137869990744901,Urea
Tomato,Sandy,80.42956516848395,96.48271452462615,8.815942325305215,5.738491571704625,3.041353225572113,Potassium
Groundnut,Silty,91.79147043644053,83.99582238245314,42.763996396417376,7.241580983638155,6.6659577638723,NPK
Tomato,Loamy,138.82757805039836,49.037461213755144,95.04147674443448,7.787945310742884,4.64171196627136,NPK
Groundnut,Sandy,16.882193306999863,75.06150102369234,28.716758812038762,6.181756717118148,1.24765450621324,Urea
Potato,Loamy,90.28994189093024,17.172828823799783,94.4459433736568,8.100551805172014,2.973657036922906,DAP
Sugarcane,Silty,129.508189993914,53.64986626906092,95.62073380727874,4.819355725401601,5.47398459185595,NPK
Tomato,Clay,43.86988193669312,31.51072633209397,88.8035198514568,7.860452656801799,2.3955162870461733,Organic Compost
Wheat,Loamy,132.68092879335126,20.3105503501353,58.548464283863375,7.814292581757195,6.7917398435359,DAP
Groundnut,Silty,12.666077298400856,45.49668609418081,66.45924766266066,5.787975585307059,5.73603134958565,Urea
Groundnut,Loamy,112.54364807872216,17.44638267119337,87.61361485273757,5.69486074849846,4.299653426634552,DAP
Cotton,Silty,140.63585096361143,71.40358527657612,78.71022282697253,5.7203799246140505,7.409366467467494,NPK
Cotton,Silty,102.0076726296087,48.342804185066875,64.8589156982641,7.745574849377643,3.742605396472632,NPK
Rice,Silty,71.4640941572627,55.458740093643065,98.31464374771676,7.82661395044078,2.645513873948597,NPK
Tomato,Clay,16.283342306180522,18.905714173474916,70.13928045170094,5.818889835310671,5.629820947686906,Urea
Cotton,Loamy,138.81593386516803,18.278307803881976,97.67078928253731,6.870361389777847,5.0130663122910395,DAP
Rice,Sandy,75.84147117682048,60.424466349711786,10.45190508767362,5.0557329177618175,3.346735306518576,Potassium
Sugarcane,Sandy,14.059544207032722,98.5759260437974,18.201235220510185,6.375114953124088,3.40565192926784,Urea
Sugarcane,Sandy,106.57494998602667,14.143805407583933,47.88859037004661,8.495171403422153,3.7874721604387123,DAP
Cotton,Sandy,77.45721550067614,32.14448571374922,41.56354878400994,5.135356590824987,3.037969972355585,NPK
Tomato,Silty,27.4083444419375,87.59861607109931,79.35980992891764,8.290250559840235,5.971689844526457,Urea
Groundnut,Loamy,39.998053303436336,11.86584116424751,20.258332514574356,7.797018887860031,5.559508835358438,Urea
Maize,Loamy,19.028695263818477,88.20914352986037,97.72904201559142,8.38885860378508,4.085443567824749,Urea
Potato,Clay,90.4010955592003,54.807168420601364,34.93125814978683,5.218315042442132,3.78498273045466,NPK
Tomato,Loamy,97.08412709528129,43.785343523010454,45.74775223531515,5.354073961773457,3.555358885517936,NPK
Potato,Loamy,80.80392176976221,34.419653613388306,31.100778081802176,4.567468726939435,2.984278249745775,NPK
Wheat,Loamy,124.39429862036609,33.22613002214498,60.03954364602199,7.398807251662422,1.5998766420994155,Organic Compost
Sugarcane,Clay,130.5412349831219,34.05124533270048,10.569726540145474,7.076378773744743,2.877432798657504,Potassium
Cotton,Sandy,96.18741553563773,89.0562926912186,19.219363029192635,5.212261753298929,3.2484094408514554,Potassium
Cotton,Loamy,11.785907159040276,73.76054686660463,75.85078182477879,7.664579862168288,4.833788043857403,Urea
Potato,Clay,107.332151804683,68.6236857439593,22.71755542345637,5.696782024526902,6.416519563546348,Potassium
Groundnut,Clay,68.51989036884922,80.88116915044007,27.37387289788297,5.03998227732254,3.7699150138382214,NPK
Potato,Silty,89.17804765169419,29.425892985393773,80.33331239385959,6.1902506600773926,7.613298340964643,NPK
Wheat,Clay,100.87128428264381,63.71406714776679,13.863611943939093,4.863879393707425,6.791449744088137,Potassium
Groundnut,Sandy,59.03312600579075,48.70629270100534,46.56001316322988,5.552974625092986,7.893612935186216,NPK
Wheat,Loamy,138.3937907240512,79.33195534401837,7.191021764736564,5.985333433709385,7.133421287290372,Potassium
Maize,Clay,28.75648134496937,34.37933049496212,37.94670293520086,7.907456698056599,5.317081645165654,Urea
Sugarcane,Sandy,104.01165301934525,66.1019686026401,71.40323324802168,7.670194965172886,5.189355014717032,NPK
Cotton,Clay,10.61034119392126,88.81017912264478,13.55981157313669,6.271017143002473,1.9066828872795192,Urea
Cotton,Clay,139.45115475672532,43.20429523851823,89.39178954398221,7.39830023100955,6.056794742240974,NPK
Maize,Clay,25.75057865333281,11.329098299908837,91.40240907936803,6.77459854471602,5.201448003148699,Urea
Rice,Clay,23.283792220660448,54.02482812247031,14.974085636887834,5.863367420312272,4.548524723771893,Urea
Sugarcane,Clay,56.621068627314195,37.86738634166746,99.11958145569878,7.403497373981139,5.8530081079010206,NPK
Groundnut,Sandy,62.299280045471285,68.86141115198163,33.265307572571444,7.233996617865512,4.108334899865956,NPK
Maize,Loamy,40.00201012520301,95.34812785111758,12.989658757502575,6.976377768774408,4.667017636858003,Potassium
Groundnut,Loamy,91.91703252979745,51.13279020970047,5.481375877239916,6.971822084173002,3.7884661336227943,Potassium
Potato,Loamy,72.0079737258749,49.288071864775716,43.809675097566945,7.2319279693079075,6.021596253594828,NPK
Tomato,Loamy,14.784582465752239,67.18555601818872,64.83194864208119,6.038182050570153,7.136276793835217,Urea
Cotton,Sandy,54.751288715742085,14.83226284138893,36.55702874081476,7.976303260270809,6.885914573928218,DAP
Groundnut,Silty,123.46060790024387,29.08308794787639,84.48814972008915,5.149231381985843,6.502176904346282,NPK
Wheat,Silty,106.5582148806616,92.30303592253786,73.07759617867976,8.035541852956616,1.0965139318118564,Organic Compost
Groundnut,Sandy,111.48191950118327,68.64454826955779,38.2653455369631,5.869127372127977,7.383163247142216,NPK
Tomato,Sandy,107.7363693716933,6.277184178424545,74.75941832781744,5.0001264624344905,2.9241300450637575,DAP
Sugarcane,Clay,53.53622299362466,24.439419893106887,94.34633501207873,6.90010961071652,7.215817600743632,DAP
Cotton,Clay,23.952949090748625,69.86954027274541,13.844119861586623,6.003946676281621,2.3787767216256355,Urea
Potato,Clay,48.14540576463344,77.61792424344455,34.0798762149736,7.761998908414077,4.077520259973161,NPK
Maize,Loamy,126.4499420259223,84.78665940403398,49.01596421608586,6.223141874115069,6.245791560288396,NPK
Potato,Clay,147.26591168962995,32.75679632129426,52.30906213670301,7.17425010224844,5.481952616940208,NPK
Tomato,Silty,79.13858206381859,93.44771664636845,56.508586264177,5.733031958019302,3.911453566206009,NPK
Cotton,Loamy,11.358049689225911,57.52995488989978,33.55955612117161,5.33780950010136,5.750366997181948,Urea
Groundnut,Clay,29.606273698792066,71.17120712684982,68.38966636832316,6.052196123795295,4.842646570326476,Urea
Sugarcane,Loamy,55.09128054427721,61.690191964091255,66.28302783533383,6.927231338409734,2.930154146448726,NPK
Rice,Silty,91.00194880301297,16.66030519408894,59.89304309580332,7.127786956845407,5.524306118479979,DAP
Sugarcane,Clay,20.513110412743956,96.49589264156359,15.80736356253328,6.812826661192073,2.429729604411664,Urea
Rice,Silty,142.0700218193834,16.673180089944502,50.31194965411473,8.452222874496435,5.857917989814158,DAP
Wheat,Silty,61.111714259816104,29.213785859062444,38.84155431149068,7.264360745980661,1.0217761433626995,Organic Compost
Sugarcane,Silty,137.76179050947522,82.29464862118311,51.64865463462165,8.226078510387671,4.841407596332388,NPK
Cotton,Clay,119.27305238598305,63.76671134260464,92.57731137392747,4.971732779580698,3.807473392892987,NPK
Rice,Sandy,115.76121815218136,84.62417071075392,50.65047760004879,4.745491719253915,3.1217264166136314,NPK
Maize,Clay,94.94074116951248,53.994937895534264,6.328175224753625,5.743978808047815,4.609955770642463,Potassium
Cotton,Silty,97.74973438725824,40.81435735983031,46.689490117992435,5.046355753505695,5.517181427751217,NPK
Maize,Clay,99.32045293027474,92.57532245703958,82.9615771046913,6.603474112913071,7.7571858634942545,NPK
Sugarcane,Silty,98.0209941835815,8.443970163905512,79.10578770572599,6.575925014093115,6.831451429216684,DAP
Maize,Sandy,87.52195239577057,86.33237093353935,53.772056985177194,6.800188665775801,6.020049181586676,NPK
Rice,Loamy,148.09796258760446,26.927689592839254,28.728056221634954,7.480911523324291,4.352768381754025,NPK
Cotton,Sandy,112.52067943959746,85.62995113662694,49.183422976881786,8.38531880084928,3.74500883765048,NPK
Groundnut,Sandy,118.77249437495297,18.223678274604133,58.551710844728206,8.013034765756586,1.2277075821019805,DAP
Tomato,Loamy,132.1447941117144,60.12080155060135,99.98778663604271,4.973468958302327,3.5136783214133374,NPK
Rice,Clay,40.18956678161888,89.37025230608984,66.19691856609084,5.854054755082629,6.938639970708316,NPK
Rice,Loamy,21.73258227330851,49.9862664553946,70.95516835594827,5.523292100192167,3.68817207383403,Urea
Groundnut,Clay,77.60522112380382,75.92383401132233,51.68814363896494,5.207269431119171,4.2310949934350255,NPK
Cotton,Clay,81.97129738669824,81.44380369627805,38.676507324340335,6.678899506623138,2.9028409681743335,NPK
Cotton,Silty,126.08544919298848,74.96694982809402,82.23053344648457,6.713057608130923,2.9189293116935673,NPK
Potato,Silty,72.129701099527,92.90632500308683,52.01857081222744,5.408979311552246,1.4331023262422389,Organic Compost
Sugarcane,Loamy,89.91942357620378,47.449251899393225,99.49556234662988,7.347589001226742,5.296627479338605,NPK
Maize,Sandy,83.78993139188417,21.4469167206898,48.42645455546419,7.431657196678021,4.136485821317425,DAP
Sugarcane,Loamy,15.348389726034748,9.54205105173558,11.46002694651985,4.583919979335733,5.241725652435562,Urea
Groundnut,Clay,96.13008552356796,28.413687615562985,69.84492302355787,6.083030814889266,4.828208300201969,NPK
Sugarcane,Silty,125.92606000839531,18.603762868623,9.430937837952051,8.060562564806485,6.591912111080223,DAP
Groundnut,Loamy,32.05007673061253,58.00513043627564,28.797651704046814,6.581274432975353,6.257083386180309,Urea
Cotton,Loamy,93.20644274972341,22.56980703511454,38.605134014090815,5.890511205755978,6.400176971965156,DAP
Maize,Silty,93.10547622249801,8.698702192490263,75.25094063402612,5.514704606380521,4.494673048591729,DAP
Sugarcane,Silty,32.985894967890225,8.419033742523446,51.95241300872322,5.473418079673129,3.4771694594775138,Urea
Rice,Silty,27.28490032230304,83.99910234466185,7.721363474474378,4.899072135403225,7.53405613373067,Urea
Wheat,Clay,147.20727201670786,61.18774348708736,63.600735871212606,7.768905676372368,1.3798884160158775,Organic Compost
Potato,Silty,65.12068375142525,39.018103679870926,44.086442555532926,4.846629621576685,2.068349154951612,Organic Compost
Tomato,Sandy,41.8390420212941,89.95166406032345,92.57427844687518,5.669179063447263,3.937193645236478,NPK
Rice,Loamy,33.985436223612496,11.668678083732793,52.45841955832236,4.682702954265412,5.297703567976078,Urea
Cotton,Silty,103.4642399016529,98.13059690914346,72.3526388642372,7.625546278894802,1.0574026236470515,Organic Compost
Tomato,Silty,95.32234162581904,63.547720074173796,25.79250677130695,4.657134728907161,6.035259735177994,NPK
Wheat,Clay,100.09729721823845,22.429104127040603,77.29248863050705,5.733204415472834,4.911085799529403,DAP
Wheat,Clay,22.320843851603314,69.51156440281201,73.49075449594888,6.793189480346657,4.392919310738477,Urea
Maize,Loamy,135.09484168978116,77.52121967943845,90.88776231142428,6.138245441173775,3.9644652717950777,NPK
Tomato,Sandy,64.49729555326675,45.787564420223575,8.213055963323924,5.629084268996402,4.636409222184371,Potassium
Maize,Loamy,53.871716900250114,86.855097593327,47.51256627365786,5.600756289710167,2.1325001413722333,Organic Compost
Rice,Silty,74.73060261468349,19.31957869316468,69.51976326026487,7.691161224024997,1.7609821749388777,DAP
Groundnut,Sandy,64.60924920466795,31.489570439872793,14.040570507620428,8.39591238034898,3.027462351262869,Potassium
Groundnut,Sandy,130.90078043948043,13.881774350479027,44.00738637914668,5.892164281795173,5.966533543897273,DAP
Groundnut,Sandy,140.0965365277049,25.033394857698454,94.50392729128856,4.6565820544360665,5.118015186848474,NPK
Tomato,Sandy,52.48345030294487,27.67923713155878,46.41377663465718,4.646263111636434,4.3608611233330885,NPK
Groundnut,Loamy,130.95101304439368,92.17515313756246,98.61345443065998,7.536853660842873,5.000646761271723,NPK
Rice,Clay,119.4132381346294,12.42042043135984,10.399710802582863,6.709479286436508,4.914806091275402,DAP
Maize,Clay,140.31307412826666,45.604436417832396,73.19382873338468,7.634370629669322,3.1492934784294775,NPK
Tomato,Silty,44.405043706024294,55.57787528655673,60.1965424435856,7.289988041154299,1.6821916307130809,Organic Compost
Maize,Clay,90.77428101693707,90.37584011120528,52.551269327551914,8.130025397061587,7.277476580641355,NPK
Tomato,Clay,48.43624186366225,99.78114077281528,97.23050314107589,8.043297164186495,5.1993788383674024,NPK
Maize,Clay,125.37322866781238,76.5718709173844,17.316788046657223,7.6533095824847095,5.884235997765962,Potassium
Wheat,Clay,10.745386679948997,97.2251441040578,90.11990040968676,6.400756640168575,4.247980570568686,Urea
Maize,Silty,89.07468280409546,79.774607590908,70.66783905797797,5.73250563041541,6.295364059835938,NPK
Groundnut,Loamy,57.488480378068516,96.50425089228457,29.60462696346511,6.52810714977856,5.09148084785067,NPK
Wheat,Sandy,55.175718990894836,72.19071896472325,90.65856883506787,6.508286429279295,1.3766078546803318,Organic Compost
Maize,Clay,100.28688534108838,12.577525417851751,45.78301719679626,6.941102195557351,7.2306792477558375,DAP
Tomato,Loamy,129.20782290395914,43.18241776430427,82.35159616694173,5.244390271131616,3.1387530275152082,NPK
Tomato,Clay,95.28735479506567,66.42674196123468,41.939469119502995,7.122479521779955,1.9652354419493485,Organic Compost
Potato,Clay,129.44421701054114,38.318258398153844,85.83842860615789,6.326403696823263,1.6162870539302103,Organic Compost
Tomato,Sandy,47.04359566334419,30.971472220808966,65.47976625227963,6.980819327763436,6.043082196894776,NPK
Cotton,Sandy,82.73025966709736,59.852930377643645,18.39943019045408,5.458419291678183,5.927778567630519,Potassium
Rice,Sandy,73.07511546939065,93.68267828673132,66.71800052960512,6.23757957550942,5.901134873692895,NPK
Tomato,Clay,11.63028593043347,8.323277984034588,23.177752456677897,5.340804857810081,7.4102694087709615,Urea
Wheat,Clay,87.95370003970362,78.07696433643657,44.132649649945456,8.001220627027207,3.4426011539835604,NPK
Potato,Clay,102.61340538046449,73.65909141423957,21.178080503943203,6.45184418016615,4.927931394512463,Potassium
Tomato,Sandy,92.86801661866981,96.57557541188727,7.091530988376266,5.3999256622952485,5.3364690809604465,Potassium
Cotton,Silty,113.079185829679,93.41756612159163,25.129221247745964,4.664834782966185,7.856372799965238,NPK
Groundnut,Loamy,89.9875339834308,77.41209339419832,55.95534225379195,7.202954658614168,3.1864230060301426,NPK
Wheat,Silty,19.34503567910597,54.438832644846876,50.74829193884787,5.358578855959022,7.694318399327583,Urea
Cotton,Clay,26.3023733718596,24.405417557184386,52.64222407592605,8.458328769275113,2.0411403315766696,Urea
Groundnut,Clay,93.50644085615333,56.797393240929566,28.530253452427125,6.634801493660687,6.348010192194894,NPK
Sugarcane,Silty,48.49708687630962,77.7084394223671,70.09031405834769,5.655907984992128,5.4302013001428895,NPK
Sugarcane,Clay,21.150318064867218,90.08857520059985,71.90501224793285,7.130709735170521,6.7182722609039125,Urea
Wheat,Loamy,70.14438408279655,80.02264087500217,39.00694342816823,5.600879693752342,1.20079901547893,Organic Compost
Maize,Clay,87.60516373171176,23.55035884315013,88.71115840504656,7.781097175638986,1.5469173005733907,DAP
Rice,Loamy,56.02443836894492,61.97019985166564,66.18220558037704,5.732944203719768,1.4878704569840209,Organic Compost
Potato,Silty,110.86071831160892,36.55647865547891,72.73873114957001,8.452990929583637,5.150716188481015,NPK
Rice,Silty,100.12788513417425,5.874538402111084,31.347292204199245,6.920579141781174,5.220552473028766,DAP
Cotton,Clay,56.59457055283407,24.020988899923275,5.058105339780769,7.877644595770653,7.342734225484834,DAP
Groundnut,Loamy,115.68215404719848,15.75596174367768,87.21068314970042,4.791261878313689,4.273224601629114,DAP
Rice,Clay,100.81730595462496,85.05831673624951,83.1303165350818,5.893197669544753,1.4763433850347476,Organic Compost
Groundnut,Sandy,99.24235302050629,29.55809395404214,16.703229364068868,7.449948344664598,2.466705811357608,Potassium
Groundnut,Sandy,87.47987811018953,32.04630704431777,40.53998782084911,7.120236069362331,1.0565116637249004,Organic Compost
Cotton,Sandy,11.594553532397391,96.193974320894,67.82723429691535,5.2769724857350315,6.437001675898835,Urea
Cotton,Sandy,107.51100568676448,41.01323868964096,66.95053143577917,5.924811722038839,6.709196058165421,NPK
Cotton,Clay,62.645850755281906,5.910635813717483,86.73328180681287,5.553773629950164,7.985582913988952,DAP
Rice,Sandy,141.96535942221178,31.96538409288297,18.32547535536571,6.953480679047372,3.8853611433716604,Potassium
Sugarcane,Loamy,124.51786795080875,16.333460157172183,45.84427603958628,5.878272917835099,1.1350886278111476,DAP
Cotton,Silty,92.2772257343837,14.766813364906126,14.236319703010354,5.736216968001399,2.6431091704326057,DAP
Potato,Silty,45.30547745469772,12.361292562896203,42.01154860166967,5.329511921745366,5.114382073643071,DAP
Rice,Sandy,38.52043505887332,61.35964966666084,6.435207330831917,6.136108483658593,7.733600769369155,Urea
Cotton,Sandy,57.653877274856875,22.98803374483657,90.33594118546206,5.282010360786215,1.7250498602955602,DAP
Tomato,Sandy,76.7195121012026,39.318065433895995,55.0691796987247,8.350278349510528,1.8510111411251995,Organic Compost
Groundnut,Clay,51.449171405452596,86.8916830323516,85.7312147762236,5.118007245981214,5.912312896952601,NPK
Potato,Silty,82.09012935494759,45.31212328064619,10.690946595319557,8.153218859835105,5.670449385150847,Potassium
Cotton,Sandy,33.15185957184603,91.99067825490557,26.60852049492746,6.213892392626327,2.7535444871828316,Urea
Wheat,Loamy,146.87979379556998,52.3041150725826,29.641099546012157,6.011463966246888,6.692013537101633,NPK
Groundnut,Sandy,25.109437695099142,42.88947840977679,41.73569199068486,5.425279203619395,1.9014512883422423,Urea
Groundnut,Silty,140.4721795516121,76.28694807361666,81.27230537776688,7.043025337470077,7.480192913437318,NPK
Cotton,Sandy,137.9009215963773,11.9516343829602,41.7229980044918,7.242112060043345,2.40722351232695,DAP
Sugarcane,Silty,83.55046745472973,13.500446383329653,24.442085316401066,6.37028384900967,1.569466609061035,DAP
Maize,Sandy,111.4874380570518,66.93750282268127,11.174074732183001,4.7228275827736965,3.3766546053169826,Potassium
Sugarcane,Loamy,71.0467617161623,51.25936775772858,12.55171609350531,8.1740406027542,2.314889019741815,Potassium
Cotton,Sandy,98.20484085594134,80.08944878032497,77.20448456629285,8.421316531505525,4.688588575252231,NPK
Groundnut,Loamy,57.680631238956614,92.04572954763549,47.256284148480134,6.22417366084734,5.807925761602083,NPK
Potato,Loamy,52.16226276996235,41.894853378797016,73.98720659000145,6.954643229637309,4.4364510493480385,NPK
Wheat,Sandy,90.95217006373191,61.658952525541395,69.81727656755126,6.301194504974987,5.624251322676844,NPK
Potato,Loamy,79.73815438575726,52.56617964055444,17.85943386722449,5.787518603544482,3.5544436007998907,Potassium
Potato,Clay,91.13509168099735,98.25301228603112,18.574353748265384,4.8092751714312305,1.1954581806704798,Potassium
Groundnut,Sandy,50.132481380183215,83.95301869887655,76.75749146624273,6.3242709215891955,7.818448869576043,NPK
Sugarcane,Sandy,61.374096454379334,91.6150822863486,73.52048788111463,7.773538225437806,6.735894531779968,NPK
Wheat,Loamy,21.745714488047305,29.1623083198724,40.912922853059484,4.568125844352014,1.5139317685923965,Urea
Rice,Loamy,17.3186921181088,78.39001020044647,12.355115016619807,6.828430732720889,4.144234773094341,Urea
Tomato,Sandy,45.48399815422228,30.219956374776647,6.149312061352958,8.023088434906755,5.445133490503123,Potassium
Groundnut,Clay,20.394560306276404,24.83054067569704,32.37491019886576,5.370197720057432,2.334159894008465,Urea
Cotton,Loamy,24.528459208863698,94.70528516727732,5.876115990786559,5.233023458756248,5.0459202795394,Urea
Rice,Loamy,123.80997675515118,6.833919588197332,26.856899004851826,7.589106502807772,4.735540326823809,DAP
Tomato,Silty,15.442317582336502,96.71192684802581,44.85257032007716,5.520345724477173,2.4578563197429335,Urea
Cotton,Clay,102.25199115086399,19.179880213936592,16.534497704635648,5.267937070242594,1.9884721649421728,DAP
Potato,Clay,48.15808483415607,82.84661777036048,14.906386993996893,6.01195700227694,6.3127360273304625,Potassium
Maize,Sandy,132.01639529913768,31.212642541469794,90.16155639327998,6.070008049080872,3.258105123047436,NPK
Cotton,Clay,77.89891984084994,38.3167211059191,60.61965275717448,7.996404252066264,2.7082837368957033,NPK
Wheat,Sandy,52.780704305895604,25.59198257558857,93.77329024246424,6.9737738877347075,6.16514846964192,NPK
Wheat,Silty,82.46945099652083,60.623834035702565,37.85348555963952,6.123845825358357,6.152480844160873,NPK
Maize,Clay,63.474122666337635,38.06907701324804,69.3287690462705,6.637551857143068,2.934811594353604,NPK
Rice,Loamy,89.00214905377624,67.45233875199301,24.445709089070085,8.315860933301096,7.107979228762976,Potassium
Tomato,Silty,26.034601565688753,6.486495204496268,63.742330141594415,4.9528587064395815,5.8177511555063965,Urea
Cotton,Sandy,149.57867039375716,11.115613933928763,17.31064435094852,5.330862086898765,3.4203495247507667,DAP
Wheat,Silty,69.57782287754046,14.467809509468621,5.197660721747147,8.350114826346221,3.992427551292612,DAP
Rice,Sandy,58.75228955903162,44.80440010447195,93.49552113391,8.329299394108816,6.086967801514325,NPK
Maize,Silty,109.42937876427709,82.40563640269772,57.714965736644885,5.2086616850590906,2.4810868302684437,Organic Compost
Sugarcane,Sandy,60.94591690934655,89.37690148594635,93.05936296429375,5.080435268501192,4.281325547326569,NPK
Groundnut,Clay,126.65840270402607,28.257020305785574,36.713994751696845,6.18434053735448,5.574908395806697,NPK
Sugarcane,Loamy,73.59790141045954,59.56512380270633,36.139676570366895,4.698873169951876,4.776489836060993,NPK
Sugarcane,Sandy,110.73817785716089,77.99467430579705,43.06222516843801,7.11961412914056,5.258298421331453,NPK
Wheat,Silty,25.043450301864116,32.43879584236282,72.07389347602599,4.809984086646969,4.823487496337457,Urea
Potato,Sandy,128.45668597771567,43.85573498994596,58.75182024768655,4.732118508377123,2.3945921065301405,Organic Compost
Potato,Sandy,113.00051814893538,54.77754925514282,92.9087161744162,6.440747744835397,3.8714374148083497,NPK
Maize,Sandy,39.6403489846752,17.81311040876453,7.416885607581738,8.331146544440406,4.72389846834282,Urea
Cotton,Silty,30.34004136441013,7.46831790394913,72.27861410739096,6.207183744252639,6.460439196421623,Urea
Potato,Loamy,54.280928821587416,19.516551885236908,36.38113048982266,5.925924634642204,5.577329660186798,DAP
Sugarcane,Clay,146.6498820444666,64.55109401908567,22.122196922753812,8.491826862009145,3.9861366163015433,Potassium
Potato,Loamy,45.95642043938821,11.993734845699759,53.4875841394094,6.627875843116733,7.820798825114019,DAP
Sugarcane,Sandy,73.85780925252865,23.02115466076219,52.981059497099615,6.000965627560994,1.7545686517580763,DAP
Tomato,Silty,14.202831600427084,37.096119141053855,18.016047725400696,6.043443253366407,2.4476340798847787,Urea
Wheat,Loamy,65.61185413927255,12.397656109104801,24.180125332624538,5.279837984134042,3.389188270221648,DAP
Wheat,Sandy,89.98480216063439,23.21143076035527,43.775643165647715,6.548892229790155,2.600004538915371,DAP
Cotton,Clay,143.43744575111512,91.57062995343355,43.83708417726996,6.255420112672024,5.378093977642079,NPK
Potato,Clay,82.34304629160901,6.833417561563552,35.16802326387005,5.583181185389654,1.2768551053537869,DAP
Potato,Clay,124.67502566487629,67.0760327965644,19.111789393448188,5.142160346407039,2.242057489913911,Potassium
Groundnut,Sandy,86.59786995964608,41.51884843694257,5.415499514593055,5.744955474670215,3.0534306636102304,Potassium
Rice,Silty,15.709901880972534,68.90163024607526,97.17233093066196,6.534733310750918,5.7834204255552155,Urea
Tomato,Loamy,54.10115852656836,60.92571343452343,94.63242682187307,4.733333089139206,7.131054178067896,NPK
Wheat,Clay,90.57693109635446,26.232381663691207,50.94678602173284,5.114976114335824,6.589442393871381,NPK
Tomato,Sandy,143.08315523035742,85.48490131947192,99.52991656112555,8.290629067876381,2.274566532751784,Organic Compost
Wheat,Sandy,130.27825036517265,51.734336347888885,68.9971614243131,6.671421404125356,4.957840309087484,NPK
Tomato,Loamy,41.96978598503867,83.1409217967798,11.541466072716446,4.7537972146401515,1.2101585174128107,Potassium
Maize,Clay,40.81537620268289,43.57119093788082,16.1832289128496,7.272351035078292,3.1737574274700284,Potassium
Sugarcane,Sandy,38.1642153959461,98.54512762194771,92.03053016761558,4.747211480316139,6.641886563798287,Urea
Wheat,Loamy,139.14984548235043,78.19648905762315,64.85495920421471,7.455496908185491,4.196659996203376,NPK
Tomato,Silty,129.37326143424087,96.76526948569447,85.10244453244836,7.4998508868801075,2.049589255930842,Organic Compost
Potato,Silty,118.48368051541283,53.861015496436586,90.33561671521521,7.10431590299701,4.069873670418189,NPK
Rice,Silty,64.98291599139186,50.00065756761654,47.554491071826675,7.428818178477399,2.386230478235598,Organic Compost
Maize,Clay,80.61329860182735,76.7681118858995,9.609965399785839,4.851863124052231,3.75234020504774,Potassium
Maize,Loamy,75.0064442713214,88.62766998627586,22.886633145245593,7.40712220942107,4.414834309234903,Potassium
Rice,Loamy,45.47573505831217,96.59385060722802,11.324334993731334,5.046753278895531,3.446906787577199,Potassium
Tomato,Sandy,80.70392646082738,35.83243107308748,22.930285341358196,5.858023629087375,7.558782653037026,Potassium
Potato,Sandy,14.269516699385624,80.87693451505069,44.000628013308294,8.270981014002531,4.937712082894674,Urea
Cotton,Sandy,28.453452289644282,25.011331775375986,16.228696998923617,6.511501910636561,6.900248717628277,Urea
Rice,Loamy,134.1225434636525,56.8295629408173,20.83965854150761,8.369705728332056,6.325099829389062,Potassium
Tomato,Sandy,115.23516738439926,22.08557409887392,47.35306929680952,4.855689835546951,5.628164164874436,DAP
Rice,Loamy,69.20157726827219,38.002749366282195,37.316240286906506,6.41022639825272,4.478221238118076,NPK
Rice,Loamy,82.40105071974281,93.47904488461363,49.427521797863896,4.749609281107483,1.0152164864711124,Organic Compost
Wheat,Silty,61.79984403439684,18.878616478443178,45.77134263711089,7.02084104959714,5.294273203864587,DAP
Tomato,Sandy,113.70918140249414,65.07808503784366,66.22541246808893,4.814828005474066,3.491702171017484,NPK
Cotton,Silty,119.78620509249114,61.33065592810332,94.03300714320618,5.201471210161509,1.8243351676092314,Organic Compost
Sugarcane,Clay,116.85992662844228,16.470143507353715,15.247112152203036,5.535321240277122,4.112383845284544,DAP
Wheat,Clay,111.16564147682294,35.968009158037155,14.429714184373516,7.494975406657932,6.148873255983133,Potassium
Rice,Clay,38.63060741699142,58.48324292895025,86.01658055363569,5.155848475272299,7.731744562890928,Urea
Sugarcane,Loamy,57.31579709366703,22.781967853906576,53.107686941983616,7.886528213172271,3.618734237854574,DAP
Groundnut,Loamy,75.77836089771449,81.05924735921747,77.808477239002,5.027615755323204,4.799063090934837,NPK
Sugarcane,Loamy,56.31101879987179,97.35486840580124,25.465080842691734,4.640977796280625,6.958710683545095,NPK
Rice,Sandy,115.69162802216606,25.402142996434847,83.74194445091742,6.080181675878672,3.3379959396501038,NPK
Rice,Silty,56.109493394993656,22.756636655104714,92.76542929830612,8.417766567885181,1.9958007147957075,DAP
Potato,Loamy,29.352492149947203,48.21883182075724,65.37088647691638,4.941368911155109,2.9731728186288233,Urea
Tomato,Silty,65.86566328676257,76.03770132830306,15.058507040011213,4.906873776158516,7.293859808658716,Potassium
Tomato,Silty,147.18802058953324,31.752057972348883,90.05300734485219,7.504666043182496,2.115751759232864,Organic Compost
Wheat,Silty,41.623397810700624,6.888591326241638,80.28633410015678,5.748646775974262,3.304547427047474,DAP
Cotton,Sandy,95.70221225205206,56.41595966312492,76.33338876887653,7.369126468902868,4.2524821735023846,NPK
Wheat,Sandy,70.61622697755888,95.87705393789422,8.489177946061979,5.300042357773453,6.92979256443644,Potassium
Maize,Clay,19.94343947090573,42.17130126365983,80.90143989941227,6.340287976792652,7.563992985570823,Urea
Rice,Clay,78.30272483972833,44.912782647394536,18.105345994493916,5.5611595109956715,3.980672167432784,Potassium
Sugarcane,Silty,108.30300601076374,97.0456631258336,26.126686738704397,6.306112859516348,7.523678338474609,NPK
Groundnut,Clay,81.85079661589462,70.9877231045392,59.82780931257947,7.576388370341215,2.130213664004282,Organic Compost
Rice,Silty,132.09484892452133,73.3213326700019,30.17317342710389,7.548039761910647,2.097966043274593,Organic Compost
Rice,Sandy,50.45118233206157,58.45669051025143,67.82807959963237,6.5630891506948945,7.644755737443585,NPK
Wheat,Sandy,22.07488398255509,97.58787503200796,62.76669253141275,8.213487374884204,4.567760934698319,Urea
Groundnut,Sandy,141.11918563212086,70.44231602042782,15.27421181125995,5.555136409793096,2.3013548474776777,Potassium
Groundnut,Loamy,62.94748893395066,90.0281114024911,67.3213850611931,5.461245404476932,4.4159325940289325,NPK
Groundnut,Silty,90.69677720350867,71.44099224465602,92.77571643336834,6.9552256047017345,6.4824780876533605,NPK
Wheat,Sandy,120.88043765822744,74.83600335983762,20.305440992654148,6.985188136867157,6.788442560064666,Potassium
Rice,Silty,55.40391294258128,32.58903760351342,61.720891989574305,4.686160158259896,7.047784796544696,NPK
Wheat,Clay,110.26303534486556,33.83047631131281,37.47721033398594,6.93111084954759,4.9869963216119295,NPK
Tomato,Clay,28.958638974495926,79.38354170972278,48.663108818492375,5.997744629396058,7.068622100575162,Urea
Tomato,Sandy,50.78112460877074,33.18709747114046,32.26501701250214,7.489770101282236,4.570211461622783,NPK
Wheat,Silty,30.259489059112788,58.463156726145506,38.64241045303105,7.7324226581810915,5.249419316737542,Urea
Groundnut,Sandy,123.5722781761901,28.688469536136687,7.746623210322942,6.708615278188146,6.311038615901516,Potassium
Potato,Clay,41.17089293174995,82.61342117686159,98.24741510213596,4.50682012600906,3.9780470489735595,NPK
Rice,Sandy,110.43649775672944,15.49762836663055,64.35599259691108,7.045463240666568,1.5150704099714234,DAP
Wheat,Silty,142.06177561439137,83.79743077735812,52.5670310969191,7.495525118663737,3.451164498003883,NPK
Wheat,Clay,83.88810926964278,62.25933104822217,41.452958202531036,5.4959330649260565,5.367609517571722,NPK
Wheat,Loamy,85.60408691649627,22.756405808572342,56.24058308828263,6.358584004563156,2.346326587476338,DAP
Potato,Clay,74.54469953369369,56.49336162308123,41.110069878001376,8.362906493647152,2.0386975444974804,Organic Compost
Potato,Loamy,55.62462007510999,31.83738950049734,39.19125311189896,5.692462213576414,3.0515638121400634,NPK
Maize,Sandy,76.5917043294884,35.72939679939718,49.074921463591245,5.392613004166963,1.2247802359447495,Organic Compost
Tomato,Sandy,94.39305451734631,38.39516395170363,31.218388198763126,5.34341916191204,6.203960286608439,NPK
Sugarcane,Silty,148.0388201038923,11.01532846237049,22.104740496844617,6.735203337415985,2.8110092153183714,DAP
Groundnut,Loamy,141.2870383045514,98.66636001813465,57.87756032712788,8.299148405232026,1.8696687764561966,Organic Compost
Cotton,Sandy,130.70141416103706,7.995789672466289,85.0627164342786,6.934760516801418,5.893905911744047,DAP
Potato,Loamy,134.47827499868015,67.93720295250645,19.51867688395977,5.71329248095064,6.900496087803015,Potassium
Sugarcane,Sandy,75.49888566088602,40.266626536955904,8.109762357400772,7.054279112269816,1.1391291710324492,Potassium
Potato,Clay,102.04220580484507,66.3709776399364,28.447115789633433,6.99936919039115,2.635198395188574,NPK
Groundnut,Sandy,135.30934121106998,38.84358404332046,98.07346112811203,6.887700542918617,7.616626274087084,NPK
Cotton,Silty,65.01310709878942,69.00631139459158,83.73201700561724,5.137704827553208,3.696778951529427,NPK
Maize,Clay,144.64674696836562,74.27737339949428,61.60727508521667,7.038267197379977,7.570144443673518,NPK
Wheat,Silty,68.21004868968562,70.60250083796626,93.27864694809792,6.220657810057999,2.919487768594742,NPK
Maize,Clay,94.15157315505019,15.826388229024467,47.30151609953824,4.574368234492134,2.526473449003524,DAP
Potato,Loamy,109.37265985813207,67.40485729219503,98.41165724464152,6.659057948589981,2.498758882095971,Organic Compost
Maize,Silty,143.08288183063138,31.598817198139244,33.14869428633199,8.45706698087367,1.596600622974568,Organic Compost
Sugarcane,Sandy,44.246278367317245,7.736130204086685,27.82904620401421,5.898958363375934,7.275026019563879,DAP
Rice,Loamy,114.45833695340991,44.408913829450626,65.61457910896604,8.362236873274632,7.858845158430308,NPK
Potato,Sandy,82.91418206017151,46.1865947663611,40.92462695528424,4.884822966650378,7.6815616509014655,NPK
Potato,Clay,47.59799968688975,49.38154266848242,64.50472648774449,7.429800463469225,6.964196978790918,NPK
Sugarcane,Clay,118.72495757149468,71.95829571211804,33.97457423875515,4.957319978651341,6.928215353556826,NPK
Tomato,Sandy,87.31111922433851,34.34016186853361,63.702234399609154,5.594286294221097,5.627598270182913,NPK
Cotton,Sandy,102.5363348909546,34.95164874487264,31.195894755578454,6.7833633412884975,6.783495983654295,NPK
Wheat,Loamy,55.206149600906144,10.752464342919756,9.842346537794544,6.871118775906996,2.4583965504013343,DAP
Sugarcane,Sandy,77.37835325586471,70.24801551926812,91.65291068270243,7.600845268936685,3.7153884127099,NPK
Cotton,Silty,96.42959513832939,58.943478682960475,88.9044941779789,6.961245628909757,5.485854053063235,NPK
Groundnut,Silty,66.68751399777815,38.195385705909864,97.22582418090383,6.8744588175222425,7.123399327931175,NPK
Cotton,Sandy,37.77215557867818,71.99295299714869,73.07008174103345,8.149412347956552,5.623286236581485,Urea
Groundnut,Silty,144.62966892414255,56.048986176553335,69.85851188485378,6.308643008836629,6.873153708339442,NPK
Sugarcane,Sandy,81.60545560596644,49.578269857701265,58.10529165710892,5.40106311478022,4.317646610945082,NPK
Potato,Loamy,112.74885184027808,53.575831647807014,16.964529553489655,5.147154340094521,6.02112616393531,Potassium
Potato,Silty,67.54660709784814,65.45307190037036,22.977354540180652,6.099978387237999,7.859865644625606,Potassium
Tomato,Silty,59.718446963600286,67.70024743458694,32.49962042389094,7.3510110207747825,2.074419899908304,Organic Compost
Sugarcane,Sandy,67.0030017853975,32.450992818368135,89.56485444447246,4.670173939719604,7.488444846211229,NPK
Groundnut,Silty,67.28753012999097,18.370619522159558,21.432104837292137,5.0162135460376245,4.65654763489332,DAP
Cotton,Clay,86.1852162318735,19.88024721309928,92.6729515763496,4.924453840414557,5.502526215110406,DAP
Cotton,Loamy,86.08578179739084,65.74213416078516,54.664644639884635,6.8410006122058356,7.145083048373589,NPK
Groundnut,Loamy,79.60153422360203,87.92296214787697,72.97911536994185,5.471458602125065,3.8675792078662186,NPK
Maize,Silty,28.87000988844133,43.90214644282742,15.47322623465382,5.165037713205586,3.9308480242303543,Urea
Tomato,Silty,79.45056699007436,21.104415231298926,30.558187133711534,6.871082878972089,4.690272854429702,DAP
Rice,Clay,33.67454605889121,76.87723733791618,96.0592677772355,7.545239661809517,1.133714591477954,Urea
Potato,Clay,27.65901008140712,84.08650006984762,30.284244958324482,5.828619665810658,4.476663266603456,Urea
Wheat,Silty,140.57040042776347,88.65533209649182,33.16956343715888,6.812818422706385,3.0376108549596124,NPK
Cotton,Silty,94.69300184067859,62.648985746804655,23.77175155990255,4.892497652797841,7.49567927674247,Potassium
Wheat,Clay,102.3286081374418,86.76921314186805,17.261998204148803,8.24076412183028,1.6141470912712192,Potassium
Rice,Sandy,66.25111384667093,6.46442105259873,27.159475938129805,5.847584741259091,4.215243234138613,DAP
Sugarcane,Clay,137.25732486808099,15.187401168104735,66.02105473532585,8.490022772694005,7.632277192641526,DAP
Wheat,Sandy,99.31026854115316,13.794726369949382,48.259934682838534,8.414351023399128,7.307246752229343,DAP
Rice,Loamy,117.68378173330224,72.69744500419964,57.60680445210037,7.615293797343246,5.909439096621851,NPK
Potato,Loamy,61.59874566387994,11.610269436640007,16.624658732772307,4.580268381627867,5.125527363972523,DAP
Groundnut,Clay,144.40166331467756,52.15461538429917,81.20106248047551,6.673899681537453,2.965116559929881,NPK
Maize,Sandy,124.86458062216411,49.90715537044747,79.48899655508556,4.847345681760046,3.5686997892671837,NPK
Potato,Clay,129.5527848220361,34.516834738032884,7.051041558554162,8.080552103846065,1.6309440532788906,Potassium
Cotton,Clay,34.1071974396056,87.68849114449948,41.43393397847897,7.658545010589611,6.502758084307663,Urea
Rice,Sandy,47.934849101970734,21.19115417859962,11.533207187259043,8.389361506382732,3.267088375326682,DAP
Wheat,Clay,49.98772395570079,38.48396451792779,80.25004904442102,6.933531812599181,5.674473293211451,NPK
Cotton,Loamy,47.927291254561965,78.54629250217826,75.04061989694192,6.5886912179373525,3.503163440390294,NPK
Maize,Silty,129.7571426946003,7.890119867362003,90.68886895784982,6.575895423777551,4.250313089773838,DAP
Groundnut,Silty,14.463871329202895,68.93028802340501,27.458376100545888,6.04579349781738,4.885017306634765,Urea
Sugarcane,Clay,20.653998457308404,82.5577840043492,48.3481088971409,6.374760268916564,6.612966858734225,Urea
Cotton,Sandy,48.34808188818652,93.56544468962589,22.526348330617786,7.041650332541401,2.4780946427847628,Potassium
Sugarcane,Sandy,37.98221645092211,88.24818084669107,40.26731877504135,8.231790430225109,3.791357707808995,Urea
Rice,Loamy,42.460345943598774,35.34149109920009,54.61310889885398,6.883537353024124,1.910571003242723,Organic Compost
Maize,Sandy,121.712046495462,60.70459342568049,10.06642503466595,7.928463769269468,1.530323534448815,Potassium
Wheat,Sandy,88.83772314488657,12.342881849294256,72.9126890143516,7.951119645210003,5.232720493181543,DAP
Maize,Loamy,10.807892581015519,29.49765033706082,56.61286923525215,6.575330703393037,2.3236373105123187,Urea
Maize,Clay,70.10518719858734,13.951125981013202,83.75110663501397,5.889878565990486,1.4185953934826916,DAP
Tomato,Silty,67.10388975905025,34.942792564626565,30.819147613163736,7.058295493328324,7.279685518444838,NPK
Maize,Loamy,25.952337722236095,88.14278527857925,90.81550500057918,6.283509367659371,4.740200938497771,Urea
Maize,Clay,104.659850404204,37.9808497690578,99.87595403789211,4.825763469287732,1.9423974518208924,Organic Compost
Potato,Loamy,108.29360637312875,58.380319785135505,92.33335164587908,6.011236401729734,1.3739828921328479,Organic Compost
Cotton,Clay,110.92505066729368,46.171180570919375,78.89978520414964,8.4762885521973,1.8390203738955928,Organic Compost
Wheat,Loamy,111.98593237820289,48.59706980837986,82.17503627300917,4.694047480105149,4.2993606822442985,NPK
Potato,Clay,10.007395770521551,97.10934492447304,59.505703041735714,7.286667647603707,5.679256786182284,Urea
Potato,Loamy,143.54891253854112,33.134674485066505,23.064616976697998,7.864754820284988,5.488960524902319,Potassium
Cotton,Clay,123.98922738765283,64.59582460470128,69.31886508903314,7.094903613901515,2.0109616038514897,Organic Compost
Cotton,Loamy,136.55743752249992,44.90595361004747,72.7115351956935,6.77899292465316,5.434422662863962,NPK
Rice,Silty,12.190061343040778,10.80888719953019,98.61158832545104,7.33021766791503,3.834059369523196,Urea
Cotton,Silty,140.7402314100035,51.486429004302416,56.42362504435057,6.217370949198623,4.253206490096256,NPK
Tomato,Sandy,123.37039401633466,82.26761625928529,30.78005642738036,4.865446949235507,6.61001284371722,NPK
Tomato,Clay,127.2106800142178,14.381532024760395,69.94888956525314,8.349487017213526,3.3274956087574683,DAP
Potato,Loamy,23.06023386107559,11.611225502649352,98.04070286831319,6.229203079936784,2.0289933301434764,Urea
Sugarcane,Clay,113.42892404860368,19.594994437360334,21.83532128556393,7.16155694867207,7.114171934964383,DAP
Rice,Silty,144.38833654989273,77.61801058198408,35.969802260882254,6.625241747557181,2.484914031064366,Organic Compost
Sugarcane,Clay,104.99662779854249,73.77956149375011,56.478690608404705,4.718692287910218,3.058209093882499,NPK
Sugarcane,Loamy,89.87859664744491,58.6766880460805,21.17039031379046,8.310986403970155,5.9461304123183565,Potassium
Potato,Clay,142.38815488485957,49.48150838880008,7.110960754394144,7.670148904457293,5.784852219403251,Potassium
Groundnut,Loamy,72.01119704282104,89.3909523967491,37.01339663191881,5.096391577877579,6.602800148986801,NPK
Potato,Silty,93.90109928346702,77.83629326418084,87.21022614260052,8.426595505153067,2.2870664901355875,Organic Compost
Wheat,Silty,76.68736108921127,82.1345138736715,9.129497935752909,7.447605488686832,3.465959253199423,Potassium
Wheat,Silty,140.59847099044188,82.25991862831215,45.74826060660716,6.389286601713236,1.8811826726938277,Organic Compost
Cotton,Sandy,20.65186174717102,66.058129700828,77.40907342797783,6.945480226238293,4.78727403018023,Urea
Cotton,Silty,80.15675811554874,48.511389310014856,95.5523467065341,4.92694672805839,3.0479941477709085,NPK
Groundnut,Clay,106.17334179396137,87.14438649563678,98.62016290542107,6.741646040062443,5.8225494870599395,NPK
Cotton,Sandy,120.86691537911317,92.97070467230881,45.08709115783046,4.794644288068238,1.0024105758917874,Organic Compost
Wheat,Silty,91.62261064217908,7.261574109542586,95.28650796601616,6.679421028477208,1.4177809892170548,DAP
Sugarcane,Clay,137.24848417700355,9.897712960293873,8.364802461682055,6.710782755051142,4.027922103635404,DAP
Potato,Clay,141.87880256374203,96.08061320630155,75.86210910986284,7.997755140642976,7.707289091828979,NPK
Maize,Clay,19.004691247101693,31.330258315198503,66.06087329019323,7.4002300010891755,7.235959711514281,Urea
Tomato,Loamy,66.33187553579242,87.97009676669478,28.70457647068447,5.49820956886048,7.958063196433883,NPK
Maize,Sandy,13.284263040961621,41.93553630133325,53.195257564566646,8.053704568751428,3.917811574048314,Urea
Maize,Clay,56.11833203242201,16.314505472888783,17.307605087247083,6.792970659392023,1.3259794039162607,DAP
Wheat,Loamy,85.1615505158843,12.642104019886755,87.8017293403983,6.925517914296135,3.141692994138337,DAP
Maize,Silty,137.51129027139285,19.868250412643366,39.000318126836554,5.175925476888713,5.73039596521766,DAP
Potato,Clay,128.51760514515638,28.739853512399648,64.47422469424308,7.931094383876456,1.9461466683719069,Organic Compost
Groundnut,Loamy,27.849961734078,51.40924362342849,20.083747197289917,8.223860460066176,3.0998052513200074,Urea
Rice,Clay,23.024252463725396,71.64230055374944,24.585660239964675,7.599962597979633,1.3931631518140106,Urea
Cotton,Sandy,92.49742742593338,98.7078647661035,99.23585522629944,8.263009810580025,4.3247692687316395,NPK
Rice,Sandy,84.49651614422957,46.943140612471254,76.54320747192628,5.709199616489384,2.4624447438656154,Organic Compost
Sugarcane,Silty,47.29286980020334,54.22756952259544,96.38732762853672,7.944476673451085,1.6387361882930165,Organic Compost
Potato,Clay,135.92343183753692,54.572491631409285,33.10586069514419,6.4555725714549705,3.878510666377353,NPK
Potato,Loamy,139.83129732461748,56.246263771353924,20.63347327888294,5.15566881177434,3.4585778306190846,Potassium
Tomato,Silty,66.36560136762277,54.185362424923916,52.79150403048894,7.175202396133605,4.762624158618446,NPK
Potato,Clay,134.64235799589284,5.833601730882194,51.99348681159762,7.2364810828235155,6.2432705871954735,DAP
Cotton,Silty,63.75284519681617,5.163858100434867,21.619918807008847,5.64769805502676,1.7879811549855367,DAP
Potato,Loamy,113.15435645615803,14.278300221981677,74.65585911023398,4.60997332651028,6.53787913147006,DAP
Maize,Silty,76.63191045668138,14.647877325771988,39.36886577167974,5.299389036342253,1.1840298591262608,DAP
Tomato,Silty,27.161641911005617,71.96520635070563,22.70469693839914,6.099110190695547,4.101713317470935,Urea
Cotton,Silty,139.91078817318302,24.46702308901998,36.5384224816124,5.170251644239475,5.112012008201174,DAP
Groundnut,Clay,73.57352307285512,89.99783995178322,58.547576465326436,5.276119792958417,7.698990711978583,NPK
Groundnut,Loamy,112.82818564513651,93.21760130981686,74.01473855714211,6.065562657529078,5.017461188087548,NPK
Groundnut,Sandy,61.4043340203809,97.70986710011037,50.779634175461034,8.347146457234242,2.1112443528997202,Organic Compost
Groundnut,Clay,12.643323000672853,94.21272396426691,54.93152403369548,7.556974061630593,4.622792637407364,Urea
Maize,Sandy,24.074250216857028,30.82939058225984,18.1998639145611,5.7789936049062565,3.7704876303399133,Urea
Potato,Sandy,79.47072712858942,53.42880024683369,91.89563784728205,8.306416275674193,4.355488973201705,NPK
Rice,Clay,106.59500999769074,21.668222168709395,93.22879880924422,7.08258716903493,2.379679102613611,DAP
Cotton,Clay,56.86294572109907,81.58991724138114,69.92552608971035,6.321798578560561,4.505789296178903,NPK
Maize,Loamy,107.36838428487104,89.40101198868913,6.674983848732348,6.373200795820589,2.050278350036138,Potassium
Groundnut,Loamy,107.80898252047385,85.87243973326392,56.02205051081597,6.142977871341568,6.2083015648360895,NPK
Sugarcane,Silty,108.55102702589632,46.16986012619932,64.7758023484183,5.431968210183759,5.157343821579185,NPK
Potato,Sandy,78.95305956287118,77.0740190452442,99.49215118102045,6.046528768854823,1.5496938411424832,Organic Compost
Rice,Loamy,138.08406101701055,14.270021109745597,99.6263607435057,6.61158553617357,7.2273012755028585,DAP
Sugarcane,Silty,78.48751251728618,8.823253208828817,86.47306735592795,6.6121094029208844,5.314657232309468,DAP
Tomato,Loamy,73.03712708952935,76.55745935933228,11.063944242480785,7.546947608850072,3.21274938589482,Potassium
Sugarcane,Clay,37.913314661487775,45.408751061224955,95.56125712397935,5.935191428629411,1.3194967966911721,Urea
Tomato,Loamy,53.07171222988711,99.57718015025907,63.20281847943991,7.36719211721581,5.425586870401431,NPK
Tomato,Sandy,15.926828952562468,14.239150506275578,81.08424319552205,6.812367355074739,3.614081829438358,Urea
Groundnut,Loamy,98.69494110626383,86.2846297458472,43.68332072015609,8.347381618107338,7.353326734149413,NPK
Tomato,Sandy,44.795004149793,50.59839122525421,35.36859976728603,6.041139704135931,1.2441448289992219,Organic Compost
Wheat,Clay,52.58173562796512,83.57926857286832,49.00819382096176,8.104865857043162,1.2737170473957034,Organic Compost
Cotton,Sandy,117.91403303300497,82.62709180616376,18.953078732038556,7.782570189193158,7.645095008348548,Potassium
Cotton,Loamy,55.81096564260354,92.01924012939735,38.92128318156408,7.050657138357828,7.754117619756544,NPK
Groundnut,Silty,43.9074248818399,33.29575107217977,86.47366247798647,7.118057866968469,1.1941955874084702,Organic Compost
Wheat,Clay,33.6680848787188,95.23093857889029,8.60529619478374,4.838599738425643,6.012232644589293,Urea
Sugarcane,Loamy,118.48017630547382,19.408361233973928,19.333414448337425,8.300898422373729,2.5504639663018835,DAP
Maize,Clay,28.158876118603764,12.787033871381599,16.886035166701127,4.927744253982976,5.909749364002508,Urea
Sugarcane,Clay,73.5255264350495,46.00347415037317,43.29217655652167,6.752933234974028,7.0811295766058855,NPK
Potato,Loamy,80.97021625080721,83.69068202097505,99.71375558463187,5.820283201796618,1.7058203520359276,Organic Compost
Maize,Loamy,106.23458777600004,49.975007410177334,21.469003370081357,6.219407913159407,2.6713649173342944,Potassium
Tomato,Silty,98.65968752661936,83.78223436539884,18.820851711929713,6.940732043347268,1.168543678285464,Potassium
Rice,Clay,123.50089421232447,74.32024655045899,91.93029432873467,8.135405511529287,1.3068089181110856,Organic Compost
Maize,Clay,16.26520074967334,24.895696683198686,88.79479911176674,6.330268494289205,1.2073250075244193,Urea
Rice,Loamy,51.50170146911561,95.14375436544907,8.062835149672672,8.450918221225765,6.604776494984901,Potassium
Cotton,Sandy,49.218776628553165,10.774211019793324,76.41206621703492,6.871248261405999,3.088048749015437,DAP
Rice,Loamy,30.442366782895153,90.33657221666051,67.26924164026082,5.142215770568698,4.452480077003924,Urea
Cotton,Clay,50.48495553990204,33.92212765408553,77.93537693600736,5.260037179325009,6.5149098451791145,NPK
Wheat,Loamy,53.36714398000648,52.51406790061793,51.9777332056126,7.364444142357004,4.4646056389470266,NPK
Wheat,Silty,83.06382466984697,45.12342790656977,99.18102575258808,4.701591176973527,4.004372438372172,NPK
Groundnut,Sandy,102.91862704967585,21.324282907107037,9.165466777541504,6.421366304888908,1.0810124454262118,DAP
Groundnut,Loamy,63.35407190565397,39.023952308160844,27.265300708361544,5.092876439214066,4.976276517757293,NPK
Tomato,Silty,110.72583238387337,23.32877144781555,42.67186876249343,6.23287454071138,1.8732015469596048,DAP
Maize,Clay,57.063147401141194,24.369215168749765,47.7289044487418,7.499669688286878,6.352537685537183,DAP
Tomato,Loamy,50.639714824066445,22.770399422506134,92.52990325645428,6.335251712965737,2.804164066705137,DAP
Cotton,Clay,85.7663278199834,51.45665113292645,58.20041458733959,5.153804435923708,5.719311875660585,NPK
Tomato,Silty,13.320290442810684,80.80347991357498,9.285544574437418,5.50770148142657,5.523564694772756,Urea
Rice,Clay,21.170477308760052,59.05215320731789,43.746981525437874,5.97015835460873,5.31672922051014,Urea
Cotton,Silty,68.51573610211378,89.85462591232998,44.566589175061644,4.778244733945659,2.8686640527603484,NPK
Groundnut,Silty,142.0077795948459,65.4717264147888,96.72163915158956,6.8373505443244875,2.869628440228977,NPK
Wheat,Silty,111.01164917807931,70.48731098509742,61.923723647005275,6.930135165112201,7.0413363040893096,NPK
Groundnut,Loamy,22.337719730078085,68.4226868240653,65.38685176009919,4.74860770853027,1.089651328412989,Urea
Maize,Clay,128.48452178932232,47.698623352455414,72.75903796887073,6.109245284696648,2.2706584341777054,Organic Compost
Cotton,Clay,112.52210788514535,70.48718810900786,78.1537349898017,6.1560027315389,5.271196423493896,NPK
Cotton,Sandy,95.53251359837145,11.622235914551311,65.32985166923648,5.835278274210404,6.719323780822188,DAP
Rice,Sandy,124.84101448528483,86.68588983198799,27.53346335772387,6.730958961324447,3.5084185607100107,NPK
Maize,Sandy,66.575378684014,78.89215362717215,88.03436186241059,5.883829960240448,5.574104210275601,NPK
Wheat,Sandy,41.01014711953938,28.296846032009487,74.55138103900987,6.165637117911224,4.900094937341654,NPK
Sugarcane,Clay,81.68327447522631,77.96308315413783,75.4776960842108,7.690094189766422,1.4517807313742477,Organic Compost
Cotton,Silty,86.83784578308634,6.201047133001757,99.67289022730117,5.148437421720805,5.3522513785147465,DAP
Cotton,Silty,85.36569208138769,25.63842438568364,81.24002081201502,6.976458781213683,6.697324305907454,NPK
Rice,Loamy,89.11033080721474,11.188037673735113,83.76938329973956,6.522377606763382,7.947138242095865,DAP
Tomato,Silty,142.81868855348532,79.1215570787,95.38352399246504,5.720286549917397,1.20748050856206,Organic Compost
Potato,Clay,136.3143872334724,76.80804436194678,19.357729985644916,7.410138625961643,5.620407208087076,Potassium
Wheat,Clay,132.6003851182515,82.29542226117391,52.28410076541645,6.704753438164592,3.901846872035735,NPK
Groundnut,Clay,122.1983535272078,5.425760865925239,60.15386724112482,6.409446107842781,1.068515220943437,DAP
Maize,Loamy,142.07993501713995,52.61710903444876,36.281194276133476,7.1706772590848,5.300526605959579,NPK
Cotton,Sandy,23.789249835116454,71.95943876414697,84.74331766997803,7.709161231925443,1.8569910898894486,Urea
Cotton,Silty,47.11725660240353,19.76310723020647,77.42986405634372,8.390675160134304,3.6499679513239562,DAP
Groundnut,Clay,79.30783239164188,66.73011911369935,73.48389207827178,7.017401473505494,2.829569647418816,NPK
Wheat,Clay,128.51482903727674,12.990459434420142,99.72919677702585,7.997759941601531,3.528143815897695,DAP
Potato,Sandy,80.72319961318254,22.225956329909753,29.641230473797098,4.504366164091827,4.448869070506648,DAP
Tomato,Clay,114.72486350782242,50.200697424487096,74.86843890916502,6.620942770903564,3.5144667274266013,NPK
Cotton,Silty,29.45438673484827,67.08868950470469,57.38342511606056,5.358590195080792,4.869123094126774,Urea
Potato,Loamy,45.337933816718426,18.857567060620127,34.73397233691823,4.876769828332549,2.6705478316299764,DAP
Wheat,Clay,112.44865330527414,22.5962164289391,20.255752718696954,6.627884068257568,5.447532371998671,DAP
Groundnut,Silty,33.06276124428137,24.422404871237983,90.10896452141698,7.487306024596377,6.976341028873974,Urea
Rice,Clay,59.18983085168975,27.676576446402954,61.5682708572453,6.149090089897519,2.568469328406487,NPK
Tomato,Sandy,47.0812760939,26.52261560999767,83.36871457587549,7.180429797377739,4.555140510989357,NPK
Maize,Clay,58.98063719114699,42.53916530727549,56.807773480146764,6.4588770153638,5.54082849184922,NPK
Cotton,Clay,109.16536687091585,67.11001682948867,25.89782266213186,6.2483434638377044,4.952382918493912,NPK
Wheat,Loamy,61.49860535999214,46.61301939777462,37.0671372445309,5.6610265617434425,3.559546123345582,NPK
Rice,Sandy,87.73686516511162,78.71752133123937,41.24619003498692,6.030374058004018,5.495397956040239,NPK
Maize,Sandy,23.99046278761735,73.33050806511841,97.42880718785172,5.8991825231777115,1.1977234434705335,Urea
Sugarcane,Loamy,122.7024770528479,17.02005683466219,5.535161446231338,7.084748736059526,3.589343623975031,DAP
Wheat,Clay,61.78440759073748,9.639954215470674,98.63827218732817,4.964074045116558,4.728285502487022,DAP
Wheat,Silty,100.79478226466794,88.40444857996258,98.14385533543391,4.870545474751224,1.1442921118510527,Organic Compost
Maize,Sandy,111.55454423265657,12.583951323472975,99.63432510036297,7.140051976833842,4.553541807790099,DAP
Rice,Sandy,39.352529095638054,19.092222168372743,50.275876997365295,6.6851922795155225,5.579781225359398,Urea
Sugarcane,Clay,133.854497893469,7.102661178021216,96.56185211399496,6.22080038697063,6.314453883991316,DAP
Potato,Clay,96.27139522497342,64.69195470337212,42.5819222757336,5.109771537631614,1.7936185698660128,Organic Compost
Potato,Sandy,70.02151984520741,60.325203500043116,7.497971863496737,6.144108447477246,7.933954124241864,Potassium
Groundnut,Clay,35.526925700950734,98.75584831134928,26.31298270531763,7.658927053280046,5.243173909345669,Urea
Rice,Silty,141.92213130616895,89.25857765013134,94.80314326905155,8.058484943157028,3.54235654828631,NPK
Tomato,Sandy,115.70954857842752,44.03010186068642,6.307645866862998,7.3103062798568805,2.7436499811969965,Potassium
Cotton,Silty,39.123438782654844,40.30065488669082,56.86944286518263,4.739648703523523,5.010278031783902,Urea
Maize,Silty,57.27950846139143,33.20094325659858,12.18215094499451,7.181639106404474,7.171981530165995,Potassium
Groundnut,Clay,123.35439613233025,19.47865740359873,32.20767495061996,5.463942358185179,4.643957772989554,DAP
Sugarcane,Silty,107.39487285014745,18.11794737719086,13.368820817629233,5.761004972105621,5.6303043892347215,DAP
Maize,Clay,117.20980098020141,17.566952260912515,86.65521900574036,5.283492831839938,3.5038750767839213,DAP
Maize,Loamy,71.76815430981054,15.840901932743963,61.15171741653205,7.603023162480818,3.7170660166228084,DAP
Rice,Clay,110.30667676990336,27.848644028526007,90.70011424323972,7.094408490549116,3.003225740403244,NPK
Cotton,Silty,64.10912120094792,34.13351987974606,70.3935539563217,6.947340218396723,5.9394610605776785,NPK
Tomato,Loamy,39.5768083713475,96.35000224869701,97.24776746828448,7.171890438677105,3.5143128739159555,Urea
Potato,Clay,98.57478487779039,59.95495884517914,53.43837720223863,5.447089045615614,2.3350148282886747,Organic Compost
Wheat,Silty,146.64194958383118,98.8215985787617,65.67750526747308,6.2785776573014465,3.5858039981636654,NPK
Wheat,Sandy,53.48413599534614,40.38436004343896,59.74933788946038,7.033014886195957,6.976790454829294,NPK
Maize,Sandy,74.53574290975556,48.4745300959969,51.00474079742821,7.046376110473202,6.167764305038464,NPK
Potato,Clay,104.3601919497795,35.83497262070152,85.36613971518621,7.667407451020522,3.3424859112449474,NPK
Potato,Clay,85.8108794971483,22.374326835172504,66.22988788868422,5.648415866752442,7.347662753856916,DAP
Cotton,Sandy,128.0798913992669,18.60064723887002,81.12466516126992,7.581344486787289,1.5238284458222688,DAP
Sugarcane,Silty,116.64397890573223,94.78252379174403,79.70457397722926,6.260737922467743,1.3482765398955026,Organic Compost
Sugarcane,Silty,18.161608540729986,98.74701477088179,23.149290262253054,7.180690768235739,1.8922924834966888,Urea
Groundnut,Silty,149.77897274932837,9.266402168329497,66.76553558917615,6.322877520261147,1.8151832910102217,DAP
Rice,Clay,115.3363435207254,19.28285809951782,23.96656182222674,8.294440679163774,1.6148402050863835,DAP
Cotton,Loamy,130.94646428117585,45.23478876859715,60.41544543315823,5.217209058966578,5.629398283985947,NPK
Cotton,Loamy,101.16767969334849,22.701680252718695,69.35629502239854,7.200020354329428,5.205896657587967,DAP
Rice,Loamy,129.8799179265467,39.56863739455391,99.73733180082075,6.806140003072636,5.533238574072003,NPK
Potato,Loamy,25.733616490019315,17.26415323666517,7.901487924225144,5.190924163790978,5.81856237913421,Urea
Sugarcane,Loamy,58.683296978304185,48.368616888570074,13.668027440803488,4.764025343246672,6.298158267364759,Potassium
Sugarcane,Clay,132.69893210462897,30.81098853607963,12.317536155266993,7.6965775558866545,2.4502384924048726,Potassium
Potato,Clay,38.231729577364916,38.43098029707278,42.844322195340304,5.129805334585061,5.3561245926435985,Urea
Sugarcane,Loamy,20.953893801203183,13.959701888961021,83.0508943411523,5.246026731143104,5.060340615354613,Urea
Maize,Clay,120.33665159233065,45.67216481746346,85.18535161477789,8.413736895956157,7.605620180624316,NPK
Cotton,Clay,126.96806179006147,98.40947304134913,75.0130615935094,7.369043405906523,2.62657406967754,NPK
Wheat,Loamy,32.771310546586086,36.23913945371308,90.20343297384503,5.50194736640489,1.4110605406203198,Urea
Rice,Silty,129.60843758958015,88.26078111003133,35.67169469609799,6.8637958406064055,5.5744654880018025,NPK
Sugarcane,Clay,106.14749138360375,85.10391845425009,13.374691203968418,6.636447353610054,6.181209881656983,Potassium
Groundnut,Silty,82.81157565032174,95.445549738235,10.524537659035762,7.87789307005539,2.9823720406528547,Potassium
Sugarcane,Clay,126.2350269893939,80.06040366537397,85.9526083638417,7.417282991330497,4.995939016577683,NPK
Sugarcane,Clay,68.6948949046552,67.66169857058742,74.39144796360067,7.826884501972743,1.416752458739054,Organic Compost
Tomato,Loamy,37.159153871275606,86.37552220160848,71.36845407105648,5.346026351909449,7.7203138881780236,Urea
Maize,Clay,49.87937472548591,12.186244662448216,37.26925216183854,7.060876817468021,1.7694748130941802,DAP
Rice,Sandy,80.72296256106408,48.968912433886736,41.09099291873149,4.660963433673521,1.47299375306397,Organic Compost
Tomato,Sandy,84.38631097424461,98.97934266843059,96.02078524543532,4.775762449116881,1.3087711164623332,Organic Compost
Tomato,Loamy,122.78131570177271,78.11201437299957,11.061450689303827,7.354108130818389,3.990903345523469,Potassium
Groundnut,Silty,120.78938131132682,96.3971609135362,78.5045150090903,4.597680410575725,1.6801182042003302,Organic Compost
Cotton,Silty,91.39131800864048,79.06526383268051,34.41516575229735,6.819060035602037,6.212537686689027,NPK
Groundnut,Silty,119.30996767116669,88.1137869070037,8.710188749192827,7.86162039377812,7.29211912438484,Potassium
Cotton,Sandy,36.84828416111394,72.12031506880314,75.54416052053332,6.019767233672114,2.8215325262739994,Urea
Cotton,Silty,17.009033793061207,77.24769041963778,36.436629139445586,4.679361747359652,5.401411834759792,Urea
Rice,Silty,132.30873516885802,54.70191093475257,73.60401428056568,7.355389798514907,1.2963691290827244,Organic Compost
Sugarcane,Loamy,20.57762912678774,92.80258157734262,72.2271663962214,8.218745809856603,3.705951301849568,Urea
Rice,Silty,44.536380164159624,83.37869650921935,55.804753166145936,7.368685568233071,3.0505947939940983,NPK
Maize,Sandy,107.34465294741383,85.16907173823506,78.85044727500214,6.813788972011102,2.6003336750825117,NPK
Cotton,Sandy,67.32271126782328,68.93586459148997,60.19864079626813,5.42011531951624,5.513064427400893,NPK
Tomato,Sandy,132.68395578817123,33.935094973288656,32.23050102058477,4.561502496177988,1.911595624509754,Organic Compost
Sugarcane,Loamy,51.71717125271773,8.384830562063236,74.74095360111981,7.278688433916213,7.024973663078919,DAP
Wheat,Loamy,11.661988533710302,93.88723729390674,60.96828250838374,5.424104703377171,5.653851344581143,Urea
Maize,Clay,52.09178967850418,60.68143313652221,6.209091760542451,7.93265070872943,5.975146250816406,Potassium
Rice,Silty,90.93050688587643,33.32358225907332,90.6561968881794,6.365456475330445,7.547410160603677,NPK
Groundnut,Loamy,62.631372556461066,19.16783524551609,56.836143740809774,6.622542329489825,7.596610100517603,DAP
Maize,Sandy,84.88218580622573,83.8047007225717,87.51959022055551,7.515746177065466,4.86156626673465,NPK
Maize,Sandy,132.72373663690263,84.46941847251999,88.85999970331324,7.617722431213373,4.467658721001863,NPK
Sugarcane,Loamy,137.74790759225158,82.3782569724005,47.271832389833406,7.070603332322273,3.3476712575883707,NPK
Maize,Loamy,47.23636905157569,66.2828557368447,53.22769966286694,8.253727261650972,6.009001271417278,NPK
Maize,Loamy,74.6996662577861,39.771461821228215,44.49666682918218,8.429193745281678,4.76746220885869,NPK
Wheat,Clay,86.88016213380317,33.88667705412442,47.69649365426432,8.287541777498468,7.530125558180872,NPK
Potato,Sandy,142.8757439643546,5.8127031612261675,90.03898010231414,7.796716741375774,2.6703816409882375,DAP
Groundnut,Clay,149.80642468301386,84.19271807538283,79.87368132695154,7.322500880977006,3.171768803753435,NPK
Groundnut,Clay,42.95701483781373,13.306106261896034,17.019939249979906,7.15330343152667,3.212633131939781,DAP
Groundnut,Silty,111.77718198841416,64.92172481387293,62.97923924630911,4.915000707682136,6.64198918189695,NPK
Cotton,Sandy,62.92434871264732,52.887119949808394,99.61113083670251,5.58593738727645,1.6932823228950662,Organic Compost
Tomato,Sandy,11.135147564069852,55.03548909800336,61.57731661708615,4.522752894117508,4.189543846922858,Urea
Potato,Loamy,11.295353141026329,93.03772030423846,79.65780443134503,5.0496394809359675,3.9930651588113313,Urea
Groundnut,Loamy,74.4792410587158,8.003426070768,78.06083997121124,6.256917908676753,1.5119773470963103,DAP
Maize,Silty,78.36688782060685,78.47226133973336,38.280164957871214,5.086146203156293,3.87557898981043,NPK
Maize,Clay,13.159757520281971,9.944977844894177,40.325683756876096,8.106653658707032,4.593645882987869,Urea
Groundnut,Loamy,106.16983834840235,8.624592563860833,73.78726007008831,7.722796741341128,1.4557328475343927,DAP
Sugarcane,Loamy,51.160474403293435,45.83268132343128,52.49843550245934,4.786447648358073,4.569034899112672,NPK
Groundnut,Sandy,88.38503421503292,10.992141562581839,59.20421736738686,5.495654861869064,7.714665332783808,DAP
Maize,Sandy,52.12867024315863,79.96867537282664,72.72605008465958,7.776287538446035,7.852400262130725,NPK
Cotton,Loamy,33.398804081703005,55.30849389659203,78.86962756870977,7.712184506239494,4.721758450128679,Urea
Rice,Sandy,67.00432340384253,7.758684352678572,30.79407488464178,8.281802200471155,4.605678528220713,DAP
Rice,Silty,42.5182710706701,8.847565215782353,18.945407146511478,8.490191046469441,2.99855716491474,DAP
Potato,Loamy,84.87213676868353,63.20351032525054,32.720491438753896,8.405080252964488,7.979808301984711,NPK
Potato,Sandy,37.8359942401072,81.58062267754846,53.21614088374717,6.140551942885766,2.9196041971765823,Urea
Groundnut,Silty,81.17683673024779,46.590955471103484,37.50342514321871,5.5013137752081285,4.170309103079695,NPK
Wheat,Sandy,32.03299208164146,57.68516379588432,58.99446209052141,7.53364076170825,1.0205384046187356,Urea
Groundnut,Sandy,103.9364593280099,80.98379813474065,10.079243791934703,5.697091570976124,3.444626036363958,Potassium
Sugarcane,Sandy,115.55127582179936,62.998086533972824,53.42628910330789,7.725601440525319,1.5000821042617671,Organic Compost
Groundnut,Loamy,25.45519279499073,26.35222257758785,39.95856615908225,6.635818921591698,6.206773392695926,Urea
Potato,Clay,75.49233768522748,63.23994245760047,55.793341714823825,7.675709100939816,4.927101171209525,NPK
Rice,Sandy,19.922038091682303,64.68654861119529,45.140668714072795,5.603519518868042,5.005203141013595,Urea
Maize,Silty,93.74554237588033,74.74016318370704,32.00145581056653,6.532109262215283,3.005579001297921,NPK
Groundnut,Loamy,47.016601710150354,63.983047817896114,90.8902510184754,6.756095174408728,6.704274031770815,NPK
Maize,Loamy,83.86742395741909,97.07800239351361,22.552673900028907,8.272432270880529,1.0228964773187512,Potassium
Maize,Silty,82.44454131380077,23.742389328121504,69.72972968015317,5.566390307321669,3.3352082541493444,DAP
Wheat,Sandy,139.40960846713205,95.35361455887225,92.84124769532934,8.246752957139579,5.616482433212074,NPK
Maize,Clay,86.87165115962121,56.14225158325154,56.17364617011614,7.719435661862864,7.355457761918447,NPK
Rice,Sandy,91.61978716056419,68.83583334701665,88.2588064150508,7.423576216346781,2.6423116984766315,NPK
Cotton,Silty,66.23143760701325,14.448851757958035,16.860890451162014,7.647481076740501,4.787700362091926,DAP
Cotton,Loamy,142.87114444559435,41.154714430920166,51.90993317435877,6.921700183520228,4.7659399437332475,NPK
Tomato,Clay,118.80602732154534,78.0910189140014,48.41740164568924,5.476320041849943,7.119220583305899,NPK
Sugarcane,Loamy,49.95674064239782,72.15654643440408,5.771286668514511,5.2579798753594105,1.3536182269188965,Potassium
Groundnut,Silty,128.1893420086725,8.813241875713967,47.10944742913678,7.965365743401562,3.971328927494951,DAP
Sugarcane,Sandy,70.5354904259126,56.92645503223824,40.05782685634679,7.400557610383332,2.277259723543521,Organic Compost
Rice,Clay,126.01340009470316,13.386428331998896,68.63087913858845,5.352817131043796,1.1507282020901863,DAP
Maize,Loamy,125.20432956109029,99.60636077192542,94.14132896476926,6.960373463497606,2.0292165836433798,Organic Compost
Cotton,Loamy,36.44182614679961,90.24317591066298,13.15015338489347,6.290185925656895,7.8352947099373935,Urea
Sugarcane,Loamy,108.15975839370077,7.002662740711011,36.110256737889195,5.134620679852375,2.5039395666418756,DAP
Rice,Sandy,50.69001570291435,86.57170999574993,47.18615005245393,6.627428437428657,7.5452154133506,NPK
Cotton,Clay,51.64897379897355,92.34581205304872,48.24261091326641,5.626076369865669,2.436780398416592,Organic Compost
Maize,Sandy,51.4887307632813,38.58708114352823,78.6069234800141,4.884976496630286,7.5190665916913915,NPK
Sugarcane,Sandy,111.57955465839275,73.35265722953775,47.122588254176875,6.367833194181643,5.582346546402201,NPK
Cotton,Sandy,42.17564585095505,46.999855889738996,7.580323638097069,6.860434208374247,1.7925300425134874,Potassium
Groundnut,Silty,10.12681693445263,67.2470860347527,72.45988898631897,4.687625641524602,5.073406085886044,Urea
Potato,Silty,110.13315948756863,37.33015340832819,89.05882103883881,6.108370997643988,3.22959826278195,NPK
Groundnut,Silty,33.96586413691754,35.643127480160494,53.82094769221892,5.530647679346741,3.6820720918464915,Urea
Tomato,Clay,24.627535343096852,45.32121944147001,60.20530956135801,4.62260236282893,4.081196704844811,Urea
Tomato,Sandy,43.25225688316842,18.82893707198761,20.47896170205938,5.002650198446023,3.958949157712342,DAP
Cotton,Sandy,63.18607312517856,83.95820162136134,25.96136474450092,5.056136635273511,5.648762233381202,NPK
Potato,Silty,76.6268858462481,38.12630005935548,27.341172716838116,5.231496992471884,6.378576480135342,NPK
Rice,Sandy,16.239805699768315,43.01420762105529,45.920487613723054,7.713510285751685,3.304243824407849,Urea
Groundnut,Sandy,145.88026656783046,89.93518820670374,93.173795985086,6.257967465912557,7.470547731799829,NPK
Rice,Loamy,110.24882747873814,52.17926233600128,54.56955283791417,5.0883439690815475,7.569264198132135,NPK
Potato,Sandy,55.24716914540706,56.70412138833198,23.2492762941285,4.901187867711557,1.2848330600580038,Potassium
Rice,Loamy,54.617616019955626,95.86732185382436,30.278334907550214,5.691761834916156,1.1043615221811294,Organic Compost
Potato,Sandy,72.79595691158431,89.23900639877397,41.4814278240825,7.692062074817809,3.975464311057427,NPK
Cotton,Clay,97.67427518682462,21.099337344401754,64.20960269081594,5.957839391758574,5.13451675691361,DAP
Rice,Silty,30.492229322455486,49.955427842219976,46.80314953538051,5.139589441175753,2.9453332321644314,Urea
Groundnut,Loamy,36.450173927093324,97.27314160571183,42.28226019680787,6.11646472618464,2.8158962576004205,Urea
Maize,Silty,130.3208415966971,40.37479833171725,58.6492170379045,6.72124622914823,5.748336807964335,NPK
Tomato,Loamy,45.87568934447016,40.29944530903901,27.97432452067422,4.618336734552056,5.211929992588988,NPK
Maize,Loamy,63.227299716524854,23.527872019969664,12.495810895535307,7.010567205760692,2.1700281249517674,DAP
Rice,Loamy,131.9780591330164,15.860695841316895,7.319359908111101,6.080403012059158,7.191506742856111,DAP
Maize,Clay,102.84069611597515,75.32895512181827,28.869620529377073,4.5389035005247775,5.759832491127489,NPK
Groundnut,Sandy,57.839663107836365,78.15289452664406,13.701243243724527,7.195557595785523,3.5380337441830583,Potassium
Groundnut,Loamy,105.7179364014469,97.05623153278499,36.952360659472845,7.349550542250593,5.78537282993805,NPK
Rice,Clay,12.75565015339792,78.47473003600949,78.42868633417677,7.015359154234732,1.7885716073747115,Urea
Cotton,Loamy,112.98997240159113,28.11848693319188,73.04796139624965,5.867720870393689,4.277792872018392,NPK
Maize,Sandy,78.18224567227352,8.811074937408968,63.03812416486274,6.618419416263844,2.182890866916915,DAP
Cotton,Loamy,123.84550061982458,98.61655151511772,85.98752316855048,6.048630824533742,1.2900187228990565,Organic Compost
Cotton,Clay,143.64927128090557,37.34281607664254,31.796424331706287,7.302486920638778,3.3682838920180984,NPK
Potato,Sandy,139.61039692923956,34.63729653107997,89.08010653784675,6.834320744934755,2.0551483843654825,Organic Compost
Wheat,Clay,137.2971060837477,91.06574492619134,42.92772111857202,4.8271964553097995,5.434625698676773,NPK
Rice,Sandy,81.7037938307442,60.58449036177368,43.084865235329524,7.0723742328759895,5.718475258123972,NPK
Tomato,Sandy,60.419895979451326,25.412761515667786,43.50840329442455,7.248953657351207,2.0408461435862235,Organic Compost
Groundnut,Silty,75.10494546229418,89.46414305804275,14.318964792893237,5.982808722458797,1.172291039223984,Potassium
Groundnut,Silty,106.58544046387051,99.36928123020061,97.6715973414503,8.003143123838818,6.549673931446122,NPK
Rice,Silty,133.75968876196615,13.23446330932892,18.158143893390125,7.872057419379851,1.0143991450999361,DAP
Potato,Sandy,38.97808242001673,86.9139046887363,37.38414382457253,5.200666095598951,3.4073916242865208,Urea
Sugarcane,Loamy,138.54704218463843,42.09899128001743,35.33353043104193,8.117065233943475,4.462083086319689,NPK
Sugarcane,Clay,124.12523247578447,54.78688241813691,12.094546117587416,6.26348948598031,6.73049531976903,Potassium
Sugarcane,Clay,147.03984212495286,91.90751769767317,19.464712360628283,7.394998610537174,6.869910499222985,Potassium
Potato,Clay,133.23524825943622,97.47102359863614,9.261541937611653,7.756388027868944,6.074576084273188,Potassium
Tomato,Silty,49.19122615686693,29.905571488835943,32.778426888248774,6.520449684278759,2.730383357779285,NPK
Groundnut,Sandy,24.833827588166677,25.22082324119181,87.33240778274612,6.096407757483263,6.041308540234196,Urea
Rice,Silty,25.713750078822407,12.649073066193626,37.247009545051526,8.161805474460394,2.7257743851385916,Urea
Potato,Loamy,50.77126460095865,58.37079600290311,16.750724046401025,5.423414211741693,2.5022573421219114,Potassium
Groundnut,Sandy,95.98572135783549,6.2924175678134855,66.3409174964722,5.5278803108765775,4.829895679613727,DAP
Cotton,Clay,122.60484565360416,44.13033827294397,99.6770866452165,5.946481256053748,5.751981106838438,NPK
Maize,Silty,135.89504297741905,11.971481581940813,27.070760005533117,7.937863111882262,1.371362361381764,DAP
Maize,Silty,97.32547381169259,43.49644937828673,31.559245510204097,8.255153056852304,1.4201582078722592,Organic Compost
Potato,Loamy,10.788383784727522,8.79355798023288,97.32547015667491,5.380270859019447,6.489194807717529,Urea
Groundnut,Loamy,36.08434871259469,84.34563975783304,21.983747317296277,7.9554805905249815,7.016480756758359,Urea
Wheat,Silty,23.96166853947151,24.92520442416376,53.56533640862057,5.532811837874277,5.231086414393258,Urea
Tomato,Loamy,60.8654265796614,36.18932748400164,27.766952636529016,8.382564986999553,4.001796067948201,NPK
Sugarcane,Clay,80.18913910872443,87.65455967760722,93.57343030061817,6.88963156792633,6.917215357194301,NPK
Tomato,Loamy,16.075605000998518,75.89527582655948,98.24449638474793,4.528345869789529,6.101719229427311,Urea
Tomato,Loamy,58.786916611391746,25.808644355995554,82.39629538140146,4.636519616284712,5.05715938901888,NPK
Potato,Silty,35.085154447545165,11.830444772462124,34.904462502217,5.089938123218834,3.238299853641344,Urea
Cotton,Silty,100.58982327624236,72.98900880125726,43.331310151647976,5.250292631275027,2.3859654315977137,Organic Compost
Tomato,Sandy,74.9981317054076,42.11674231537039,28.019039948310027,7.570476491306387,3.9307112749006095,NPK
Maize,Sandy,79.34447057074723,77.77759991623101,89.62200686585419,5.3910635056678,3.007758031721481,NPK
Cotton,Silty,69.87685032468455,47.30300337564499,91.88303638037502,8.37656648019944,3.3748101141412263,NPK
Rice,Loamy,143.84275946811937,37.870229232366256,44.79271291337448,7.044448228811753,4.609417387184227,NPK
Tomato,Loamy,40.06291751701885,47.86451378017767,67.37064164078518,7.2700700370140705,2.1836576986612686,Organic Compost
Tomato,Sandy,82.33299637814241,76.11310363871428,20.727552078595917,5.37126607714083,6.643236760516778,Potassium
Rice,Sandy,113.04243157114703,90.71092722133554,46.31891053452386,8.070825256380338,2.018706232003372,Organic Compost
Tomato,Sandy,87.95821783883876,9.727883675914676,64.99241513398228,7.171258291279726,4.366955475946667,DAP
Rice,Clay,140.06292400035215,54.79059641656074,41.61329625921186,7.957622497367455,6.221799366563056,NPK
Cotton,Clay,62.91556978977978,8.119365762968371,38.97195494021369,8.325924388924907,4.395144953827174,DAP
Maize,Sandy,74.91461280824493,49.498906777314076,5.0949042653595535,5.002563908438386,3.5271544451204715,Potassium
Rice,Loamy,22.393124130061977,89.10186876420553,81.40787905882584,4.886348921075783,4.324239140759257,Urea
Wheat,Sandy,95.25987554726998,39.35107530992942,89.48707314203759,7.713631306358543,6.940694892118984,NPK
Potato,Clay,50.34967558273485,93.58279000266111,97.09903530685405,7.964504236376682,7.933021887987703,NPK
Potato,Loamy,32.44326553217964,64.90780480680789,73.33078158157548,6.835045683511943,5.4180030250260485,Urea
Rice,Clay,86.23438100663112,93.74475766033561,57.135269675139035,5.964002191002082,6.554108298540905,NPK
Potato,Loamy,84.52343687318748,76.93082941418938,30.58202938182739,7.110518544300895,1.1014208031150208,Organic Compost
Tomato,Clay,20.622029771366655,14.826340831632418,99.93345021653235,5.722656290369829,7.162550866672008,Urea
Sugarcane,Loamy,107.7501634892262,26.95937991845432,61.02652118055003,5.453542768613873,7.678348319495427,NPK
Sugarcane,Loamy,97.3281066911194,42.44619318543309,69.70963687139239,6.452580838109062,5.0261853923029935,NPK
Potato,Loamy,36.462419584509604,21.160153791147224,69.82858538575518,5.364615310425519,6.276634034421539,Urea
Cotton,Loamy,75.72088070156613,52.01660245378275,85.29892059693223,6.434814433260692,4.589213200720524,NPK
Groundnut,Silty,110.84520830699839,49.77997479164161,5.918891190457325,8.326426021854289,3.003426183189128,Potassium
Cotton,Clay,84.12100367577871,95.84462381260121,25.923459340980322,7.859136142469562,6.96573580388109,NPK
Groundnut,Clay,65.36847066569983,46.20414887511789,68.22573001615132,8.26652367800009,5.177856983971592,NPK
Sugarcane,Silty,55.12738413133211,79.63454640735979,90.03884499833394,7.725315899389434,5.0556815865398494,NPK
Sugarcane,Loamy,95.4551413301675,94.48150176089058,70.10718428252883,5.919003743785106,5.613925426888445,NPK
Rice,Loamy,141.47521776343368,88.31393894252862,44.281672691899615,7.748180954206236,6.992022160801938,NPK
Maize,Clay,104.04427766684768,24.823424328601224,39.34777210767485,8.191662974212857,6.12334288039675,DAP
Wheat,Silty,20.46442650908417,52.12283995408671,75.10506078691544,8.288143151348217,2.477869359510217,Urea
Cotton,Loamy,74.49589628749872,38.03527931811294,75.41758122803338,7.232791402739988,4.2677648108512365,NPK
Tomato,Loamy,134.71537841148785,42.98657603803547,62.670509288040584,5.345466575260453,7.862088323903444,NPK
Groundnut,Loamy,23.224739612152163,39.276648493346364,32.689367289247016,4.658916613458763,4.881924996339422,Urea
Potato,Sandy,148.44259969925608,83.5041249666254,92.88970774710164,5.0888009126406235,7.56771747429559,NPK
Tomato,Silty,142.86971511035898,47.95321023663251,57.428594501270716,8.362187671575782,6.693586404191391,NPK
Maize,Loamy,20.95842730218262,54.750961563245376,80.09677384359141,6.348387296771078,5.662164092661312,Urea
Groundnut,Sandy,140.6778648629377,98.33249891947209,25.359284905374004,7.91994405932823,3.4455564186182865,NPK
Cotton,Silty,60.83856263632471,10.698030858194063,37.68387491839915,6.360176614233165,3.130235432678073,DAP
Rice,Loamy,128.25928339062074,51.355975780121135,88.08505405679753,7.143270333839357,5.5039474570831155,NPK
Tomato,Clay,68.57366727985801,78.53586215988103,9.760167844296998,4.596563108489335,4.027928685924875,Potassium
Maize,Sandy,71.71971577835222,19.36038602788152,53.669954569382895,5.499459770877467,6.591275359717089,DAP
Cotton,Sandy,98.79403273685597,63.09550148840352,50.762020585180856,6.245077120170357,6.323197176781371,NPK
Sugarcane,Loamy,118.42683869863767,27.749154055774344,76.3668679462678,7.022524188616653,3.1849134071696,NPK
Sugarcane,Loamy,14.730481132754809,87.40339075633392,31.77990820693658,5.1860847522127145,5.919101481432334,Urea
Cotton,Sandy,93.0418393737988,36.074468213007535,25.81134807666195,7.55820585708196,4.461851330680288,NPK
Cotton,Clay,36.14261917363194,36.26096760558641,92.9826196834572,5.95761882454495,3.2630447056979794,Urea
Cotton,Clay,58.43293250084841,61.82841845919988,59.312416936054156,7.769741076935538,3.89076614935248,NPK
Groundnut,Silty,58.71561326173031,22.438476271391327,14.945508986947177,4.89187636158027,7.267463070485833,DAP
Cotton,Loamy,75.66844763096151,32.0644206957908,23.338435410360503,7.219026350729488,3.5166238448577833,Potassium
Tomato,Clay,56.77909766266427,44.580025761344096,99.88847565385359,5.673313332826041,3.0117949132362063,NPK
Maize,Silty,25.030556583093485,38.595596998310484,23.582854643958278,7.681532696490471,3.462650544970965,Urea
Groundnut,Clay,30.388023393563202,54.86333571053033,62.99517357859948,6.108681708169643,2.502329053460842,Urea
Cotton,Loamy,14.681317978553674,61.9658136865518,44.91216750458372,7.161398529054265,4.812444911774301,Urea
Wheat,Silty,75.8348719460256,58.83340810626564,89.13191401073436,8.237221074545893,2.0320550542577256,Organic Compost
Potato,Silty,143.62267727941838,67.14598963923356,76.74101626805613,4.582506528055058,6.722106505058415,NPK
Wheat,Silty,26.194531310736316,34.236204077742926,61.7103826448725,4.5444671293374945,2.5790617307193826,Urea
Maize,Clay,142.47702902043147,17.010491579727663,6.020203270808337,7.581117008706854,5.18638519277752,DAP
Sugarcane,Loamy,112.67061206249309,77.27671643595232,88.58054471187866,7.085572206032312,1.875178492439255,Organic Compost
Rice,Silty,99.24983241078284,85.8241363499148,47.24340972967805,5.671918882017731,7.849172037500284,NPK
Rice,Sandy,100.33888574529881,29.41559206113106,93.49987703676477,6.47758681109705,4.1820282122555295,NPK
Potato,Loamy,125.7418707754795,43.673735835011875,52.076206221149114,4.667742662395475,6.755199385311702,NPK
Sugarcane,Sandy,24.96878101317499,52.36407561153775,70.95132647235893,5.269782421444964,6.380534849549886,Urea
Groundnut,Sandy,80.66560529917584,55.666050061528956,11.582801699331004,6.19798549810867,5.995851330019752,Potassium
Groundnut,Silty,107.59275935650619,67.65156625332693,75.78940708504466,7.836177664885929,6.791554098432268,NPK
Groundnut,Silty,92.15486231029891,8.952307168755528,37.10962297463268,6.41866873144034,1.703245260617941,DAP
Rice,Clay,126.58906994326125,73.54032285973162,38.37910636151918,6.845450018103914,5.749480382303735,NPK
Wheat,Clay,20.11803926158921,10.887245663043975,16.272305247392044,7.995015167975122,2.860790646916468,Urea
Rice,Clay,106.69814552988323,49.48741392892245,18.951429120819213,5.735275654355381,6.501101648466129,Potassium
Tomato,Loamy,84.76388225386049,83.62875787907345,22.647110339589965,7.302797284408223,7.6980813189352215,Potassium
Cotton,Clay,63.08252095719208,47.865454761447644,36.17958601428512,7.946669034713013,7.310426708898871,NPK
Groundnut,Sandy,57.63849751276432,19.163526132983538,89.73714171368252,5.310462802784707,1.8046655573156627,DAP
Wheat,Clay,96.91656858838701,98.57821527556617,39.98472263185764,5.9259126605913295,3.586866944709747,NPK
Maize,Silty,134.7393524501971,89.48211889705502,73.81445712350575,8.41924069555742,3.5502593003831984,NPK
Potato,Clay,79.46462965415614,78.27479515637633,12.861012869537783,8.432874259184844,1.8560738645167143,Potassium
Maize,Loamy,125.46124297076882,44.09360227542499,61.1543859308393,5.392919721175751,1.686882373427792,Organic Compost
Cotton,Loamy,66.30189345815546,22.46534405448329,50.77966697069176,4.7657833555705125,3.694230944784272,DAP
Wheat,Sandy,24.335224791044716,94.43406223475762,97.90600496067793,5.583686445240211,7.944500853475579,Urea
Rice,Loamy,18.610803104209396,55.5733570191282,85.38973813850149,6.090927829214749,4.982598557463926,Urea
Rice,Clay,17.18681198531486,85.97376873681108,48.20882838167173,6.264022403724654,5.352471400229794,Urea
Tomato,Silty,63.22101987407379,37.49902554714544,78.63856258430718,6.975225229321694,4.297132370130776,NPK
Tomato,Loamy,57.21328511701789,36.85239012254971,23.338680422908865,8.098011040526185,5.63631386612816,Potassium
Rice,Sandy,110.51118330715973,98.62634566403372,58.42195110221892,5.82139204762865,7.696634565213387,NPK
Maize,Clay,113.99501022188122,54.57413960701073,12.088810279027278,7.899938141996834,5.120885675300743,Potassium
Potato,Sandy,17.119555636723575,18.366065266770896,38.068458063909894,4.873915683706508,1.4552692180483529,Urea
Groundnut,Loamy,40.95725680446209,25.869094409497205,26.45690725410618,4.667498795892859,4.45023398417739,NPK
Maize,Loamy,48.396659022245956,50.78470654230848,73.29643245589504,6.516180732493845,7.949258912763659,NPK
Potato,Sandy,86.66567777999332,9.034736496399077,51.558615665364336,4.73864889332242,3.711819044159843,DAP
Tomato,Clay,30.232131346973038,48.94072861093854,76.351695490561,6.069959204936921,5.157168660501306,Urea
Cotton,Loamy,28.751770716000053,44.79937999761212,53.95306657498733,8.087112467476938,1.746457344001719,Urea
Potato,Silty,142.13044448911413,79.03694520535126,13.21602200440566,5.465932144829893,1.9882634911559682,Potassium
Rice,Loamy,122.58840702168933,38.719486626477966,74.85992672459004,7.323903100499613,7.122770172077738,NPK
Tomato,Clay,35.29168629276384,98.34213234626193,84.15678007884154,5.7094615695602675,3.10241239776128,Urea
Tomato,Loamy,66.91949310676873,22.173142333585798,90.8354664617153,4.679680220968542,3.138158913482151,DAP
Groundnut,Sandy,59.787079896059176,61.14373507197281,59.33923480413728,6.726762325641237,3.7104909720162973,NPK
Rice,Loamy,120.74057036915703,13.52143321578419,76.59060910495204,7.839413962147007,7.765350710331657,DAP
Groundnut,Loamy,81.42980830693709,74.7170784794283,76.44421200384957,6.137873793370478,1.590733472258135,Organic Compost
Rice,Clay,27.898963179085385,99.5016003658873,19.796227180899713,6.969175305832348,6.731348717859344,Urea
Groundnut,Sandy,113.45888884187414,82.81817058640506,20.60096530865922,8.100094390630904,3.3909051352619053,Potassium
Potato,Clay,65.56431695148865,57.79183636842862,11.73412305186698,7.6587780509479515,6.946276181898324,Potassium
Maize,Loamy,46.80939466850059,51.05042895297074,35.391795338328635,5.275505597571277,7.942289546531797,NPK
Cotton,Silty,62.56980708290082,84.32784632035046,49.98331583540113,7.433535837460023,3.440671871482235,NPK
Cotton,Loamy,79.68591890496549,93.9175380475188,99.80029601165062,6.507572100640608,1.9054945634864868,Organic Compost
Rice,Clay,58.036172298381324,98.97461995081883,45.944367496476104,7.483867231544339,2.0106284858804977,Organic Compost
Wheat,Silty,43.8668081628461,42.671226618625994,73.99304590820023,6.478062202088873,6.311186236644302,NPK
Sugarcane,Clay,65.79028403255725,99.13716010547867,70.8727174958908,5.011832656433212,2.0144508663669556,Organic Compost
Tomato,Clay,12.684207504985753,19.812993956513992,24.42578527380506,6.779637786756957,2.822950979742456,Urea
Tomato,Sandy,118.14969845348395,29.087228713531374,10.558179387696459,6.468535969589359,2.4307884056345586,Potassium
Rice,Silty,33.93228509946201,13.456531849720138,56.87064139569081,6.571686934565767,3.4897499482168777,Urea
Potato,Loamy,16.146645908289216,30.815159066025757,71.52903126987523,8.015609814583481,1.5205660260478124,Urea
Groundnut,Clay,101.51781700671108,77.95406740371106,99.83392006769432,8.079348186825005,6.9971973768508064,NPK
Wheat,Loamy,118.35105803531411,86.02781402695273,39.06804996671122,6.314148427062873,7.021024182606955,NPK
Maize,Sandy,123.93607842299805,78.99480128474431,90.15463339770419,6.322928165120354,3.8905302893788285,NPK
Groundnut,Sandy,79.091285572484,64.95124892593114,41.28358330757271,6.560747835490464,5.284612983164327,NPK
Groundnut,Silty,38.75154585659794,53.82681868965133,70.49411230089872,6.578357113337027,5.493660996330132,Urea
Rice,Sandy,113.21187481497574,72.32690747529641,61.83402839911994,8.301548576716451,6.244806807421502,NPK
Rice,Sandy,107.95983080160721,42.12918718038607,10.032985363746707,7.097601869509974,4.644830612808358,Potassium
Potato,Loamy,44.47790277444425,84.92429339247168,12.446900562174557,5.609827979551776,4.572352318091802,Potassium
Tomato,Sandy,136.47708582079102,69.33305892779461,6.972588523823793,6.62614718781596,5.419126441297476,Potassium
Rice,Sandy,24.61200413159606,71.2914463569688,40.229238036429,7.008894331631931,5.921338769689143,Urea
Rice,Clay,147.5763535427856,55.91391934726177,75.85109963277102,7.0590868840558585,3.426832639204762,NPK
Rice,Sandy,130.43469353684503,89.0967535000614,21.411762429118657,6.841016904952731,3.3125933128817056,Potassium
Potato,Clay,106.30581036707053,28.941399699509986,62.556031996470104,5.210944618486149,2.8880288286713642,NPK
Tomato,Sandy,141.4249843591766,41.20902706929982,32.4386391029524,4.6343727563180295,4.841925887189239,NPK
Maize,Sandy,111.12356356531909,78.87604411938047,80.71429927801185,5.851372209467417,3.5210898268904067,NPK
Maize,Silty,36.66397958420643,51.81114513228708,80.84763415528414,6.210088618241015,4.782192873953424,Urea
Sugarcane,Silty,71.90185933579365,89.47533127529813,78.66437892181024,4.747216958304346,3.841893360788451,NPK
Sugarcane,Clay,20.01042340642895,37.90793537747097,54.85918381113079,7.759869352079384,6.857139277868626,Urea
Rice,Sandy,64.55203912033616,40.08636603786625,32.03383745758591,5.876309750041095,1.5119116782182251,Organic Compost
Sugarcane,Loamy,113.82442276320921,89.42989999172941,81.89718416847029,8.154530984714018,5.005474155232722,NPK
Tomato,Silty,64.10206913031443,49.1151804172939,22.679553384227944,5.117640431369061,5.029366254110384,Potassium
Potato,Loamy,56.241184565538774,54.031835499236244,32.52716219272232,4.727739827749254,3.6860211737708988,NPK
Maize,Silty,93.34980115144366,36.612552956889544,22.475032085259052,6.429264417545287,3.9471462619420024,Potassium
Groundnut,Silty,132.10863405984531,31.28364450701278,69.04996523682654,5.256517347302827,6.6009195261805,NPK
Maize,Sandy,16.66164695645574,67.31512752964724,70.19242267100272,8.249597102311444,2.964715971822344,Urea
Maize,Silty,63.96586085796296,16.384862846414368,66.98844931474153,4.541213593814955,7.09982653998314,DAP
Tomato,Loamy,32.15370385413678,88.53090091237638,44.48213935214344,6.15047870023614,7.274403128942853,Urea
Sugarcane,Silty,107.34959510246175,79.02429799268525,14.516245684136157,8.206991085380674,5.554335130815372,Potassium
Groundnut,Clay,24.80143846035888,23.121085052051264,91.56111052892702,6.037672826919073,6.410003995956689,Urea
Tomato,Sandy,103.07308620123423,70.93189485333372,53.23444158116263,4.872437122401843,5.290632698481419,NPK
Rice,Sandy,50.065321911707024,62.25012752213531,43.66235851655369,5.711579771447148,4.676813796226141,NPK
Potato,Clay,37.84835392321146,22.53082981998119,60.93836485858786,6.492041575337733,7.766744279751608,Urea
Cotton,Clay,141.08935809549794,30.954333074772084,23.315091402815053,5.240606749373333,2.9785847495922493,Potassium
Maize,Clay,12.59344074443382,43.85371785471427,17.592134014963065,6.366246820573048,2.079056626501785,Urea
Cotton,Silty,71.28881806453965,71.42805984832002,43.524896038504636,7.84537278314335,3.012397541997607,NPK
Potato,Sandy,13.027778944651129,65.67872383761556,26.5859659394915,7.990471880786452,5.302379258656116,Urea
Potato,Clay,77.70302673460606,55.5623105292863,28.20757798103063,4.6970429388429285,2.2962840667080058,Organic Compost
Tomato,Silty,80.14663289121854,77.99900159583325,89.78859133896029,5.143613432210294,7.361698302584198,NPK
Tomato,Clay,55.032745995264584,77.00408526258576,55.42212183265336,5.601160543067216,3.877170804657749,NPK
Tomato,Loamy,28.502648853503313,63.69661963591431,50.92956111071836,6.879463403550407,6.949740148042905,Urea
Cotton,Loamy,62.694255282826546,79.7640579215584,70.50056140421675,5.9439790351698685,2.7446558117017172,NPK
Tomato,Sandy,104.11681159055924,36.75502060402488,95.39707079929026,7.876163653784301,3.192178485579233,NPK
Potato,Silty,119.53541321022428,88.71870519064754,15.658863624703589,7.36668747313175,1.4145637802074762,Potassium
Rice,Loamy,84.30508433433992,63.41645815118437,84.18578387537944,4.901824092454033,2.8043738452990175,NPK
Tomato,Loamy,92.57681522156578,83.1245338121809,60.48182208744536,6.998230010048365,4.43219673274311,NPK
Wheat,Silty,38.08629195745138,56.896514955076974,18.88570861212454,4.952050501387914,7.622958424062696,Urea
Sugarcane,Clay,50.22624665187092,25.751633273924636,33.229185275454206,5.52014267854584,3.7223208172404876,NPK
Cotton,Silty,32.66538540733018,56.52896222443932,50.824334564150256,5.211482534136913,5.478207156383421,Urea
Wheat,Clay,44.90134900064559,40.25560805877587,70.66182873485518,5.192247796802819,3.993970822281516,NPK
Tomato,Loamy,41.48414923157445,71.26240842352398,28.04766661057796,6.965582099107436,1.3275429553755886,Organic Compost
Potato,Loamy,82.72283009477326,50.2004102147999,55.813487469421034,6.754419690216646,4.524728381276919,NPK
Rice,Loamy,88.77642581070212,84.43071646813033,70.04380460450686,5.204112611150908,1.4613955269274461,Organic Compost
Maize,Sandy,142.29263891501063,69.41688867058208,47.630371330513086,8.460691221673727,7.185899472182752,NPK
Groundnut,Sandy,37.37989059421323,70.03172113797578,86.9874663064167,6.1873469294731755,6.271258733656397,Urea
Sugarcane,Sandy,99.83459942260943,25.629756681651173,87.59861476983842,4.8882773126197465,3.6505602987665635,NPK
Groundnut,Silty,124.4162976582532,98.50372781667258,49.715665675842345,4.982276067820461,5.481530663339028,NPK
Tomato,Loamy,88.43380492962736,84.95914488079143,97.42794248884546,6.835574854906379,1.7841970871933248,Organic Compost
Sugarcane,Loamy,45.7005113501506,79.95546403326598,12.180583778517494,8.416277613533891,5.917884908738555,Potassium
Sugarcane,Silty,46.75703220280003,36.3704463902026,5.319425940678979,6.787804406476791,6.7591268629402865,Potassium
Rice,Sandy,15.495427429939987,55.88500702048703,41.16348506137231,8.296165906466548,6.752219539767641,Urea
Sugarcane,Silty,52.762191716787434,18.02480286706122,62.104220830388385,6.2765314030321075,2.989942833834591,DAP
Cotton,Sandy,114.24451506047322,56.15521778295707,64.77401495771778,6.243364414608048,2.8462233669377865,NPK
Wheat,Loamy,16.652486008995453,18.859478415912292,50.26234494791372,6.500029437263529,4.64978381531875,Urea
Wheat,Clay,40.701339550676295,57.53859517901211,16.863914757861387,7.289701832622221,7.774405133508939,Potassium
Wheat,Sandy,108.87254979444947,66.62857861471603,21.197264569849953,5.97046386580533,7.443660843242597,Potassium
Cotton,Loamy,119.57121879520273,42.06861688874072,85.95405846594088,7.955544130715828,3.5174693722918726,NPK
Groundnut,Loamy,73.74457740866998,52.36176344147286,87.45155751522982,4.617125539072585,6.458806543281309,NPK
Rice,Clay,107.73040738701084,88.18707182908565,69.02036109676841,6.259056780113769,7.449224348640202,NPK
Sugarcane,Loamy,64.31330361168489,15.31349874676689,68.10070736649382,6.543967399919671,2.8264852600232353,DAP
Cotton,Loamy,32.38785430337785,80.21462483496703,61.779802162641715,6.928128953052385,6.812069547220578,Urea
Wheat,Sandy,65.74092909320692,21.22168234463866,24.277959141688882,5.604287649463453,2.875269388364236,DAP
Tomato,Sandy,91.19549482844,8.487258366439697,45.683816524690805,6.209919883943341,3.4029748812104743,DAP
Maize,Clay,142.72745945940463,22.629587260779537,71.10999188902098,6.438151000856227,2.3917448359552793,DAP
Sugarcane,Clay,19.625133292414823,77.67910304719652,56.038965840317175,7.2476399147328525,4.549558593508994,Urea
Cotton,Loamy,81.03517313829448,43.4869769670017,6.765131735234422,7.594176738943256,6.9031762598286885,Potassium
Potato,Sandy,56.048768949501415,87.88944910038728,95.58789663840935,7.451309309375149,4.696364962048586,NPK
Cotton,Clay,81.16363719873723,54.847216412315255,85.25752499435363,5.866332209158341,1.864080067851683,Organic Compost
Rice,Clay,13.356562632714436,7.113783433001441,29.751776340425096,8.497802091967854,2.76243152559019,Urea
Rice,Silty,53.82354965822139,73.08779291218305,63.563598840798136,7.894661247148718,4.940033070969372,NPK
Cotton,Clay,124.7815406537807,15.472126328517106,92.70774145417784,5.540093492579876,5.082312188993921,DAP
Wheat,Loamy,87.55184273964926,79.99106517888282,14.12104615079688,5.28042322269131,5.0383413248140885,Potassium
Maize,Sandy,73.08154899425644,20.969742231492102,52.78780067568656,5.7560850023335615,1.5390244475435118,DAP
Sugarcane,Clay,49.973510040147545,37.817406651523775,48.34308745539798,6.309379411998579,6.27587124844328,NPK
Rice,Silty,51.725953190789824,77.32078581440923,43.96947550193557,7.903197513278455,7.365997392923046,NPK
Sugarcane,Sandy,63.634200702681824,95.65197896026005,84.38091784482788,7.613449055178138,4.573632634109299,NPK
Wheat,Clay,126.97989939503846,40.28622531143957,41.161383936258446,7.904984494023504,6.03180500740304,NPK
Sugarcane,Silty,145.40984895315756,83.7930209188989,11.048016657895722,5.5878284596413135,7.3981084442558585,Potassium
Tomato,Clay,71.41175338905244,23.12526522020468,11.254585505608738,6.873844889807344,5.498359284636111,DAP
Rice,Sandy,65.06939742468666,81.68207816923666,9.060737619837854,5.632996249109498,5.720280071017358,Potassium
Wheat,Sandy,128.5171086147808,67.46193562934386,43.868815078033535,4.936092642877973,6.049830893687682,NPK
Wheat,Sandy,69.7667448890825,23.310633185175,73.2485963813442,7.236790973898723,2.823517160178456,DAP
Maize,Loamy,87.28254412139117,33.7378762333841,24.35363388339897,5.0719902047817556,5.078745123017792,Potassium
Maize,Clay,42.33183304382422,17.51823441671842,66.4145094409972,7.170791046825886,6.895225801811193,DAP
Tomato,Loamy,114.09035500907054,41.38186605110976,70.2734048498519,7.0918572196216365,3.0731391118252547,NPK
Wheat,Sandy,84.47836455790946,24.346620906711355,29.244201781481806,7.740993777696068,7.280193497178022,DAP
Groundnut,Silty,123.26483703364784,66.17980559489499,62.052977325759784,5.058218418254258,5.342673648359424,NPK
Wheat,Clay,119.30258220401376,99.47798490095307,70.0624923025505,7.633920594035244,3.9622239600313938,NPK
Maize,Loamy,40.100667557804,6.140870493005093,49.32829416620194,8.497106103784947,5.362280729802051,DAP
Groundnut,Clay,110.18897707808674,56.38738226229337,36.988076741609035,7.904169794343609,3.8130193398235344,NPK
Rice,Silty,122.007617113192,59.49832676715592,63.8193973995611,7.5072483053106644,6.866249212937222,NPK
Rice,Loamy,58.45501370953531,91.84983501967713,97.8954732961654,7.148661418778831,4.37623006047318,NPK
Sugarcane,Sandy,34.165275806318434,53.070506802859065,45.54993389005292,6.187125938741717,7.308493518280357,Urea
Cotton,Loamy,10.368501781142346,56.65163486626716,42.2148341470865,7.422000671566408,4.568656565934785,Urea
Maize,Clay,73.12651143304075,49.80701612619692,49.10535573048077,7.396712140561813,5.62257872746171,NPK
Cotton,Clay,59.34058241543782,30.545908933340733,12.24074737727958,7.025993130749153,7.984210947047954,Potassium
Groundnut,Clay,87.68737673555725,10.3227676586468,57.55051156878205,7.685113513191314,2.028760887059788,DAP
Maize,Clay,36.32575296243,43.82247980993443,36.226251785640045,6.295055553707339,6.15710404113384,Urea
Tomato,Sandy,130.3531766733065,9.996189767864461,16.535101621469934,4.985010848529562,1.972105595411535,DAP
Wheat,Loamy,46.085730187935354,57.29678459926219,49.29439040615047,6.73627091043695,6.872064560350774,NPK
Tomato,Sandy,41.700144712271,34.19289610801785,5.321478724527855,5.5601741148453705,5.175173668134081,Potassium
Groundnut,Sandy,77.29996790780983,55.692228144915646,43.1695982904621,6.0377323897166,7.567116924245214,NPK
Maize,Sandy,79.8391433241984,17.758211617542734,15.044850453012797,4.569659615764904,7.061696213614079,DAP
Potato,Clay,40.111932029913,93.59984674523916,7.307806822979128,6.031162351671533,1.524104262281764,Potassium
Groundnut,Clay,48.06050174162821,89.97951813724382,83.3251293932277,7.735204424541818,1.9611177917520264,Organic Compost
Potato,Clay,33.75873348173429,23.049668374217028,92.0436363118503,6.670889467753019,5.208196500247777,Urea
Wheat,Loamy,110.58442496524334,37.62720691293094,24.729091594115133,4.539202107735884,4.628202479594524,Potassium
Rice,Silty,117.81246437557147,63.28181332593806,56.233335064254824,6.379375280959389,2.179955914294112,Organic Compost
Rice,Clay,74.72598964429956,14.090189694061095,31.406024927443568,5.66580659058163,1.9055145979015486,DAP
Groundnut,Loamy,109.97218317590244,38.683943006034326,51.88985667385731,6.4102026215886845,4.947935484091292,NPK
Cotton,Clay,113.03095487124237,28.85566724780558,46.47997548494522,6.118770885791508,1.3424508358249962,Organic Compost
Maize,Clay,29.358573874893203,91.97408922808619,30.559850232646138,8.227916878229525,7.116147120674073,Urea
Maize,Sandy,145.26492347683515,85.9885104474745,71.53739006535328,4.664709195852064,6.649580438618344,NPK
Rice,Sandy,124.94447259350034,60.08411042035206,17.016641135424152,7.234352045127729,6.497589801977625,Potassium
Sugarcane,Sandy,38.62768456741529,54.432902002799544,10.041914306279878,7.9041063852069655,1.1119800292851876,Urea
Tomato,Loamy,36.06310500444984,93.41895048181273,77.92916613854152,8.336954338601902,1.3334866038891655,Urea
Sugarcane,Silty,27.592560381141585,93.58063938298746,68.26335296596459,5.210544906177184,4.848873848055101,Urea
Wheat,Silty,29.372998755868572,97.08636190840774,52.35998179390781,6.625219207864776,7.960979822259244,Urea
Tomato,Loamy,114.74265186401746,16.910993990277827,49.44002819489145,4.674358309268848,3.396213406799462,DAP
Tomato,Clay,75.7515959732273,20.25299202250117,52.25408105168549,6.4967340978203545,3.4106237148374077,DAP
Groundnut,Loamy,119.61078418358142,69.28998637458923,46.51728722937393,5.001832358163927,1.9399457680338834,Organic Compost
Rice,Clay,114.47568520902875,56.436275277935266,42.324768103962015,7.851586698794854,5.72035062617651,NPK
Sugarcane,Loamy,94.64577989073102,6.754260964857417,52.47060727418143,4.955480010421459,5.526736822958039,DAP
Sugarcane,Loamy,106.09132492101513,10.88762841900434,55.20894126017724,6.553153441545981,1.7092569146541134,DAP
Rice,Loamy,12.569801413079851,89.36763631458649,70.73071983794398,6.584384275971015,4.271886009478457,Urea
Sugarcane,Silty,53.64887055270307,87.5427255762417,72.56468026973215,8.386601991726423,5.66952436175382,NPK
Potato,Sandy,99.29510509631743,38.94073758962429,40.87476261331374,7.119922776155553,4.45461295425349,NPK
Rice,Loamy,11.308293488074188,89.64980860840079,44.28634966063143,5.651361172307208,5.720545073053289,Urea
Groundnut,Silty,14.616772115563077,61.39913206780067,40.501231124941185,5.463197239752554,6.713892782020428,Urea
Cotton,Sandy,129.26431754585366,81.56103646679568,55.97089849444249,5.01299282258026,5.800708031852373,NPK
Tomato,Sandy,105.76348063689005,45.60595176022036,48.06858610184855,7.526058896196238,5.312799650813667,NPK
Groundnut,Loamy,47.151762636848154,15.77284109776633,89.51166399793838,7.2630266247293545,6.975131798611453,DAP
Maize,Clay,106.31479761661926,46.20407095137154,71.15432035706489,6.939508509232423,7.304119975088517,NPK
Wheat,Clay,120.94393367949685,48.4434808097053,90.37235645667234,4.663361771799954,3.722205060230629,NPK
Cotton,Clay,52.95119963541418,57.33969841485729,72.36801419814543,7.5513154655771775,2.212749214067202,Organic Compost
Maize,Loamy,15.045232849886244,15.030357725920659,97.24425410976234,7.067550308593917,6.725022828056354,Urea
Tomato,Clay,140.58907745628284,99.18317698971309,65.39499393425056,8.355555472441953,2.496271751096382,Organic Compost
Sugarcane,Silty,58.32517736138827,28.192997976656102,96.5372631254902,6.848808519507248,7.5026546882436,NPK
Rice,Silty,24.907446859858894,23.862478336023827,20.02613958889548,5.715807626646832,1.1601456165533242,Urea
Tomato,Silty,78.85996199504063,55.04627729131397,9.985379678793365,6.0260822087572805,7.4488982783351245,Potassium
Groundnut,Silty,117.58549139297874,56.03477704251442,60.01689259436663,5.20336282151293,5.124280948284439,NPK
Wheat,Sandy,41.030624046458286,46.78297009415821,98.43185455097861,7.391656728805541,6.42319481559017,NPK
Groundnut,Silty,47.72860701867087,78.32975390089918,44.672498493727694,7.330886640086901,3.7894481094508317,NPK
Cotton,Clay,43.98009815180164,54.08216806921725,25.144119408331164,5.302600061910705,7.94201404336216,NPK
Cotton,Loamy,148.83422739643495,62.92106823877349,54.54643767338383,5.133957292729114,2.592859992964033,NPK
Wheat,Clay,37.636522722275956,73.75590661373963,66.63586933499442,4.808019732808779,2.8504056384672234,Urea
Potato,Silty,90.57283037525735,7.377384648567329,34.941976074009446,8.147902974727035,1.3600271082623105,DAP
Maize,Sandy,139.537049831975,59.211197341779254,72.90308905742965,5.4322793347794045,7.583313541430067,NPK
Maize,Silty,30.565519642889093,88.99847476669508,97.63587816934395,5.876654107007216,4.192205125190733,Urea
Cotton,Loamy,145.91958770147804,6.651930577916222,90.2114965625086,5.6220180335099625,5.7239669030354445,DAP
Cotton,Clay,142.64681281538745,43.492299861091304,32.70061048365855,6.154498410443164,5.812085092239885,NPK
Sugarcane,Loamy,133.84007818815675,92.99160776955385,36.03874989873684,7.356195197529933,7.121514645978744,NPK
Rice,Loamy,40.03791298620031,38.54966821684109,40.29641632271092,7.982382534905138,5.654476754524865,NPK
Sugarcane,Loamy,98.76770784153767,48.57923829902288,42.482513947396306,5.230394998114161,4.93414827612931,NPK
Sugarcane,Clay,116.52480621457362,98.24643233920972,14.530352423361546,7.24564937496466,5.972229669337305,Potassium
Potato,Silty,148.04390994750017,23.93576660030451,77.38646969448249,5.910248568969941,6.256795593021885,DAP
Maize,Loamy,35.25933509139186,11.199242966875564,39.707230043016544,8.422108673189172,2.301495623739374,Urea
Potato,Clay,117.2436259327015,86.6451461318239,88.58289778701796,5.695676637136307,1.7676692728372712,Organic Compost
Potato,Sandy,57.432163789795815,87.504207415175,93.05935919641033,4.528771824031439,1.5239419533989418,Organic Compost
Wheat,Clay,34.58770517952033,49.84739429460125,7.32097438423037,6.562559896079381,3.6183744616577567,Urea
Maize,Sandy,68.9927717699397,53.849681575342196,98.90779164317959,5.102924337103751,4.486001678864216,NPK
Rice,Clay,121.13702770080629,84.40160511369443,72.45215949251754,4.677977707273596,5.309549288029026,NPK
Groundnut,Silty,75.0789725185673,75.16315232100054,54.43726146933142,7.293076927790834,7.7062416378272705,NPK
Cotton,Loamy,85.25323402842679,30.18915521061601,42.005122795392566,7.4290371300338265,3.315514741449044,NPK
Cotton,Silty,149.32231742801696,6.604868731794253,54.25922259792273,6.34279605246601,6.326118364540921,DAP
Rice,Clay,65.87530193803964,50.571515440686845,35.839348777952225,7.207542067026309,4.719503337164195,NPK
Potato,Loamy,96.15610565929357,86.59667097908593,64.15534230117208,6.652957792988536,2.540629524608418,NPK
Sugarcane,Sandy,61.13418822615206,90.1042942855654,13.833126262255167,7.019204430887727,5.307138003901313,Potassium
Wheat,Clay,64.98999048601868,95.84148872223462,64.00664727662198,6.886815892751844,7.7702332480279255,NPK
Potato,Loamy,107.38970548235713,88.55850757321421,31.15776076315219,7.16329105622237,1.870158094758907,Organic Compost
Cotton,Sandy,141.3041766532837,60.10413775331934,6.675308759972905,5.298522594692685,4.550958351844603,Potassium
Tomato,Sandy,85.930253068925,47.237531927429586,57.50704778547337,5.5748264801468,1.3612584790536975,Organic Compost
Sugarcane,Silty,117.57599005282918,78.61073542073942,59.95253680600616,6.259852598030768,3.2485140922745357,NPK
Cotton,Clay,22.488918234374935,75.28305526473166,45.52405544759592,6.284512037676746,5.344218743157938,Urea
Tomato,Sandy,39.562125240469776,56.12362585773817,11.867192092280101,7.597646846347617,6.8873985522152825,Urea
Potato,Loamy,80.29842972873455,13.296100393054566,89.86758051639819,5.969574636918129,6.112298952082497,DAP
Rice,Sandy,12.80164130802847,92.97772794475729,63.085926686649444,5.1500206242367295,4.239997447508317,Urea
Rice,Sandy,45.39969702675823,48.2822410626579,15.99276345905211,5.505863881964304,7.364559299729026,Potassium
Sugarcane,Silty,82.43618057549526,39.516709282045106,53.538404776444025,5.358934009536913,3.1190026551663945,NPK
Cotton,Silty,12.0945677558821,64.80890254103332,52.23916001510479,7.4266400770240875,6.277883871576164,Urea
Maize,Loamy,47.03648007164584,69.0146063108628,10.738177535328063,6.381358458503929,4.318063152233638,Potassium
Tomato,Silty,81.96431472662172,25.015352117878635,62.65167184228001,7.334522791883934,7.29045028270943,NPK
Wheat,Sandy,90.24089471737439,84.50919025694584,81.79100789754862,6.164878723030508,6.5820297515763215,NPK
Cotton,Sandy,139.60523702774276,32.5440238979259,76.15576515360543,8.058942410015622,7.310287629149666,NPK
Wheat,Silty,100.3483872550851,22.734972961860088,24.282094345597418,8.43408123089094,2.4997349425945137,DAP
Cotton,Sandy,68.06301235419912,43.607986021177254,86.91779030765008,7.1793700348104466,5.677053024813455,NPK
Maize,Sandy,140.2491647986295,74.4032076852592,37.54150573763834,7.955250228944875,6.16924385657148,NPK
Maize,Loamy,119.8836176742912,96.71852695178133,94.91829593773443,6.531733068688251,6.196899856978156,NPK
Sugarcane,Silty,38.00124895578466,81.88172011528616,11.816056601442803,8.238483361415632,4.528003153271363,Urea
Sugarcane,Sandy,28.317930588834766,94.33309587866822,51.18982540938505,7.826345942691312,1.078753656435668,Urea
Maize,Silty,104.61362900398261,18.357551387270043,61.72681583186717,8.467114287064156,2.8300154870835246,DAP
Groundnut,Loamy,88.38364318077774,11.761795892049294,28.52675935508745,6.992374941311122,3.2631061250306677,DAP
Maize,Silty,120.55430593098579,57.98195238113376,78.28111792842164,7.616826961072914,6.96425632097233,NPK
Rice,Sandy,113.4327070110161,32.57826088918326,64.55508958201813,6.6714725599128535,6.886200719729542,NPK
Rice,Silty,97.52961474005211,83.66522243208092,6.720396542355777,5.536480417085691,1.7327607282644828,Potassium
Groundnut,Sandy,148.09350402804492,68.83884778322098,62.795016116142406,5.919020684519031,7.648851172398803,NPK
Potato,Sandy,84.70256221545722,97.21917557865046,51.69043226975241,8.076021658925264,2.277202406560437,Organic Compost
Tomato,Sandy,25.834805910240775,29.2052737944739,23.62277416183323,4.723791786394482,3.9005161591064477,Urea
Potato,Loamy,125.95829907423837,51.149490863747076,99.59608157065531,6.865919544297633,2.506098762775288,NPK
Wheat,Silty,45.25947072839926,52.61784535540856,90.23040850862343,5.989936130016435,7.022327281805502,NPK
Potato,Loamy,118.82230074014856,27.72179551145074,32.78823102776103,6.046770152022223,6.245814223015183,NPK
Cotton,Silty,143.9949934400072,61.05887295136074,56.40173747586855,8.038284825655069,3.474701648214628,NPK
Potato,Loamy,107.55137195500778,47.112168677527755,35.06770329147762,7.915289498184906,5.773150382182388,NPK
Cotton,Clay,93.44422253297215,47.43854781903799,78.67209640542742,6.895369502289874,2.2905681892007963,Organic Compost
Groundnut,Sandy,74.45406459450568,39.459981557385944,93.38148615366323,5.591675389617336,3.6760796466320116,NPK
Rice,Sandy,61.01738123935645,6.608288480425831,39.088717656866436,6.401825384648096,3.6397531183667575,DAP
Sugarcane,Loamy,59.420665136057075,54.59904750690495,81.53050366864461,6.133173575156864,2.6655567720497846,NPK
Cotton,Clay,99.09217879934268,36.848544391531455,52.348716557754464,5.914472116809981,7.134184347080178,NPK
Rice,Sandy,115.17823637128443,5.125387553511319,42.674963324599844,4.911142314229186,5.751920148353883,DAP
Tomato,Silty,104.99238972781801,34.25465222788354,94.15007594938314,6.672455546861281,2.959575173946595,NPK
Wheat,Loamy,37.77741416709878,31.469691643526915,53.48844542830798,5.707325191497935,2.694845324403261,Urea
Tomato,Sandy,79.15820522008876,42.3775745562454,49.403997524459164,7.143231771710114,1.1256742969946734,Organic Compost
Groundnut,Sandy,120.82961010562882,17.52593901612271,68.88126818642259,5.776815743302123,3.426075776546482,DAP
Potato,Loamy,76.59857094646787,53.22996334033302,29.817249096737022,6.2246539725392065,4.687398983207228,NPK
Potato,Loamy,85.12725916296914,70.78183348922235,35.85532272489,4.709441496777631,2.943976593358635,NPK
Maize,Silty,117.9590467439151,64.86762906018438,93.54435444266916,8.47015227962191,5.90320793500839,NPK
Maize,Silty,102.5771428771128,81.35672001907311,69.46033531650953,6.530441533100703,3.882246703078864,NPK
Maize,Sandy,67.30828892353497,47.94078735877271,83.53052903824553,4.596950376656691,3.214224859074675,NPK
Tomato,Sandy,135.35777956719065,54.31371438227418,30.755617383865815,6.664922635044576,7.573403611532319,NPK
Cotton,Loamy,32.759389612887006,81.98818438160342,56.660068043337844,7.981415997222599,2.8396061410169735,Urea
Wheat,Sandy,149.37230280264546,45.63161122782766,97.28264536400233,7.590208537064811,3.7878033406765943,NPK
Maize,Sandy,26.639360986673207,71.6519382404617,35.276870407680676,7.303626736517817,3.6760355196454033,Urea
Groundnut,Loamy,12.092995954593446,46.28722502820923,20.245265250118976,5.057858618396139,2.688388419698738,Urea
Groundnut,Sandy,134.60264616082708,44.68493847859845,53.53417078134308,7.130948315949889,2.5223371786729167,NPK
Maize,Sandy,44.29349117123385,77.21953433027022,41.84300342886324,7.565193512049041,3.116660131693825,NPK
Potato,Clay,112.15794784254092,21.60950696929006,20.159837114737787,6.789676255861986,7.049653189518266,DAP
Maize,Silty,123.5421524904897,37.16566733444949,89.41238135681996,8.070996018081406,6.369580210605034,NPK
Wheat,Loamy,130.25809474449636,26.296366290955667,99.1187715026089,5.607959127139542,5.7669965991203656,NPK
Maize,Clay,148.82319299298334,39.11544458192173,59.015307165549785,5.468578798957003,4.199720948497454,NPK
Wheat,Silty,51.16555940559987,26.885608124772283,78.59429299547813,7.978278979770584,4.554277892428225,NPK
Groundnut,Silty,109.43406786981627,60.04353495323219,86.60864510689845,7.00159297196581,2.8699719184542225,NPK
Maize,Silty,26.155980159315952,80.82622624869529,71.59329057207356,4.505788882083998,1.5202113968514235,Urea
Tomato,Clay,66.95330078995892,79.72824081570067,9.194824665614465,5.91252563404421,3.317283897043376,Potassium
Sugarcane,Clay,128.71603706376266,39.62759163213528,19.975252013097688,7.931423943258698,4.469086291946563,Potassium
Tomato,Silty,61.47212644827517,98.93223855995487,11.743973159381714,4.609278046566973,1.401191325635327,Potassium
Groundnut,Sandy,92.75335327498597,61.416164647051076,5.938562630995373,4.512991713046036,1.617633114399745,Potassium
Wheat,Sandy,80.52828212144877,42.943028668938005,34.069658831937474,5.625037162100519,2.8411766301919705,NPK
Tomato,Clay,100.4332143556863,84.37623152793542,42.27381624574817,8.156000148037112,3.569562615149331,NPK
Wheat,Clay,146.2052145142773,74.33803120105088,27.897824571912945,8.105910325880066,3.7532176778309365,NPK
Tomato,Clay,17.802973710196298,76.18115699828992,11.13744156820049,6.575047783206031,1.8252024640160358,Urea
Tomato,Silty,90.35461245022816,23.6332382247178,55.33699362948437,6.712947484558491,2.5807494817435215,DAP
Wheat,Sandy,130.82402909503986,49.490809200012734,30.965335395928456,5.828032045268755,2.831530764445261,NPK
Cotton,Clay,77.39357964477985,86.87367242833726,80.62352971203842,5.474946648111239,1.4734441334087234,Organic Compost
Tomato,Clay,20.993806031820196,52.883610724731945,5.764999054401714,7.7608874168484725,3.2826979041278808,Urea
Maize,Loamy,88.47550933834792,69.92801062499979,85.04006987232297,4.925179441998566,1.5055510092885505,Organic Compost
Sugarcane,Silty,56.490344715334864,60.85370463825513,95.7015994998659,6.449417483514543,5.92420490176769,NPK
Groundnut,Loamy,31.691849947311027,85.0238948332463,73.03283099958911,7.037589037988338,3.702334365901173,Urea
Cotton,Sandy,128.8648318596862,32.03327977735225,74.69618619994382,4.914721161484117,3.2872667256486228,NPK
Wheat,Loamy,83.02393181875702,59.67015139920466,93.68841960225966,6.578428381889385,1.8856552005252483,Organic Compost
Cotton,Loamy,140.65869773306935,16.70729346093138,24.861772103533166,6.810085151649773,2.5855255881142707,DAP
Rice,Loamy,122.84231064442967,70.57002378644944,99.48372897981479,7.46998424202946,2.6289364625738654,NPK
Rice,Silty,107.01605112831344,74.53694464350765,78.48071432096148,5.439344196590131,7.896429504113121,NPK
Tomato,Sandy,10.70357047114367,9.06954551295485,74.0242172911404,5.673310013163033,6.8474456565594535,Urea
Tomato,Loamy,69.89528392935499,69.20014154465858,39.30360500455281,6.778084586532134,1.1068360414340215,Organic Compost
Maize,Silty,37.64807943128452,44.3955646457497,56.848861113533005,8.432505639926458,5.317856135379358,Urea
Sugarcane,Sandy,137.51170754684148,16.789203230419822,67.12218988596797,5.369972731280457,2.791370674953466,DAP
Groundnut,Clay,34.44175785469044,44.89121703135442,63.93257182513551,8.443615308493856,1.73063850173709,Urea
Cotton,Loamy,50.04840723229997,23.452128321080263,71.97354065537017,7.357370132217925,5.939198341838283,DAP
Rice,Sandy,82.35714748282989,44.47815555171507,12.826265212449009,7.804328278520092,1.9212388462784447,Potassium
Tomato,Loamy,46.8709066597311,41.512207656060134,38.786601119011195,4.858565072945357,4.1061854567081495,NPK
Potato,Clay,39.381054819076965,75.14720550892547,46.23000157657033,5.701680749722529,5.4251561538794695,Urea
Potato,Sandy,93.87390551438534,78.55047802580408,29.759783298121814,4.730945118603924,4.881463293084921,NPK
Groundnut,Silty,22.45013318570334,62.66772216653193,21.399590675576256,5.986187980012701,7.8434036881192,Urea
Cotton,Sandy,18.14348622092946,7.1552500073325165,18.198110591721967,8.425158639680207,6.500198291857658,Urea
Tomato,Silty,62.114341326049995,93.44711651174443,39.806422264375584,4.921092248825354,6.419353632892428,NPK
Tomato,Sandy,110.89302363110072,70.19216160916253,51.876961553443756,6.749491129484798,3.489167758567219,NPK
Rice,Silty,87.67294615835272,8.24856774251294,10.982761813932768,4.524282491255249,1.058768444588992,DAP
Rice,Clay,69.20270558534904,82.7891254253412,94.9135189861022,7.35073126417625,6.140876507694818,NPK
Tomato,Clay,89.20521899144154,24.02528469820963,77.69811567177204,5.288770769488164,7.998124590069707,DAP
Wheat,Clay,61.1632078514583,60.026013009255145,74.43091845261932,5.018338148499051,3.841153754205309,NPK
Tomato,Sandy,141.0604869604958,49.33026514526778,21.42174987392906,5.8480712486431505,7.898629492699822,Potassium
Groundnut,Clay,17.686684727508407,44.88468432373228,62.36107296115795,7.584177191755926,1.991956766740425,Urea
Tomato,Loamy,104.27480706417693,89.52280341181776,55.32386994682341,4.926452345244844,3.075586461457022,NPK
Maize,Clay,134.77957307588508,46.5493226984484,98.33454034973592,5.419355983194782,2.1950885221972944,Organic Compost
Sugarcane,Silty,122.54385922293548,12.15769116944932,76.028818157615,4.533857686469238,4.326231810487711,DAP
Maize,Silty,35.76574487500254,94.9306790854205,59.69737895304196,8.373659450782473,6.578869810550543,Urea
Maize,Silty,51.42968885724037,92.45084696776462,85.82720331466162,6.868582399955455,3.3846318407656772,NPK
Wheat,Sandy,110.38671141899466,70.02110551025189,19.733955731767402,7.379598545538798,7.3436025600631005,Potassium
Wheat,Loamy,21.797878285307174,49.44979017254237,6.445570320642834,7.105532684624058,4.813812893308496,Urea
Potato,Clay,123.66063797656177,13.82164992963452,70.5721666743797,5.077458235478698,4.257970896193141,DAP
Tomato,Loamy,110.64697224467065,80.12107126486023,14.33958872253756,6.879759755975977,6.509250895366934,Potassium
Maize,Loamy,112.14493089294795,12.17040187028275,15.966195798433374,5.025662380565048,1.710104479292492,DAP
Wheat,Silty,24.033791837462793,11.517093565038838,75.7446690103304,6.104945815852512,6.416267298474723,Urea
Rice,Silty,110.48647627427232,56.05146503173997,30.700810192728962,6.775852543701172,2.7006640012097867,NPK
Tomato,Silty,105.1745375307958,20.21218281754082,64.71996547904482,6.735524456408624,2.965687830282663,DAP
Groundnut,Sandy,126.32914871505908,5.734375397333153,92.1536579788111,4.976293703930963,5.1961764132405595,DAP
Sugarcane,Loamy,15.82343387590573,45.195775944599696,35.06508050559654,4.637743878586089,7.313540975323436,Urea
Cotton,Loamy,13.235493585490907,18.035637002956264,25.628694994792287,7.692937255495256,5.048848648396054,Urea
Tomato,Sandy,62.2209939829985,20.248964451665667,15.123473955399913,7.403689747984021,5.542645441561409,DAP
Cotton,Sandy,30.830359738881402,12.306510679856792,17.39392433487398,4.827275618258952,6.436162127236919,Urea
Maize,Sandy,88.17382685983107,24.483906603742945,10.91115606099006,5.009662075206213,2.815273312947407,DAP
Sugarcane,Loamy,138.42884621094484,72.970997078567,13.326025988825313,8.070335105558481,6.790635709628997,Potassium
Cotton,Loamy,64.8071622467622,81.84809418569019,46.04043593686962,7.57651560648712,3.9257210434700482,NPK
Maize,Silty,128.2930528181646,47.99069618278356,35.482179277277126,8.484641184866696,2.2295898544381374,Organic Compost
Rice,Silty,10.033722432501307,53.12261250873468,72.12327736068481,5.515949796820086,3.4508265562278746,Urea
Cotton,Loamy,33.59205008428579,8.102228286449247,87.67295753346518,6.45121195547526,2.722917782027577,Urea
Sugarcane,Silty,14.259295551571986,11.585044830275102,79.5534542985265,5.445838304249422,2.600995235949521,Urea
Potato,Sandy,55.94060527210961,29.468933936704108,55.41053938323696,6.9912005539092394,2.977942391034163,NPK
Tomato,Clay,137.1465433975104,56.67034996774902,14.732001042102075,4.961656956365272,2.2665157031946266,Potassium
Maize,Silty,23.573297303858283,75.25735912982432,72.42789197444759,5.008972690972133,5.6739122995785,Urea
Tomato,Loamy,94.89736874413205,62.47529082711314,39.46872884905299,4.787551565620491,5.0599422992458205,NPK
Sugarcane,Silty,73.20943147672219,42.25214622374489,13.136787421963968,7.274344329056667,5.539093250883999,Potassium
Wheat,Silty,141.38554973121376,16.240786935298125,85.03430868519943,6.476290309732827,3.406073066797123,DAP
Maize,Silty,27.152679955193136,79.173457314283,37.13056913233803,6.97092486541852,6.388133818018311,Urea
Cotton,Clay,39.68389907031205,39.55967490191042,25.73363908859928,8.017204186357436,1.9072611866791531,Urea
Maize,Sandy,14.135875605609058,74.925131375865,87.7879461387901,7.4613139390214345,4.997956966229522,Urea
Tomato,Loamy,70.75093494839233,53.732989981862474,90.70271750246548,6.346891672666764,2.9281708057253173,NPK
Rice,Clay,48.896605939051604,75.1728950883734,37.202229533198185,8.437423953576905,4.693269304883279,NPK
Maize,Loamy,131.78683074464493,91.19250833799433,38.70613483173047,6.325024404567893,3.2654602266816743,NPK
Cotton,Loamy,94.6917138476857,92.4978040251112,60.064710120398686,4.949802692934133,6.533582355639067,NPK
Wheat,Loamy,95.97270331659824,55.83514410005733,74.67694191201252,8.470618989010864,7.238902871866662,NPK
Potato,Clay,84.46749756338234,53.593294652735686,10.999174181152028,4.591282920059389,6.198068563601419,Potassium
Groundnut,Sandy,22.85904721208814,30.239454222769538,61.36764743290481,6.699534237951008,2.2290859899447275,Urea
Rice,Loamy,72.30261572154973,93.90098399528267,95.51790586944026,5.736381954798837,2.9240682887185363,NPK
Potato,Sandy,149.93072655919232,48.50232088396398,29.8989202320956,6.514208604067939,7.435506458628911,NPK
Wheat,Sandy,126.93210071844207,17.12116773230083,91.3385853392087,6.734851810378086,4.060540893607409,DAP
Maize,Silty,135.08426758339624,46.10696688952224,95.2659923724939,5.46038358511395,7.588262865444868,NPK
Tomato,Clay,125.25169029450993,17.070058772610373,30.569595892253524,6.727435022949047,3.7471618220358676,DAP
Sugarcane,Clay,24.425837080337576,52.740510004422134,76.6491772591083,7.52424444802215,7.6624226241346465,Urea
Tomato,Silty,41.84275556907195,58.32117391134016,27.6836257903582,5.566039348975993,7.480172914133317,NPK
Potato,Silty,10.437031189897347,37.08679734189061,75.0730603645526,6.033704533255628,5.623688229906314,Urea
Cotton,Sandy,52.4914174829356,11.806808351991045,80.75489727243846,5.572970772656232,1.0617893392305198,DAP
Tomato,Loamy,25.20503632850896,94.63283588515772,28.484541852511697,7.78223892395281,3.8023427738315583,Urea
Rice,Clay,76.19106834222163,78.46854578092581,73.00760664040732,7.399929036838387,7.378645907869171,NPK
Tomato,Loamy,104.79784840034627,84.6937026479865,82.14993119208853,7.984785748873629,7.1957720237568035,NPK
Cotton,Loamy,132.4307413053308,39.852497457191795,39.064992850156614,5.180199571606638,2.3117146006727958,Organic Compost
Groundnut,Silty,114.89040311272575,77.2789478518478,20.931763719024058,4.794318552639006,3.794277471783718,Potassium
Maize,Loamy,141.40198340899073,51.110425041073455,13.73663389516379,4.977534015434694,6.848569495156301,Potassium
Sugarcane,Sandy,17.54576065513043,24.102931398574366,59.661261842944484,5.144073331296946,5.04514497275038,Urea
Potato,Silty,11.705176958315802,16.82022080618526,97.91932133499276,6.632330642699209,6.931094634123404,Urea
Maize,Loamy,102.58733593706977,37.7798325855954,83.18028040211053,8.383648281451059,6.785971691139942,NPK
Tomato,Silty,50.509337431114474,18.06745059013827,46.40476569878252,5.928941666467129,7.352374048667381,DAP
Wheat,Sandy,45.49014225480824,99.83555273938651,55.97898577122106,8.334033077440822,1.820544117362072,Organic Compost
Maize,Sandy,56.324192277131196,9.672954072042096,31.5551491141228,4.652803179956718,2.0165059901746094,DAP
Groundnut,Loamy,47.77144810493098,46.908641940062275,20.491257399206038,8.207488811258633,1.5796632027833675,Potassium
Tomato,Silty,81.60109688222222,47.94888462708649,50.79771003206596,5.224610429219885,7.546881887668022,NPK
Sugarcane,Loamy,71.62078261137856,33.560033215259175,49.03264878588259,8.149899942877395,4.326136690645252,NPK
Cotton,Loamy,81.73999719273189,59.27839874215981,54.58334551635722,4.724909720461845,1.450276984377137,Organic Compost
Groundnut,Silty,104.17990561006107,19.247817294396746,95.51643562857437,8.29287778998013,3.2507093175982886,DAP
Tomato,Loamy,64.19827125596076,79.4716761557872,62.37005351375336,5.303193057275443,3.459888487909768,NPK
Groundnut,Sandy,45.18307619990195,36.58253323352564,62.54832447912551,5.710856240292642,6.666918764337301,NPK
Maize,Silty,33.268075153224366,61.177546030870964,17.162352471802294,6.4637693764118325,6.14833824519646,Urea
Sugarcane,Silty,58.926376734567576,72.98572742636114,99.66644228679795,6.022883524941901,5.825709346937983,NPK
Cotton,Silty,113.85290653446408,89.45900118056531,78.42026970229351,7.1701118770526,1.1530448681396512,Organic Compost
Tomato,Silty,115.93868741560574,84.399806462959,88.33431768893045,8.39923106900031,7.3748705749846515,NPK
Rice,Loamy,103.36675413578944,62.78935766983816,44.35853912394444,6.925705963219762,2.508886868410191,NPK
Potato,Loamy,42.76394454296244,41.89735213646926,52.70216909963437,7.385941637746197,5.403429832848745,NPK
Cotton,Sandy,92.33207441965767,52.804443657121574,54.59796187041626,4.8520210012228056,1.4327333010799341,Organic Compost
Rice,Clay,89.89655262075871,78.02980537098624,23.438981232512493,7.011249716280021,1.5706826431043814,Potassium
Groundnut,Clay,77.79726773536157,88.36682654314994,70.50146985106093,6.315399108185653,1.067041072910855,Organic Compost
Wheat,Sandy,86.99705809374099,14.859283176783828,90.78278874365837,8.043129431678514,4.961493511817315,DAP
Cotton,Clay,78.85068856731353,41.56134493684008,20.552052723149806,6.052844398572407,5.4056576873183335,Potassium
Groundnut,Sandy,89.16389125037514,78.73107684928256,13.200235981185628,7.217816576199676,1.3532361226326013,Potassium
Rice,Loamy,110.17083364695803,46.00691744642629,75.1307960263325,5.412614913036316,3.033394193348272,NPK
Maize,Silty,25.347947216481565,36.56163758629697,30.954174008933297,5.5374901340967835,6.960180899246117,Urea
Maize,Silty,114.94760530086332,44.07565619821061,64.2669414536463,6.004489723689094,1.7091585677603987,Organic Compost
Wheat,Loamy,29.024061017863186,62.27025094470333,71.09704210925716,5.7162541500260104,2.5158301518733186,Urea
Potato,Silty,19.327919777452458,99.98148869271114,35.58152254027307,5.515515357560299,3.9707384593069897,Urea
Cotton,Silty,146.65115607100546,51.83428076493052,82.43873675544951,4.698674823603238,6.895918718431812,NPK
Cotton,Clay,143.97884764186182,24.80697512065475,57.2489533008506,7.846985327009836,2.78394338132643,DAP
Cotton,Loamy,18.46111629167897,20.470424651514,87.55494375542126,4.757206123565137,7.979959107543395,Urea
Potato,Clay,72.0554818064947,9.023226010259357,77.51288749310001,8.04946206241187,3.486832691969698,DAP
Groundnut,Clay,36.07429136196846,58.08763731724054,87.51468504355812,5.001861556272241,3.705140609385362,Urea
Sugarcane,Silty,77.94828559881853,56.73434869143925,6.915331301199938,4.761046948250636,1.8547434296155603,Potassium
Sugarcane,Silty,126.22481401994223,24.49722304412937,28.133094770166498,6.752019055922789,5.761385305995716,DAP
Wheat,Loamy,143.08564846400463,71.05629361299387,13.55075434236417,6.509767170298887,2.7042562794913714,Potassium
Cotton,Silty,98.79537148321523,75.40516895481967,46.99788663298817,6.46493827532754,5.402073167065324,NPK
Groundnut,Silty,59.546793409654384,29.614329511300568,89.54621155345524,6.798017310005591,2.562104098820486,NPK
Maize,Loamy,94.46557919024377,37.68947758282497,49.416324915352575,5.648226424476623,3.7151058705852757,NPK
Rice,Silty,53.68018285518305,99.09480887298938,85.72273923513744,7.151797093718445,6.996704643680923,NPK
Groundnut,Clay,137.37530971648846,40.55512444581975,36.0819326118352,6.5096088788287325,6.17234138031849,NPK
Potato,Loamy,131.85606483481718,77.27615881682968,37.25915691649898,5.838973867829301,2.082136299606064,Organic Compost
Sugarcane,Silty,88.15244503915254,48.008915529844295,90.07836438105338,7.806002667922913,5.25395717161871,NPK
Sugarcane,Sandy,55.47184815325048,80.36775864679271,45.452628918611644,7.41088438530684,5.400484561716666,NPK
Maize,Loamy,51.074554581616965,78.05720768435155,80.0277213404933,6.074441367778488,1.6339793145130272,Organic Compost
Maize,Loamy,14.678519258708324,68.43682239386088,27.481137048780628,7.890471140915491,4.260639580351551,Urea
Potato,Sandy,124.21491914354134,86.20394289808003,95.13607881937537,8.181033000447098,2.8246787696732554,NPK
Rice,Silty,73.05364982546112,94.22575701338009,59.584933420404255,6.64746506833745,4.269910999344381,NPK
Maize,Silty,55.51860997603702,60.09841544294797,77.13573901494819,5.3598098006276835,6.439496939260126,NPK
Wheat,Loamy,75.95544969968554,27.559546186160844,13.503991480514122,8.163168626187947,2.107816918672238,Potassium
Rice,Loamy,124.62331866365128,42.86975135618712,51.803101453900226,5.257918480382068,1.8631294391163065,Organic Compost
Maize,Silty,27.445989079052964,77.03904278376285,90.59865728473221,4.693692905669076,2.8852154657404103,Urea
Tomato,Silty,130.0718383538558,66.8339310867676,88.31866975911393,5.809948035492523,7.6659281524260825,NPK
Groundnut,Clay,135.65123691516956,21.89084216369863,9.447325937251616,7.407865377844159,6.234769478294765,DAP
Maize,Loamy,142.53910810474434,9.867756408910347,33.85135456724994,8.193096345414197,1.136191039701826,DAP
Wheat,Loamy,65.6483189391679,69.88135138649616,47.11540061551261,7.0491425872577596,3.8070338973836364,NPK
Cotton,Sandy,40.399656565274064,28.85250728278781,21.36515736379988,8.30735418786664,2.8017858535626963,Potassium
