Crop,Soil_Type,Temperature,Humidity,Soil_Moisture,Rainfall,Growth_Stage,Irrigation_Need
Sugarcane,Clay,26.809065608323262,48.023061385002386,49.973619498324275,145.99966219799407,Vegetative,Low
Cotton,Clay,29.20306978125064,44.96840721735525,69.73974180100754,36.90239911974231,Vegetative,Low
Tomato,Clay,40.636421796065406,33.211543437714504,55.01334245250665,69.32793887397723,Seedling,Medium
Sugarcane,Clay,25.200131581796764,65.5450002576116,16.66420664894371,132.65612737156366,Flowering,Medium
Maize,Silty,41.08949054436514,55.74681203814717,24.84641894268443,96.41786890489598,Fruiting,High
Potato,Clay,17.644032929300746,84.92757442430027,27.54625472247353,147.71420772697877,Fruiting,Medium
Tomato,Sandy,38.303953116258924,22.40821853615437,30.62914029158759,192.24158024457194,Flowering,High
Tomato,Clay,40.42642899164209,68.29009456663448,55.23227135604034,23.309337543039497,Seedling,Medium
Sugarcane,Silty,20.454529585120163,77.22116588836708,50.31726238603148,141.91354327961218,Fruiting,Low
Wheat,Clay,27.91039597116601,76.96149268912302,26.252803069136714,46.06883112642291,Maturity,Medium
Maize,Sandy,19.964993239909667,86.45554753216439,15.404387476454966,82.89534548151384,Fruiting,Medium
Sugarcane,Silty,36.19812386982653,74.67753071221205,23.714576357977446,6.572545159027965,Seedling,High
Maize,Silty,31.060433041849702,89.58575462357722,88.75050500948826,27.181476458539787,Vegetative,Low
Maize,Sandy,34.05970040124963,44.94924498656686,47.48375598331778,63.955457809779936,Vegetative,Low
Potato,Sandy,20.894609008686334,57.74070625636573,79.387640376169,68.39716105759699,Vegetative,Low
Tomato,Sandy,21.352375861572586,21.0559747462168,77.90019733350746,179.91704329241915,Seedling,Low
Cotton,Sandy,16.24491976529719,20.521819047746842,50.9215645970299,148.36258185330303,Vegetative,Low
Potato,Sandy,24.66202605587189,38.009496533863995,66.53501667684348,194.4365936374082,Vegetative,Low
Potato,Silty,31.79233984001025,27.560539785431395,25.420160833016983,119.8143020670481,Seedling,High
Maize,Silty,40.738047419919866,39.51585259518152,65.07173639415267,48.342746418263594,Maturity,High
Groundnut,Clay,35.00782342376042,33.2782470896298,31.79076634106316,65.53100598432857,Fruiting,High
Tomato,Clay,28.06188970199254,22.139001862898617,76.56496774033207,63.967184658393414,Seedling,Low
Wheat,Loamy,43.593603431824135,88.19781098045371,16.69793064871279,65.29886553265032,Seedling,High
Potato,Clay,36.57735601727495,20.616734854166864,71.85109383082221,134.59283462236314,Flowering,High
Cotton,Clay,42.9049560858765,75.20616082528142,17.994952525489563,106.16158561808324,Vegetative,High
Groundnut,Sandy,30.82763919816497,31.41109151896374,80.49513895154472,77.08483561732886,Maturity,Medium
Groundnut,Sandy,22.76712824379419,88.41722164997,34.3363614508003,29.81795374574332,Flowering,Medium
Wheat,Clay,16.58480059094166,86.95969546924144,62.35146918644598,4.427832588429181,Maturity,Low
Potato,Loamy,36.782545544515514,69.0425859776943,49.00018228962239,43.76693551753852,Vegetative,Medium
Cotton,Sandy,18.639089940166023,70.41756123504538,39.30425162098712,21.49428079373625,Vegetative,Medium
Tomato,Clay,24.083253848159018,20.400435647726642,61.635346654679715,157.08900617044787,Vegetative,Low
Rice,Clay,30.97412723651692,93.86536745852015,85.80183844409903,22.499591562777077,Fruiting,Medium
Cotton,Silty,31.93249763339243,85.83744526818607,13.301579789969749,144.84564746136724,Maturity,Medium
Wheat,Loamy,33.017495909614084,87.1329669297569,83.50822847064835,77.13173795521652,Maturity,Low
Groundnut,Silty,19.98765991049102,69.4433402788154,58.726532401681084,14.675677948755194,Flowering,Medium
Tomato,Loamy,26.392122144649463,45.85901964909024,74.58514406152419,162.54600988631717,Seedling,Low
Cotton,Sandy,33.515826813509,87.02364868178606,40.70999627474221,115.92611404732267,Vegetative,Medium
Rice,Loamy,44.09456593901354,41.86376961133942,47.7474379870091,47.15230257271461,Vegetative,Medium
Rice,Clay,36.82893413099066,62.20336575066521,79.50806014409312,178.9362348665336,Flowering,Medium
Maize,Clay,42.67811271281873,27.47982292579118,43.187837584785846,9.05166277411029,Maturity,High
Maize,Loamy,37.86636174942531,89.14667225995626,52.7727653399268,40.36392163955258,Fruiting,Medium
Sugarcane,Loamy,32.751509066772016,30.557784332841,11.615593846746632,150.4093855611722,Maturity,High
Wheat,Loamy,20.760701074090335,36.86726042978054,22.687840467043383,141.87558606197783,Fruiting,High
Potato,Silty,35.00056955677539,61.860061859616124,61.334920637983984,57.85433874489561,Fruiting,Medium
Cotton,Loamy,33.70138697879722,77.30697501597362,67.35815208511016,12.404975070556624,Maturity,Medium
Cotton,Sandy,33.074075113717996,66.45134794522242,56.608074942759956,171.61561444498875,Vegetative,Low
Potato,Silty,29.693576039647223,37.41004346001171,21.464802902048852,62.73952761398051,Fruiting,High
Sugarcane,Silty,30.85969811967827,20.070728189561777,45.63243428622678,39.142682985653046,Flowering,High
Groundnut,Loamy,25.03327581354312,76.78629352305794,38.40758130905519,103.21236447219542,Flowering,Medium
Groundnut,Sandy,30.579380779269094,93.89054944333203,49.65290752280707,182.04543985648945,Fruiting,Low
Sugarcane,Silty,20.926677170354345,80.74348402295678,79.62632276432754,8.70931556867507,Vegetative,Low
Groundnut,Clay,39.1552319208113,54.51549636174615,72.06891509269215,153.16081760617755,Fruiting,Medium
Maize,Silty,20.573308640961233,87.782544604933,16.719160111132716,114.49464558774179,Flowering,Medium
Cotton,Loamy,17.548988696683992,50.73857548387625,81.22473582196514,85.08982331036339,Flowering,Low
Sugarcane,Sandy,28.08738079071472,59.37005631826007,47.74137209198589,148.81608882101202,Maturity,Low
Cotton,Loamy,34.749223185181854,55.784732554676246,69.50897159087987,193.16488488832647,Vegetative,Low
Potato,Clay,28.131504748006243,53.571790449914374,21.20313850114817,45.84124223253821,Maturity,High
Rice,Clay,23.302623958539257,78.13930769704294,63.65756205656385,28.729473014423924,Seedling,Low
Maize,Clay,31.745135516713223,59.5076680452119,28.906081408756634,182.5763490445394,Fruiting,High
Tomato,Loamy,25.410070062365996,43.75378415189121,45.070471771274526,133.79061549146073,Maturity,Low
Maize,Silty,42.98603070379899,39.361862574385874,11.349029606568353,87.59720431239319,Vegetative,High
Sugarcane,Loamy,42.67935418810716,22.831048772557505,22.12885103443808,114.65191405285663,Fruiting,High
Tomato,Sandy,30.071154599162863,63.73963714122845,17.366439449889583,149.1227810352488,Fruiting,High
Rice,Silty,24.836519820547757,37.24710615507757,29.179533835060674,154.60637974114343,Fruiting,High
Sugarcane,Clay,37.11397241869918,31.11004415122873,18.00144720194578,183.97883616379292,Fruiting,High
Wheat,Loamy,16.101388304491998,69.03724728707581,65.35280212956495,85.36855777912453,Fruiting,Low
Cotton,Clay,29.243070181309538,71.09069433661617,12.32319217673755,58.682182003879,Vegetative,Medium
Rice,Clay,25.089701828110005,76.41161691932496,59.419240049999836,127.93285335796838,Seedling,Low
Cotton,Sandy,42.61607655307664,57.76826722539436,21.25662646604594,83.14557985590608,Flowering,High
Groundnut,Silty,15.360090818180476,87.0540953902915,85.61291657423175,118.91969078979558,Seedling,Low
Wheat,Sandy,31.584446271550473,90.22570650486709,84.64752584878835,83.99715969119003,Flowering,Low
Wheat,Sandy,37.21990743199878,80.55282048443671,28.04024820167701,30.599157335634896,Maturity,High
Rice,Sandy,29.550539625721235,67.66951115061404,59.15370385784236,93.88535033179168,Fruiting,Low
Wheat,Clay,17.56209090488165,42.779071519339155,12.240425557796675,138.18356438820655,Maturity,Medium
Tomato,Sandy,44.173841700837066,93.72086912151659,84.54308344409392,159.85676153352998,Maturity,Low
Wheat,Sandy,30.540312941282938,40.56021253939538,51.83898465533677,98.66525535930937,Flowering,Medium
Cotton,Silty,33.42558732957034,35.19926914928233,13.45785211342232,33.04757804208018,Vegetative,High
Cotton,Silty,22.09829348122522,53.161558533993706,37.39999944065099,82.93754192988632,Fruiting,Medium
Sugarcane,Sandy,29.504942553204113,24.263042803429133,16.147956948898738,157.25878576833964,Maturity,High
Cotton,Silty,27.874484758749656,93.38708485038431,41.43555514986879,82.57185412341457,Seedling,Low
Sugarcane,Silty,17.24687526005951,64.13251673123186,63.594107372905846,139.30615872084445,Fruiting,Low
Cotton,Sandy,18.184810606424016,61.771406874813145,47.59119264331517,101.44273633561795,Vegetative,Low
Tomato,Clay,40.12417558856323,69.18472099247899,40.69777397755636,48.24462502187934,Fruiting,High
Potato,Sandy,22.19459856619771,57.2767735832905,19.532563643237182,159.23010160461487,Maturity,Medium
Sugarcane,Silty,20.84874814495892,22.40476378209062,29.595123655492507,16.842690814137406,Seedling,High
Maize,Clay,30.147343537504177,65.92334666302975,18.01146301906809,104.97805655103012,Maturity,Medium
Groundnut,Loamy,38.06241394087539,73.7130407717323,74.59989853253286,41.77820684868099,Vegetative,Medium
Rice,Clay,16.858395557369636,51.256179546803985,20.819186238777803,13.413125708275132,Flowering,High
Cotton,Silty,32.304237589147675,76.79716790533948,57.62986932391148,100.58678741664977,Seedling,Low
Wheat,Clay,18.5763132852172,37.02509745038155,37.41923308710767,99.91243118698472,Vegetative,Medium
Potato,Sandy,16.093831524768554,36.5957443299638,28.07827077241468,141.38018033514416,Vegetative,High
Cotton,Loamy,16.582318564866522,32.10627407656805,61.1574751593683,148.95013861038098,Maturity,Low
Wheat,Loamy,40.02492324625324,47.89960698418714,46.56018475015525,145.55829773857937,Maturity,Medium
Groundnut,Loamy,18.539174508841846,83.52590265418127,42.01163738276473,81.911746583351,Maturity,Low
Groundnut,Silty,16.35454093236876,82.09340466117982,57.42816039137772,126.33795744531251,Flowering,Low
Groundnut,Silty,28.13699661428737,48.711815597262785,49.301410279200056,115.38904852879206,Fruiting,Low
Wheat,Loamy,40.319804158260744,64.18390519851775,34.278736684124866,84.31235122338391,Fruiting,High
Cotton,Clay,22.87225129467906,74.06122373561867,54.72490302122013,119.44253883719864,Maturity,Low
Groundnut,Loamy,27.651378525777492,38.09050809710172,63.559886124055566,189.4495753412525,Maturity,Low
Tomato,Clay,16.197675976912535,32.61058144210603,12.135452686948343,38.57874873627547,Flowering,High
Sugarcane,Clay,28.472355424046278,92.90719949092332,47.26973831261403,181.15441915710525,Fruiting,Low
Wheat,Silty,32.32839241911401,66.3167984907214,14.614662766683502,10.691102796639672,Flowering,High
Wheat,Clay,32.127211612564345,93.60617913752479,24.912433125448885,61.67784258033213,Vegetative,Medium
Cotton,Loamy,24.972800765230957,45.33169903491718,54.84069872623785,57.629049722305645,Fruiting,Low
Wheat,Silty,24.465995419894064,72.72737749805987,79.29511322124645,125.27302157618114,Maturity,Low
Wheat,Sandy,18.198708568097935,36.69527274059283,80.62445433507878,26.244990355458064,Seedling,Medium
Groundnut,Sandy,26.003949619388052,39.59001284554347,15.595520811090502,176.46952236795076,Vegetative,High
Cotton,Silty,17.98484006618894,58.392659095221795,43.52840690293653,165.71028169300826,Seedling,Low
Groundnut,Loamy,37.99787834136155,43.97135941310535,56.6405186403641,130.41316393705554,Flowering,Medium
Sugarcane,Sandy,43.98822893244558,32.57161728804384,21.765592364027473,91.68276635843955,Flowering,High
Potato,Sandy,44.10223370000121,39.716052649199455,71.23457733958173,186.59120842841568,Flowering,High
Sugarcane,Clay,40.95213298126181,22.681129584939846,69.5388206749791,166.1493109441112,Maturity,Medium
Potato,Clay,33.023764480188575,72.8317716108115,82.26728109654357,99.86302961624898,Flowering,Low
Groundnut,Loamy,36.0259709173164,56.90874928143962,10.678880966675441,140.37467089086223,Seedling,High
Sugarcane,Silty,23.556174080412422,27.06822998033942,27.334739519120212,113.38599043593692,Vegetative,High
Cotton,Loamy,33.923112605178616,32.87704948463684,76.17493713962574,117.58844767765291,Maturity,Medium
Rice,Silty,28.669486483196323,27.690090358448302,63.64640406615483,66.19521388749425,Vegetative,Low
Groundnut,Sandy,29.460520193307975,65.94446062069073,81.55118829587926,92.41692092497935,Flowering,Low
Potato,Clay,37.73329681125474,27.065777270937033,14.574372362421322,15.624286157948841,Fruiting,High
Tomato,Loamy,23.457550667917552,76.5711749776412,57.75711725731543,71.4697383329185,Maturity,Low
Potato,Loamy,24.541188350835597,21.53831894902934,55.52372599149393,139.1657030724304,Flowering,Medium
Tomato,Silty,42.7392537338591,38.70318409969191,12.85395330884259,190.64320610123727,Maturity,High
Wheat,Silty,16.686728845529167,86.80000069189303,51.08176615299868,192.61282255260406,Fruiting,Low
Sugarcane,Loamy,29.56902895240021,73.88984885916845,58.76162490479394,111.14457382497834,Seedling,Low
Tomato,Silty,42.384024012235855,25.47262496942658,25.30345393616858,121.32445036191642,Seedling,High
Potato,Loamy,33.310890234544715,81.58445783638848,31.866366649973035,37.1442371001935,Seedling,Medium
Wheat,Loamy,31.392212226363963,56.97763411551536,61.22778770381896,139.06162161870614,Fruiting,Low
Rice,Loamy,22.492325376880657,83.5087270376622,47.464075807996664,14.131758534877248,Vegetative,Low
Cotton,Sandy,25.29826467193345,65.0554830837795,78.64109260546614,56.937137159888906,Fruiting,Low
Cotton,Silty,40.561452474140786,71.13747740246441,37.390541280735064,133.67266945708843,Fruiting,High
Cotton,Clay,31.776543953053743,94.51261702967811,31.33277267105609,62.06202630869786,Flowering,Medium
Tomato,Clay,30.442265812703397,37.42516594430136,88.78927522758742,9.969374822890863,Seedling,High
Rice,Silty,17.987391406200867,66.79591810710413,82.89086161040667,166.37408187019275,Maturity,Low
Tomato,Loamy,15.480844693653694,54.52410425430487,12.319419599918389,62.06600142691261,Vegetative,Medium
Sugarcane,Clay,43.91055566061147,22.958896469201857,71.65828922452528,12.621044971735685,Maturity,High
Tomato,Clay,26.309585018605247,21.085298112714877,18.826781906016237,14.957632900573037,Flowering,High
Rice,Silty,33.09639186298513,28.9421433363394,12.198815586349676,50.35175975775073,Flowering,High
Rice,Clay,17.391452195618548,68.6818805403911,31.89564127730791,35.60318944430525,Vegetative,Medium
Sugarcane,Loamy,35.493428571691396,62.537231593504416,31.547670324888344,154.86002355603017,Maturity,Medium
Rice,Silty,42.97700126117883,61.50721708727956,75.54550098775718,64.33680933340689,Vegetative,Low
Potato,Loamy,32.26995758992259,22.389257189619507,66.85337967542681,160.93915700796651,Vegetative,Medium
Rice,Clay,18.783459671262317,55.19772472700053,88.52875418656114,34.76919956463056,Seedling,Low
Cotton,Clay,32.451645824204306,89.34671133818964,66.92103202494548,98.57583590881676,Maturity,Low
Potato,Loamy,37.99041639313957,49.81939019829849,43.46044426048383,137.60742671062576,Seedling,High
Potato,Sandy,27.19249609722056,66.86918523413422,65.91421287561735,130.39817077317096,Seedling,Low
Sugarcane,Clay,41.39513243824403,78.48640067173577,89.95672537491217,120.22588198605375,Seedling,Low
Maize,Sandy,34.460488600720936,78.79439593564157,66.81135060500225,184.96432038623396,Fruiting,Low
Maize,Clay,41.977467548676074,58.94600617964535,70.93450847842547,45.70502954134887,Flowering,Medium
Rice,Sandy,33.70515933742011,84.34639590517523,85.06920121522074,98.74384089242108,Flowering,Low
Potato,Sandy,18.938639160144728,49.35335700228102,19.092100904934668,176.79851001448174,Fruiting,High
Maize,Sandy,24.290751333155676,86.65199110885987,66.38274347581815,15.578753119031408,Vegetative,Low
Maize,Loamy,21.053848447573706,38.0170374796659,78.06447663739591,11.17765365061505,Maturity,Medium
Rice,Sandy,42.26479493150587,41.01623052429283,86.35028801767145,46.66045751165828,Maturity,Medium
Maize,Sandy,37.81200201862448,23.984046814925083,26.87754317693595,126.6042439076037,Maturity,High
Tomato,Sandy,35.29195106730018,79.66863774067122,50.314320617939536,51.97592528996138,Seedling,Low
Wheat,Clay,24.02898958894865,51.27914271745291,64.44438781155854,38.04797676175979,Maturity,Low
Sugarcane,Sandy,20.521343161506405,37.18374604335493,29.797418360106995,91.76046307165842,Maturity,High
Wheat,Clay,37.69353263966735,37.384270821243476,58.03782906002192,122.7196137538823,Maturity,Medium
Rice,Sandy,29.22473837637239,87.6049955921925,30.60630259983995,49.71154140334808,Flowering,Medium
Cotton,Sandy,21.773686564518876,82.54374503457777,36.67656164253178,60.13823734474841,Fruiting,Medium
Sugarcane,Loamy,33.498659344958256,61.51481640178875,45.32149572086921,122.71186096230278,Vegetative,Low
Rice,Clay,16.210015564153558,66.20831003117908,52.33520789972536,189.14768439789054,Fruiting,Low
Potato,Sandy,24.785107623847605,55.57441779127183,45.94926973001205,134.94834548761764,Maturity,Low
Cotton,Clay,29.05670983773404,49.37499071591067,49.455641583034335,156.58082871691198,Vegetative,Low
Wheat,Clay,19.438750023282175,88.66076609137487,33.88710050306341,73.36201895109376,Vegetative,Low
Rice,Silty,44.53963432772519,29.420952764022655,22.717207521810447,54.45087187689322,Fruiting,High
Potato,Loamy,21.272920937688426,51.383509228717095,13.787998186147155,90.85354864052451,Fruiting,High
Sugarcane,Loamy,18.910593901297965,45.84214309909065,25.678297799333414,161.42656574233473,Fruiting,High
Sugarcane,Loamy,21.10604621660689,57.36130401883613,56.55549132046264,91.25992835811117,Fruiting,Low
Groundnut,Silty,38.07183399479173,54.32239059088813,72.88923582425059,169.3450817579722,Seedling,Medium
Potato,Silty,27.765169778155283,58.916714873831104,23.539807795431564,197.7543961390254,Flowering,Medium
Tomato,Loamy,31.96247819257614,30.493923292024554,18.684428621811875,14.405333146067267,Flowering,High
Maize,Silty,15.630274709590822,58.48561261349578,69.94322884394002,9.082031216740738,Maturity,Low
Cotton,Silty,16.032939257199438,38.18141104154081,34.41266644298317,29.917940582672365,Seedling,High
Potato,Silty,28.374766494810487,33.82485117411434,86.1199551381882,76.87393514686924,Vegetative,Low
Groundnut,Loamy,39.49965729604871,24.86256640896434,67.14543764882984,26.208441829086482,Fruiting,High
Maize,Loamy,41.55716636122696,77.19894190671056,36.14048377944247,174.1328955237512,Maturity,Medium
Maize,Loamy,17.601197027869205,52.058144064242,33.1634198234964,4.62925020541276,Vegetative,High
Rice,Silty,31.150893063030683,66.99827624838187,51.895870901704725,63.158543267164504,Flowering,Low
Maize,Loamy,42.39689058837811,74.56950074785576,16.331573462256756,36.93892589884107,Vegetative,High
Tomato,Silty,26.639182631936592,70.94874989851651,19.41412101162392,186.30786603150648,Fruiting,Medium
Sugarcane,Sandy,39.886974942851054,55.28755393172617,24.068630505295403,133.8962009780056,Fruiting,High
Groundnut,Silty,19.010869631983084,49.092389671379735,71.97788746436481,182.4060512902749,Flowering,Low
Maize,Clay,43.06183469003396,48.19699322304978,51.1085887415298,194.46574206207868,Fruiting,Medium
Rice,Loamy,37.54269952593908,68.00365976975422,10.845369821955435,99.41964873547384,Seedling,High
Tomato,Loamy,43.24003178360705,57.1095766206405,63.88132219776872,46.86382160960525,Maturity,Medium
Wheat,Clay,35.298517006575196,83.6849185991383,43.89521429283977,38.745757239317854,Flowering,High
Sugarcane,Silty,25.90211795998281,85.6026488245034,50.86818919710383,44.58377233716811,Flowering,Low
Sugarcane,Sandy,43.145435175741675,32.792028350488884,27.129299473034845,141.71866152440057,Vegetative,High
Groundnut,Clay,23.267003289275355,30.217523865929422,54.14257827152829,8.089145624600146,Flowering,High
Sugarcane,Clay,24.965175661851976,67.28006945269996,88.33225918011908,10.272214606542974,Maturity,Low
Maize,Silty,36.02425254005221,42.591931104670955,15.875575280460916,121.62858847663,Seedling,High
Rice,Loamy,37.95948898576159,21.392803907382415,32.71339197315445,128.41142934748132,Vegetative,High
Sugarcane,Silty,42.882104515474616,86.64820020222163,29.43980742886638,133.05258486449202,Maturity,High
Sugarcane,Clay,21.144072271686284,37.01755754328562,29.883944860094367,74.37610091771825,Flowering,High
Wheat,Clay,38.939941056576714,89.69604887643568,40.29650860523019,161.18897774283062,Fruiting,High
Wheat,Loamy,37.156381601908905,73.80758381586902,75.4487827795334,106.72491754532352,Fruiting,Medium
Cotton,Loamy,16.913836687607937,77.19901174336132,83.028695197151,21.09312600188389,Maturity,Low
Tomato,Loamy,26.61669423630621,35.109612184487034,26.177206996717864,159.41986141346905,Seedling,High
Maize,Silty,23.48296371180296,37.56458192126097,53.43599503584902,190.61355725409166,Fruiting,Medium
Sugarcane,Loamy,24.13471273062091,59.09508153680493,60.95191777323842,12.007262600471735,Maturity,Low
Potato,Clay,44.488406386641024,32.90748894873966,51.7461979491076,78.27026774011598,Vegetative,Medium
Sugarcane,Clay,34.283322404397836,42.90737695122742,44.72611153575357,97.50320896694953,Flowering,High
Rice,Sandy,36.53028473380499,44.109685846085334,25.358040468739027,29.29415201566339,Seedling,High
Cotton,Silty,44.29852911945028,31.972244993957307,49.05754873593908,173.54178955657542,Seedling,Medium
Tomato,Sandy,26.316053473729163,35.388712504637056,42.09718621690631,56.8299289780088,Vegetative,Medium
Potato,Clay,39.055205053584174,79.14138815061924,73.64506900018156,156.601707987632,Seedling,Low
Cotton,Sandy,28.03592889913486,32.539689091045126,71.08834873303962,134.1988964056632,Maturity,Low
Groundnut,Clay,41.0860101544494,22.134304388294186,20.719894496453655,119.60916449340469,Seedling,High
Tomato,Sandy,20.419726239339095,67.20162069717038,17.081524205045405,38.42856973931088,Seedling,Medium
Sugarcane,Loamy,43.43058531192839,93.19873395443375,82.65231545820023,44.14070411018114,Seedling,Medium
Sugarcane,Sandy,21.563151252326392,44.8410360967341,52.840671117159815,9.469680949313863,Maturity,Medium
Tomato,Loamy,24.786615209427946,28.899177739718922,78.62407498260725,48.14248595645327,Flowering,Medium
Sugarcane,Loamy,37.68576702320341,62.77904940256481,14.652089645312092,69.08872189210282,Fruiting,High
Maize,Silty,26.8126542469622,87.97656583217346,52.12124932173042,166.62906077248508,Seedling,Low
Tomato,Loamy,33.2463413029934,78.8046334871359,53.15412116609891,73.27853334296105,Vegetative,Low
Cotton,Loamy,28.337205032082856,66.6886901309537,78.856162603372,150.9243565531213,Vegetative,Low
Tomato,Sandy,37.27109811269345,43.62923724556995,17.808799858376602,87.88845625909751,Maturity,High
Potato,Clay,21.849937571058327,60.641012995716494,29.235645094072744,156.9736623987777,Flowering,Medium
Sugarcane,Silty,16.75373961710631,26.84336309781915,42.52306511096105,195.25432008740796,Seedling,Medium
Maize,Loamy,23.997881924191987,70.92090682105024,79.26731803359537,47.96831161151602,Maturity,Low
Maize,Silty,29.229259946052906,74.38220141732381,85.11066520564536,172.46832239277524,Fruiting,Low
Groundnut,Sandy,20.040601565780356,92.37737171824391,89.41796956749023,124.36481726115494,Flowering,Low
Cotton,Loamy,25.64391868969166,39.529801905880376,86.73547891668173,163.45885231773096,Flowering,Medium
Wheat,Sandy,26.999490548807056,21.3842314282267,10.475340467548353,130.31718045356104,Maturity,High
Wheat,Silty,16.721755310648206,60.9206348320363,13.816667316309763,84.78990145483003,Vegetative,Medium
Tomato,Sandy,32.499217445526135,73.00928782976109,21.80854553260709,45.61498788835807,Flowering,High
Groundnut,Silty,41.53030283913863,79.2805606912241,37.90896774162185,14.007045066233005,Vegetative,High
Rice,Sandy,19.552287388591573,34.5304199768608,76.3934424789567,107.1036728921434,Flowering,Medium
Tomato,Silty,32.93424040204542,39.631465177776775,81.41249562683844,198.06521890537311,Flowering,Medium
Groundnut,Clay,34.942176147325384,58.44431939504722,24.946752503566643,147.60836100284124,Flowering,High
Cotton,Sandy,27.58004041257865,44.79506074775014,59.57313212957669,65.46910827980332,Fruiting,Low
Cotton,Sandy,36.0329276209281,84.53836149405838,83.38895880522213,165.44096001734704,Vegetative,Low
Cotton,Clay,27.32194630473036,55.53201153040402,47.098538874505664,153.7968000352813,Fruiting,Low
Cotton,Clay,30.139118639323048,79.96839830765023,18.283485756222717,56.32715867069136,Vegetative,Medium
Cotton,Sandy,15.22059133663281,63.546482036176535,46.62509200677,2.861497958846937,Fruiting,Medium
Groundnut,Clay,35.75160342404067,77.9817606212834,40.06359218304458,23.63252770678992,Fruiting,High
Groundnut,Loamy,34.84028036834174,44.95047398977429,56.21263968528056,175.46123806241152,Fruiting,Medium
Maize,Silty,16.152026319790338,82.35624664477334,45.09269475256829,167.31260706097436,Maturity,Low
Potato,Silty,26.047503221853994,40.59292366632662,11.387674148297435,59.041800175672485,Fruiting,High
Wheat,Silty,44.37095522375002,60.95741060024681,89.5198186730937,57.03908525688408,Flowering,Medium
Sugarcane,Loamy,27.622096877058503,36.05053348804057,53.48321901844567,158.57299742049423,Seedling,Low
Cotton,Clay,30.05836215395525,55.6644891219645,47.89046043876876,187.5474939790844,Fruiting,Low
Rice,Clay,42.29790474479155,43.86314071315273,86.36938972032432,155.82745135951998,Seedling,Medium
Sugarcane,Sandy,36.51785627597269,40.002757297791064,22.46882940696617,121.1157354061523,Seedling,High
Groundnut,Clay,32.46210393372671,92.52387635210282,25.13900820361986,48.534270066360904,Flowering,High
Rice,Sandy,38.93414044023218,32.005557911504795,74.64117992502268,105.14958281905213,Seedling,Medium
Rice,Loamy,40.930987993679196,79.04943780930464,30.866486402000703,46.70237171865293,Seedling,High
Rice,Silty,28.706642152118008,93.81237196124111,73.93816850332215,161.60228401935473,Seedling,Low
Maize,Silty,29.25325094795506,21.492611280505837,31.722678632680203,77.39221590354745,Vegetative,Medium
Groundnut,Silty,26.581528069555073,72.42705605315712,12.655010418000119,166.73944339880524,Fruiting,Medium
Rice,Clay,44.001184200553816,38.96838541672153,51.36117791093728,76.32184359654505,Fruiting,High
Cotton,Sandy,35.91498762871051,23.036586824622834,25.73491473014891,164.82988103997826,Seedling,High
Tomato,Sandy,17.49669198624217,50.21671842174731,70.62770343459769,66.66356303304839,Flowering,Low
Rice,Loamy,40.88878869939055,90.14133576281563,61.29597065857185,88.02654092353397,Vegetative,Low
Maize,Clay,29.416798225088044,20.882382077524827,83.88821343823342,123.0976838685315,Flowering,Medium
Sugarcane,Loamy,17.062617192674622,64.09142689473363,72.63906858125887,14.057522805983735,Flowering,Medium
Groundnut,Sandy,31.491517654899333,57.60473589464932,24.462076387258147,189.64141236309288,Seedling,Medium
Potato,Sandy,27.51492836927106,85.50381232782856,74.0126589331837,114.72115722476065,Maturity,Low
Maize,Silty,41.33248214587874,26.300128589046924,61.33896358512186,101.56400293816046,Seedling,Medium
Rice,Clay,21.11983810828162,71.11445224149878,63.516131340849995,167.87879422398242,Maturity,Low
Groundnut,Sandy,39.79393828476549,71.00822738249579,76.5810308776119,173.15254597936553,Vegetative,Low
Tomato,Silty,31.730660735563582,70.18100126467124,55.905925535115216,104.4520809058032,Maturity,Low
Rice,Clay,16.638309096404072,90.67508712012777,47.28028114824103,185.45246515872748,Seedling,Low
Maize,Loamy,44.15535903976454,81.73156467551604,60.93128282869824,12.947553215296125,Seedling,Medium
Wheat,Clay,30.378457323095997,23.147954468262952,33.83659431666872,22.645158450243507,Flowering,High
Cotton,Clay,23.726305626947475,55.33121380283849,24.607770486967944,119.35764600288803,Seedling,Medium
Potato,Sandy,29.082205259677743,49.84647921510001,59.32702704569971,70.81317235871674,Seedling,Low
Sugarcane,Sandy,40.73573350552467,43.261041581810154,28.707869526838216,92.84503323783977,Fruiting,High
Maize,Clay,24.147093731551905,53.850254386557296,16.393208747728536,65.6158435794333,Fruiting,High
Groundnut,Sandy,20.78029189460101,48.81456386944831,10.044334766820313,80.94506228898712,Flowering,High
Potato,Sandy,18.872137407926445,52.4250424908999,58.66555211200537,164.5292694292599,Maturity,Low
Potato,Sandy,23.93578195170634,93.44463992064819,38.97190267841894,118.69523997086094,Maturity,Low
Potato,Silty,38.401442611201304,26.647473106218555,70.18487765387647,199.46890985669964,Fruiting,High
Rice,Silty,29.14879095585785,89.16731523790473,40.01411186504819,157.37583956419257,Vegetative,Low
Cotton,Clay,21.8244481108062,56.017753510327005,48.88027585905814,54.73325082036533,Fruiting,Low
Rice,Sandy,19.985549988292476,66.78066841246559,42.56679782523079,52.869023545339246,Vegetative,Low
Groundnut,Silty,24.981884295311374,82.26372249632703,62.04598328874769,67.17965402340143,Maturity,Low
Rice,Clay,43.19773118657126,47.03472718619416,38.49113296119746,168.65189612954853,Fruiting,High
Wheat,Sandy,25.29080137770073,52.281643106597514,87.10141199538471,5.45753013011312,Seedling,Medium
Cotton,Loamy,44.64372227863906,50.713886020903544,84.8917589278824,46.03625577425154,Vegetative,Medium
Cotton,Sandy,29.556913672960686,48.10482669018199,77.8422322125825,180.9836840688534,Vegetative,Low
Groundnut,Sandy,20.374917548704527,89.41469912351712,83.62402164581985,127.97928721665039,Vegetative,Low
Sugarcane,Silty,41.73420275380528,82.1697418394759,45.93117507675128,45.36941910021128,Maturity,Medium
Wheat,Clay,28.810661194044805,28.174999239723206,52.91443174315937,43.82899364651607,Flowering,Medium
Maize,Clay,36.290140305135736,28.109251435782202,69.36740740465956,172.5236203518861,Seedling,Medium
Rice,Silty,44.51134749627455,52.09021361397434,65.69167399508329,178.7515016554093,Fruiting,Medium
Tomato,Sandy,16.50526050959922,27.399303254960678,81.25428764843767,51.226218192423055,Vegetative,Low
Rice,Loamy,17.900836793627015,66.43198214533398,67.30648218053562,84.10207161530646,Maturity,Low
Potato,Sandy,36.613702243882685,30.776870544630043,89.83077665827685,166.91914772566344,Vegetative,Medium
Rice,Sandy,23.45475009886416,59.17799479751008,37.88046398652728,154.2014877219771,Fruiting,Medium
Maize,Loamy,20.529041908502972,20.541496025278832,76.63981937915344,162.7832213132169,Seedling,Low
Rice,Silty,16.180856394591885,43.74472613094851,65.81078582661314,103.67963815759376,Vegetative,Low
Wheat,Clay,15.655401359586055,70.78930427544915,65.31091561720149,182.30980966103462,Maturity,Low
Wheat,Silty,38.23456809359372,56.30292051708863,36.06684758759991,65.19030879088706,Maturity,Medium
Cotton,Silty,19.033002821086498,93.37021144992411,72.84814339384181,31.334426869503606,Flowering,Low
Groundnut,Sandy,29.031618479134526,85.55778470496581,82.03008178780793,141.74646651297294,Maturity,Low
Sugarcane,Clay,33.17690445538449,46.930308428236344,27.483876921645034,107.87088320137927,Flowering,High
Tomato,Clay,27.850554017065388,23.411490610420596,60.03974696933633,170.9171537618962,Seedling,Low
Potato,Silty,15.813199570086994,83.42197250862641,41.37078632822202,16.23184982494299,Fruiting,High
Rice,Loamy,38.50504507763726,88.34257327360035,89.16384954359016,168.73848068761336,Flowering,Medium
Rice,Silty,15.315396736249605,81.54705450642776,48.306625266534525,58.65893064176444,Vegetative,Low
Maize,Loamy,37.85669683132452,29.596245568982365,28.265613903755415,130.9711334336366,Vegetative,High
Groundnut,Clay,41.79913481364368,94.84363508092159,40.548610017746604,8.025757815651158,Fruiting,High
Wheat,Silty,27.985197631715167,39.39381661645804,62.3070711853301,121.91625926072014,Maturity,Low
Tomato,Sandy,31.066274192933946,74.31536846062775,16.087149707966102,143.4543378374672,Vegetative,Medium
Cotton,Silty,29.309501778529615,88.10261572517912,58.28815361769901,73.75004290112406,Flowering,Low
Wheat,Clay,26.676258558703164,37.67653357480321,84.49798073431184,43.08214105242805,Fruiting,Medium
Potato,Sandy,41.62273606111081,88.11939160077995,78.02902301262803,107.526135320709,Vegetative,Low
Groundnut,Sandy,41.818005320099715,43.21111843961502,15.41388293263867,166.63816088712932,Maturity,High
Potato,Loamy,25.074490939246036,93.23099167880422,89.47119029912545,64.70947165933016,Maturity,Low
Sugarcane,Sandy,33.452092620440936,41.094501528535595,65.89815389631033,50.49385950425591,Vegetative,Low
Cotton,Sandy,42.80722686437592,91.50768685683764,22.982465945121895,55.787061727537534,Fruiting,High
Sugarcane,Silty,43.86175496824055,24.015848816950616,10.99328713355388,189.8264305833329,Seedling,High
Maize,Clay,30.268771212661427,73.19540087523598,23.702610903372108,71.85538315291194,Vegetative,Medium
Potato,Loamy,28.5847441585298,59.90833503777528,77.05407365485908,0.720847977657435,Maturity,Low
Maize,Silty,23.360829477855773,55.840780784204796,11.7311459956131,156.33624159192394,Seedling,Medium
Rice,Sandy,43.7661561957123,36.762073569188004,28.651784289446923,139.85495906707803,Fruiting,High
Sugarcane,Sandy,19.28442913418602,72.9196842332369,70.58444762679002,25.713652920593777,Maturity,Low
Groundnut,Loamy,32.39488728143175,34.310711858473034,56.88884287185081,196.9808498269825,Fruiting,Medium
Potato,Clay,23.476508025559166,61.463134698857615,72.61885682881535,121.61245706102224,Vegetative,Low
Tomato,Loamy,23.3702487104339,38.99340222801881,69.69204030614304,100.15589818812029,Fruiting,Medium
Cotton,Silty,27.149057621285653,91.6716034836017,14.048110969744378,76.4438535245782,Maturity,Medium
Wheat,Loamy,44.96378807446963,22.14733953767396,81.40091352753213,179.7345511127276,Vegetative,Medium
Groundnut,Sandy,16.648989205194663,34.97962100834274,28.162546742581497,48.79269628371266,Maturity,High
Groundnut,Silty,32.356254546105944,38.17329547905858,54.2713952183811,57.153780043980376,Maturity,Medium
Maize,Sandy,17.477164741058317,51.055086932586235,61.543052522222304,24.48216133731338,Seedling,Low
Sugarcane,Clay,19.63562489971557,37.45476814025402,23.49025687080763,151.823819116852,Flowering,High
Potato,Sandy,28.18688825318696,56.851181770158895,88.09850053607795,119.10985608117066,Fruiting,Low
Potato,Sandy,30.31380394039324,85.43491424439043,49.052476486984716,121.81323385089966,Fruiting,Low
Rice,Loamy,22.76377225093572,73.40475660568781,14.611415647791475,43.694086203892724,Seedling,Medium
Rice,Sandy,24.493713926232488,63.49714854013333,84.98096358222723,130.23367782541678,Fruiting,Low
Cotton,Silty,17.60901060767799,26.675238348700972,56.901427455461445,153.09168944937278,Seedling,Low
Maize,Silty,24.096593515327516,72.04940812919567,65.93545583851011,71.57770614513785,Fruiting,Low
Groundnut,Clay,43.996753181416324,32.48107132332049,52.01406319473793,160.26942879234244,Fruiting,High
Potato,Silty,43.34122145017445,78.97755394712735,76.7790363821574,69.75811770640419,Maturity,Low
Tomato,Loamy,25.046348704109548,38.75425688826149,12.650676975456872,151.62769230185754,Seedling,High
Maize,Clay,32.12561808836285,51.27865462406757,31.470269222171822,6.746021491543797,Fruiting,High
Cotton,Silty,42.28786173332833,46.28526517384459,47.571868512215374,110.23292029473053,Flowering,Medium
Cotton,Loamy,15.1855146792269,84.41104360061426,16.128289305096803,193.9053121279773,Seedling,Medium
Maize,Silty,39.32050711012776,29.49083440350561,66.47253354613267,196.24892013647815,Seedling,Medium
Cotton,Silty,43.451086583667575,62.42336617885915,41.49307312445126,56.35051566834812,Seedling,Medium
Maize,Sandy,17.739772030006712,30.65462070822967,31.813439221451524,88.27981821607109,Maturity,Medium
Wheat,Silty,19.84343058098763,72.859687709914,10.270307744672982,12.59558159732661,Seedling,High
Maize,Silty,43.82238908314066,87.88085958458609,67.5864249399963,174.66826152091994,Maturity,Low
Sugarcane,Loamy,31.12620430921039,52.595574040044006,76.70474470982894,113.71443062804283,Flowering,Medium
Maize,Loamy,15.425899034151712,56.60691951987319,41.60324285451988,77.0201357881034,Vegetative,Low
Cotton,Sandy,22.728959962905876,89.55671273620717,55.13743816266924,22.554111697830614,Maturity,Low
Potato,Silty,28.49831022806579,59.07435414870179,28.214930074367874,189.35345709937783,Fruiting,Medium
Sugarcane,Sandy,35.787267330743035,56.56988285371707,59.77581170241065,106.04380956419874,Seedling,Low
Cotton,Silty,36.99481134410399,63.37468270282281,10.970996665216042,56.585585816580775,Vegetative,High
Rice,Clay,44.862645387763685,71.69223022722139,49.09151176790068,70.0430260263019,Maturity,Low
Rice,Clay,23.62533598151277,28.016253131527353,61.53643854725538,54.139436184429535,Fruiting,Medium
Potato,Sandy,31.146603056054257,81.5832895806137,83.45534185837872,120.36196177139612,Vegetative,Low
Potato,Sandy,30.99970643578815,52.66287705899445,40.506865369782744,185.99271515610198,Flowering,High
Sugarcane,Sandy,27.169357783417126,25.426138242311417,71.21521623848238,171.3387606653129,Maturity,Low
Wheat,Loamy,20.074856815272604,78.96370018986599,57.81496239548006,92.0761750851955,Maturity,Low
Potato,Loamy,44.323696895515276,48.27124787647041,84.16096903400644,165.29987246020156,Flowering,Medium
Rice,Loamy,40.59951559999758,27.527562132129045,41.87021405275445,84.62109625526597,Maturity,High
Maize,Sandy,29.949990848827117,67.53342796574378,35.52762718983904,50.4614281517276,Seedling,Low
Cotton,Silty,33.097362680520895,86.00985150752312,80.9713598955315,196.68302305328558,Maturity,Low
Rice,Clay,21.81783160678987,86.58151320604898,13.93955211266313,60.77751359416437,Seedling,Medium
Rice,Sandy,31.313612111752406,91.82476061067298,20.910831434694146,64.74484619738168,Maturity,Medium
Wheat,Loamy,35.84910399364428,85.0779094825016,16.592354766723556,197.93857355730444,Fruiting,High
Sugarcane,Loamy,30.455010851597663,20.16056895091064,77.4487965261122,26.785498633130977,Fruiting,High
Sugarcane,Sandy,44.70855511754824,48.51808748100427,10.848593869625551,152.106797601939,Vegetative,High
Groundnut,Sandy,33.340249687431786,81.39069349291273,78.93257243976385,187.1625516965453,Fruiting,Low
Wheat,Loamy,26.12921137776507,47.46897544988556,46.101423629701344,102.35899885508373,Flowering,Low
Maize,Silty,38.164560828475146,65.11613797847795,10.32202230831766,0.5043523405640071,Vegetative,High
Sugarcane,Loamy,20.113875347449262,65.4737710530899,42.131614176963346,75.01178882262126,Fruiting,Medium
Cotton,Loamy,26.535474411187998,47.37689780291173,24.94406728360285,22.313798476965417,Seedling,High
Potato,Sandy,25.408768511327576,87.83554454609657,59.952038997773045,83.23753218673914,Maturity,Low
Wheat,Silty,27.95421285323332,57.74212590395882,64.34870319373172,158.00535232845695,Fruiting,Low
Potato,Loamy,38.45339477786179,54.85881544531256,49.002205632399985,87.7423097767601,Seedling,Medium
Rice,Loamy,29.525190964902222,94.8135309246422,13.241562035173597,86.38502426918451,Vegetative,Medium
Cotton,Clay,38.82043350797888,57.01252730544625,62.49030434937615,111.35789538376932,Maturity,Low
Cotton,Sandy,32.29466709419597,33.37986889464358,77.3631026884417,116.33811694953604,Fruiting,Medium
Rice,Clay,25.26208303972666,58.480206714757855,67.62594218611213,171.25926175979427,Vegetative,Low
Wheat,Clay,39.29936231050417,81.05125516399475,76.39663351642548,61.6710878457903,Fruiting,Medium
Rice,Loamy,22.148690116592746,78.26452451737111,26.040761884070996,164.3342528736032,Vegetative,Medium
Potato,Sandy,21.731489393993865,79.14363238313533,81.11103517251861,113.18674973840945,Fruiting,Low
Groundnut,Silty,30.13508772164507,73.10178379984339,35.775476051837025,60.105909943429396,Seedling,Medium
Cotton,Loamy,22.82547737886267,39.06633718000162,11.072385140159282,59.02520880121542,Flowering,High
Tomato,Silty,15.27261104853649,84.65630643801735,77.47133170632566,72.2275034211449,Seedling,Low
Tomato,Silty,34.44892581896404,87.00825990321988,85.34570151717814,124.53864852399509,Maturity,Low
Potato,Sandy,30.33281464417194,34.56145224639118,62.4446557933879,46.16234627198983,Fruiting,High
Maize,Clay,28.365534434794835,29.784172741354546,28.51493043707397,184.06671233445348,Flowering,High
Sugarcane,Sandy,44.00905543854946,93.1703726441834,30.13955714260243,114.98251683558007,Flowering,High
Rice,Silty,32.135975518887406,85.12429727377759,47.32742987484956,184.00315539920135,Maturity,Low
Rice,Loamy,40.90294733368154,86.992711040746,81.82648636811356,9.28087171583094,Maturity,Medium
Maize,Silty,19.183507086154805,86.47822884682964,21.967812491804672,68.52227409229468,Flowering,Medium
Maize,Loamy,32.07619389388283,60.62651180252963,76.07789356667895,4.561532137524615,Maturity,Medium
Potato,Loamy,41.03938880192709,68.48013024993497,33.30422469641203,54.450363019593965,Maturity,Medium
Potato,Sandy,32.49317271839694,60.90221391002312,74.68689355432784,172.40129445371764,Fruiting,Low
Maize,Silty,36.54042534381004,23.840476189274682,83.62169580812309,7.32194316844017,Seedling,High
Cotton,Clay,26.16130703436622,75.91273140145795,44.19950975954562,87.22941998314897,Vegetative,Low
Potato,Silty,17.773485511112,57.89990250019102,39.204052328442465,23.513414094645558,Flowering,Medium
Groundnut,Silty,28.737008853812142,68.57818060926724,74.17770551770414,83.36813185207355,Vegetative,Low
Potato,Clay,26.834381725165727,57.697985373165146,52.358630590351524,167.77031685287545,Flowering,Low
Rice,Sandy,41.01180547136842,56.885849174184195,64.75592387705576,124.61420668050383,Flowering,Medium
Potato,Silty,22.319859070574168,32.88418321083251,59.82633895689436,147.35126906628463,Seedling,Low
Cotton,Silty,44.00202682605324,40.90352863558617,22.231107651583706,69.82082308991619,Flowering,High
Maize,Loamy,43.74414359413488,31.913951895796686,77.58322882316493,188.8795390020283,Flowering,High
Rice,Silty,22.42894929214316,34.674972171900684,25.662008913050897,141.85241875590003,Seedling,High
Potato,Clay,25.441558664319615,92.97330353152287,84.58257152566246,84.35976385690618,Maturity,Low
Cotton,Loamy,41.86667222621655,31.48350843291488,30.045703313771828,85.29296004541098,Vegetative,High
Groundnut,Sandy,43.99866662688322,40.19528182289058,68.71047786189935,183.73683558865952,Flowering,Medium
Potato,Loamy,28.30317308508132,64.29422433039387,32.772431479487366,115.28093868707836,Seedling,Low
Cotton,Clay,24.629911369226935,65.76339321774813,35.42283268694911,141.27584198060833,Flowering,Medium
Groundnut,Clay,30.78282039754626,31.54805973078718,34.800148222584426,83.40704490263415,Seedling,High
Maize,Loamy,35.63307619097205,79.52880693389093,69.83138032208666,44.738552952942825,Vegetative,Medium
Potato,Sandy,23.204235461249393,78.89021509346188,54.54520943755145,144.71185839888372,Fruiting,Low
Groundnut,Loamy,37.09419523857218,37.79882781529183,80.63619646779978,121.56475442827757,Maturity,Medium
Rice,Sandy,16.549720713439232,41.64997270065953,34.58981753632359,100.26857608495587,Fruiting,Medium
Maize,Loamy,16.478834782932495,90.34908990946228,65.35940176453954,124.80418799889277,Seedling,Low
Rice,Clay,26.588631154366357,81.92535844846086,70.23588797304885,41.65711721284673,Flowering,Low
Tomato,Silty,25.604195761821618,72.33477747968928,22.118569042396654,158.78774130639127,Maturity,Medium
Wheat,Silty,24.46899646101457,26.16749161329504,42.04714858558489,189.63256100406116,Vegetative,Medium
Potato,Sandy,29.7305928800673,51.369806067693176,48.62539954803289,178.22062883354056,Maturity,Low
Groundnut,Sandy,24.62200746934714,61.94764040576203,38.454991191549944,64.28714906140343,Flowering,Medium
Wheat,Sandy,20.767737554042757,34.05584659878327,35.76900767753105,81.20115465641517,Fruiting,High
Wheat,Clay,24.284086472658025,53.61699365811684,64.91359151981135,161.68045995951223,Seedling,Low
Groundnut,Loamy,44.247128184307044,65.07694081165175,27.269311812759085,119.02342616492076,Fruiting,High
Maize,Clay,27.333402509845456,44.55325100865494,66.75125962009031,109.58288873532985,Maturity,Low
Potato,Silty,28.34138330575007,78.57086142128654,84.80353571125845,185.32839350668903,Flowering,Low
Tomato,Sandy,32.2963496985342,83.03371862291041,55.21580169422009,107.20499219541016,Seedling,Low
Rice,Loamy,44.5002230524268,44.27071020755531,58.91473893915793,102.98773591746198,Flowering,Medium
Cotton,Silty,22.24803829307289,82.8992865869343,15.514616169927127,8.40371825327193,Flowering,High
Rice,Silty,35.43846331597301,27.768242457726124,79.15815228942625,13.883391718027527,Maturity,High
Cotton,Silty,36.47954080625172,82.82968239669923,32.835822975989245,1.4840615761300358,Fruiting,High
Rice,Clay,33.219732503791974,31.456282375071247,59.20409324228519,182.64884515672674,Flowering,Medium
Groundnut,Sandy,17.657350189099322,26.219536438229454,88.32897357958419,81.67733200354013,Flowering,Medium
Tomato,Silty,35.30616827482729,68.13315533307585,57.64020804582462,93.71227522668251,Flowering,Medium
Potato,Sandy,16.922841331085266,55.395302431647075,67.9767589971502,169.0773895184924,Seedling,Low
Cotton,Clay,32.88427948649691,88.09179503096246,45.62556945790015,121.84926207515558,Flowering,Low
Potato,Silty,37.187435316652284,47.23918970681369,14.829267481204589,121.90031927811621,Flowering,High
Potato,Clay,21.329096718598514,41.53641975782215,73.80794795918308,59.30688587096249,Maturity,Low
Potato,Clay,40.24866022628322,57.555117960814876,12.799907301118854,166.78167478490386,Flowering,High
Sugarcane,Sandy,15.910614165990127,54.1959639326496,66.05262631102832,33.16599520789876,Flowering,Medium
Maize,Silty,40.314385909749184,45.83210346628912,11.833725851970955,10.62991843458958,Maturity,High
Rice,Clay,28.80987151928295,72.03059740237464,78.98441892613364,38.320671503706464,Seedling,Low
Potato,Silty,21.527638197949337,76.96713754354312,22.61088286663845,53.54744375491294,Fruiting,Medium
Rice,Sandy,19.01334434981904,83.97379767726025,51.14171963540409,56.46221157084135,Maturity,Low
Potato,Clay,43.599215027471175,92.96424535327571,57.77205635865179,134.10271972375352,Seedling,Low
Cotton,Sandy,17.1799676274347,39.999214409937835,46.603632589872966,43.564917465728705,Fruiting,Medium
Maize,Silty,20.97280259807777,73.70701118674711,37.261079147910976,135.33166089899692,Flowering,Medium
Maize,Silty,25.43467042299138,49.569367662180895,47.42514369447774,18.226434646759948,Maturity,Medium
Groundnut,Sandy,33.60704546883362,70.78114789633311,34.913260310492696,29.440492219581806,Flowering,High
Sugarcane,Loamy,31.34403255828295,55.698626776191524,45.04978776646905,101.764289698199,Maturity,Low
Groundnut,Clay,18.76930477236942,94.53298270759487,38.71303927984245,184.37916051532852,Fruiting,Medium
Groundnut,Silty,23.691839512146437,74.66766018430624,55.29638588057162,171.9135177622228,Seedling,Low
Groundnut,Silty,22.162553132580722,91.43684753257433,29.033932979598678,193.75068848856063,Maturity,Medium
Groundnut,Clay,21.40628563471024,82.62271621108893,89.092524393121,130.09581305563418,Seedling,Low
Groundnut,Sandy,27.33433009439961,87.71757583725282,50.06959627057324,135.1629732832184,Flowering,Low
Tomato,Sandy,36.120943577749706,81.08143979110062,25.53296619316077,125.00459978629841,Flowering,High
Maize,Sandy,21.523587966517077,54.436934778193354,48.1653399653818,124.56378457163946,Fruiting,Low
Groundnut,Loamy,26.000366391089443,38.88413400101633,79.31321036198594,29.424069013516927,Fruiting,Medium
Potato,Loamy,26.72752280523487,47.77401315878917,11.744543449951648,108.74779123278573,Vegetative,Medium
Maize,Silty,44.293695883062306,21.517717447996283,64.36432952858311,77.21358669034515,Vegetative,Medium
Maize,Sandy,43.63999070637207,59.299487559850036,53.83742374351424,88.50744315545869,Fruiting,Medium
Wheat,Clay,39.00412748256228,57.87933502028065,23.564639549610842,104.72011461184746,Flowering,High
Tomato,Silty,22.249767624575554,59.393784862286616,75.39811514439366,25.67923436045032,Seedling,Low
Groundnut,Clay,17.04111942275009,93.05234187290479,39.51076978992045,71.89754677042397,Fruiting,Medium
Rice,Silty,24.507124131618742,88.35905025911295,33.5041623052406,12.689912175320718,Seedling,Medium
Cotton,Loamy,23.003836483014926,32.1284583747581,76.25001534855208,195.9336260844798,Vegetative,Low
Sugarcane,Silty,30.177774004391814,47.66618911669169,61.08200369533317,23.70560576402523,Seedling,Medium
Potato,Loamy,38.33183730203379,51.796713459744645,81.86072669398595,51.7049477089909,Fruiting,Medium
Rice,Silty,40.74968816636574,47.03996883887358,60.39069629369595,178.25858534067945,Flowering,Medium
Tomato,Sandy,40.34592256231525,79.88719727029348,69.26541263456923,96.54200924782836,Fruiting,Medium
Cotton,Clay,25.790266836692034,59.30282524006902,76.91567170076902,27.12744030412606,Maturity,Low
Tomato,Sandy,35.617030303820485,62.90748627287188,14.379170872794953,76.84610760786978,Maturity,High
Potato,Silty,24.3850259257266,83.97601692409441,72.08391670955042,23.173598838277165,Maturity,Low
Maize,Silty,16.82716629705548,80.44461150615189,59.09651854796614,40.04319941690036,Flowering,Low
Cotton,Silty,36.046957968088265,29.915864211522475,15.560623721215459,10.405969389969005,Fruiting,High
Maize,Loamy,15.294826577093636,73.54359380627257,50.686233749497205,87.64549890981999,Maturity,Low
Potato,Clay,27.275477623754657,52.65770966765267,16.59664623871631,161.32722434505195,Fruiting,High
Rice,Clay,24.881378079062273,42.098667729687534,68.8757761378578,117.19383573997911,Vegetative,Low
Potato,Silty,35.801326155565576,23.751411567663975,53.720137111830645,121.26906109692234,Maturity,Medium
Rice,Silty,37.98736418281137,56.543717025908826,86.28588299298379,40.11680601664806,Maturity,Medium
Cotton,Loamy,24.122839079138515,46.657751054339855,24.650829725741588,68.7787686504733,Flowering,High
Cotton,Sandy,39.348810433345605,38.86347797573006,58.48267620163028,169.0484207681664,Fruiting,High
Groundnut,Sandy,23.81750281514801,72.10037971977181,26.92657076563931,17.571236865302907,Flowering,High
Tomato,Clay,28.389790799596838,77.71140404866902,59.125198778191866,171.58613073370674,Flowering,Low
Groundnut,Loamy,36.81055581042402,38.35921392720686,67.81197618886851,96.73800525295712,Fruiting,High
Tomato,Silty,35.78760687674365,23.708557750951044,67.7843463463631,167.42948626502346,Vegetative,Medium
Groundnut,Clay,44.621054169366005,83.65645254239263,75.20591925460879,63.60128387888007,Fruiting,Medium
Maize,Loamy,21.754830726477955,20.74698059032275,78.28401823666533,67.76859031660416,Vegetative,Low
Cotton,Sandy,34.869537406187476,90.2834370441104,16.181738101374165,150.32097366462855,Flowering,High
Rice,Loamy,33.29045724827332,67.07149054870294,37.461372565792324,156.99923467844403,Vegetative,Medium
Tomato,Sandy,42.4529536347009,44.13849764009902,64.96980162878445,45.928935598029355,Vegetative,Medium
Potato,Loamy,19.69086424934625,38.48584321825521,49.88690299129697,194.57426496438111,Vegetative,Low
Tomato,Clay,37.553944907607985,20.675424819835644,25.25407574038332,16.89802084896579,Maturity,High
Rice,Sandy,32.04805848806305,37.660356275815786,54.21676561333584,13.700592620426178,Maturity,High
Groundnut,Clay,23.23997609363716,30.32962261378558,42.594852221291504,119.10084305722054,Flowering,High
Tomato,Clay,29.233047424415222,65.91246655423592,41.203062212344406,144.5481535543243,Fruiting,Medium
Sugarcane,Sandy,25.013297912093932,32.4909191445351,74.78029739485311,192.17722584499478,Vegetative,Low
Maize,Sandy,32.37940208365383,59.64723781524645,42.6078667065745,80.9891561597723,Maturity,Medium
Cotton,Silty,41.67001832443998,64.25873167583532,12.116360438433933,5.058281797926623,Fruiting,High
Rice,Silty,32.07914953236606,42.35312737601859,14.645067111287302,120.5792678892814,Vegetative,High
Cotton,Silty,33.95167254979752,22.629871176403903,78.49952333532963,57.93920411975437,Fruiting,Medium
Sugarcane,Clay,30.562435413441285,22.794041046064706,86.8480648010017,86.58942423908044,Seedling,Medium
Tomato,Clay,16.53496519336428,21.97604991454382,65.07274691645661,97.69389644998705,Vegetative,Low
Tomato,Silty,21.985756706282828,75.43435003524097,39.149463528006414,12.902522147606765,Fruiting,High
Potato,Clay,29.760051882962482,43.85072786107236,85.0880252635782,97.19635691282056,Vegetative,Low
Sugarcane,Clay,24.307058512341143,79.72251394757477,63.024246910058864,85.26393336086295,Vegetative,Low
Rice,Sandy,20.452907932835828,52.379961788213684,77.54668393594702,142.50885305731865,Seedling,Low
Potato,Sandy,30.12398525755315,53.97485756224729,71.26818432296075,129.13318224246893,Fruiting,Medium
Maize,Clay,24.68429380343551,58.46619518821803,40.33114526180739,37.043143630112205,Flowering,Medium
Potato,Silty,22.74322929520244,73.4773592281328,48.29617606806284,41.227783642079395,Maturity,Low
Wheat,Loamy,28.919562523211425,40.512714937228026,24.890572349447957,50.20123575487465,Vegetative,Medium
Rice,Silty,18.998527742465193,29.119051215014515,33.36112803525872,35.79008805943546,Vegetative,High
Wheat,Loamy,42.83237199226222,61.70430013935961,72.25005290292174,131.44263993369344,Vegetative,Low
Sugarcane,Silty,41.031062937577175,44.52332174320544,81.51827135064866,198.88603584005412,Vegetative,Medium
Groundnut,Sandy,36.22861757221606,53.1868485251028,67.95683386011294,130.42166810318733,Maturity,Medium
Wheat,Clay,18.186414827653685,68.52100312529791,47.213895732531064,121.33630923825824,Flowering,Low
Maize,Clay,38.27631763409079,57.059430585595294,16.920741515179802,81.98558667021449,Seedling,High
Potato,Sandy,39.23871984327057,66.52091128256322,14.555835895875857,62.51605177195214,Flowering,High
Groundnut,Loamy,38.03293853143013,60.81500015852209,39.94604516902831,182.21475138129583,Maturity,Medium
Potato,Loamy,18.418976613577236,75.48472789520744,47.105737501413046,193.8003748284306,Fruiting,Low
Wheat,Loamy,34.317238712032946,72.9452463283715,58.72964977706375,99.35523511754556,Seedling,Low
Potato,Sandy,40.02974387248196,60.06424188564644,10.519161710959777,58.04009910131149,Seedling,High
Sugarcane,Loamy,32.32060203659003,70.91772656447802,89.1778312373045,154.02444153395354,Fruiting,Low
Groundnut,Sandy,34.392221256842674,85.51697017044596,39.11511067232343,26.49135817337569,Vegetative,Medium
Sugarcane,Silty,28.750904382789187,52.42034658411264,77.84757310408972,153.1176475287363,Maturity,Low
Wheat,Silty,30.86121959652158,50.95723045615952,52.79733645323235,163.78967486226773,Fruiting,Medium
Sugarcane,Sandy,16.031305750551756,77.31842156392851,20.43515636266772,24.980788925433473,Flowering,High
Maize,Clay,34.16889065919854,63.69153777814955,73.80524420276174,195.37229375931275,Flowering,Low
Wheat,Silty,17.443416386734775,25.325508516694143,66.78616599359009,197.10245807769567,Fruiting,Medium
Wheat,Loamy,28.050437830206704,86.9084011768311,52.19488679433824,187.34389586547024,Maturity,Low
Wheat,Sandy,23.779652930022234,22.30873266782301,51.1642473067024,99.20696188125287,Seedling,Low
Rice,Loamy,31.36283850635139,76.12972671573073,16.998368460074246,49.21482845536569,Seedling,High
Potato,Loamy,19.002490065696215,76.90956070282347,62.46791588590993,116.4018561763826,Vegetative,Low
Rice,Clay,35.74930205919955,91.48333139614478,82.89961246034397,83.98676769428715,Maturity,Low
Rice,Loamy,38.85034610785411,24.060080630174056,17.45959353770867,41.18972894343942,Flowering,High
Maize,Clay,19.900633492294695,64.76426455883683,31.080916051912393,84.73528192356952,Flowering,Medium
Groundnut,Silty,18.129392620556466,52.08804279702897,82.1846378753679,132.7779671355181,Vegetative,Low
Potato,Sandy,19.365464483620777,44.79747161446565,32.74751278558347,14.182662157198212,Flowering,High
Sugarcane,Loamy,41.31382685695505,26.773892022430477,62.315493774394106,66.6836002892033,Vegetative,Medium
Tomato,Sandy,30.845677852690685,62.19905897534819,52.78545319545153,3.5589780025650386,Vegetative,Medium
Wheat,Loamy,29.01782988022508,55.928054425596024,57.70620840030897,149.89910109233512,Fruiting,Low
Sugarcane,Sandy,18.201354573070628,27.84158436132682,43.263112126180246,128.13825352334015,Seedling,Medium
Wheat,Loamy,34.486680202708854,65.93671303228126,33.99931764429689,12.534426940393173,Maturity,High
Maize,Loamy,41.039987756852696,75.34648401897039,13.882676058373518,192.94751192039357,Maturity,High
Wheat,Loamy,39.84557607970359,77.54587257902361,69.54247514353312,4.5243114254201355,Seedling,Medium
Rice,Loamy,33.78164126942404,87.90298911968206,69.68747697553815,117.99212929521772,Maturity,Low
Potato,Loamy,17.258361499550208,50.710305641658294,63.65805920629786,155.27349235981117,Flowering,Low
Tomato,Loamy,18.371910815280387,91.48045764666027,61.490703049569646,157.5792626089446,Flowering,Low
Cotton,Loamy,16.47926961329474,84.90720538120145,29.497370573402097,6.857027118640757,Maturity,High
Wheat,Loamy,22.724376494774077,42.23761782679543,11.787594701303297,181.28302652808785,Fruiting,High
Sugarcane,Loamy,19.06984401481133,31.946227801209385,74.69723175083517,183.69033438542445,Maturity,Low
Rice,Sandy,22.801441207573017,52.654204709601004,49.29108285566615,112.27807463087454,Vegetative,Low
Cotton,Clay,26.55174167156885,50.14240309669749,34.54705045620947,96.41663977742922,Vegetative,Medium
Tomato,Loamy,43.28948352213407,63.178947899840324,18.154552542445607,8.973492612519962,Seedling,High
Cotton,Clay,33.31128179345076,63.7539674245811,15.017727272111072,112.39082850197373,Flowering,High
Rice,Loamy,40.049213570488874,76.24902382849814,37.90933774361419,81.87581635404615,Fruiting,High
Potato,Loamy,36.31054502136997,58.24174611542076,74.37896518135524,154.5612814817312,Maturity,Low
Potato,Sandy,18.375093915798953,27.861698070557416,83.49789994670644,80.77671337721756,Vegetative,Low
Groundnut,Silty,37.07761219121846,84.37185016648296,81.74010916904518,136.71616666494197,Flowering,Medium
Potato,Silty,23.252966446773733,43.23234373888903,83.6000667799724,20.28162924750616,Flowering,Medium
Groundnut,Sandy,34.17323540984119,92.84730952299441,82.61802745034741,26.590454153193388,Fruiting,Medium
Cotton,Clay,25.228859209289656,28.83950815098276,52.17798012803166,27.94203812983167,Fruiting,Medium
Maize,Silty,44.930167897939775,91.86883791743774,27.553251084552308,9.105099959948703,Fruiting,High
Sugarcane,Sandy,22.906544384903334,26.825885516188773,73.84372662694562,108.26577185396076,Fruiting,Medium
Sugarcane,Sandy,23.37391412322809,37.32771034602946,27.09703798820632,158.79354520872718,Vegetative,High
Cotton,Silty,42.92016766687195,23.49349565649062,31.376582140525528,122.08224073873322,Fruiting,High
Wheat,Clay,15.73933213908968,72.88348599792462,28.660345745803877,114.99097711057125,Flowering,Medium
Wheat,Sandy,35.90066963619591,83.77240524288439,51.19859229566447,136.1247856805473,Flowering,Medium
Potato,Loamy,36.75979172207634,52.55533113619853,35.746200653526394,67.92906461440296,Maturity,High
Sugarcane,Clay,40.09135732231198,89.63915562818222,22.33248397002732,72.39081432964578,Flowering,High
Sugarcane,Clay,44.23317931915426,64.27243038166998,46.25387295151059,62.85401964418451,Flowering,Medium
Groundnut,Silty,44.26805757469957,67.25053515848924,79.91257910281335,142.4217865707151,Vegetative,Low
Maize,Silty,16.958302726993917,83.40644012755774,55.64422839599778,32.32806713415486,Flowering,Low
Rice,Loamy,39.655179682587075,42.260015378887914,80.26684847100697,2.605056062584876,Seedling,High
Wheat,Sandy,34.38929800972144,46.56992909957194,25.66977480633099,119.23928934449847,Flowering,High
Sugarcane,Silty,34.42026403119274,87.94639393959832,23.35790989380432,188.47627294684108,Maturity,Medium
Groundnut,Silty,18.850497798440845,87.57226220290728,56.04617005587362,121.88158339926093,Maturity,Low
Tomato,Clay,34.505614993369605,93.23620821506532,47.06631212370184,156.58433058817903,Fruiting,Low
Groundnut,Silty,44.47447741803744,87.63787373312533,62.813811331756554,134.55814189320603,Vegetative,Low
Wheat,Silty,42.354557086183405,29.552902702502067,73.57014328214252,99.48733070460325,Maturity,Medium
Wheat,Silty,28.173919824145514,81.77932146027405,70.10458365217411,143.6784803567692,Seedling,Low
Groundnut,Silty,16.19843919858283,50.737885858219556,85.3808938926849,164.82082477104436,Seedling,Low
Rice,Clay,25.868804700006145,94.31010169594533,41.86051273256092,44.946328834339596,Fruiting,Medium
Cotton,Loamy,39.79170934801665,55.42107232466008,26.510939379854463,67.2260960966291,Vegetative,High
Wheat,Loamy,36.04497304395498,61.537706187666544,54.07301119583086,44.74514650065677,Vegetative,Medium
Groundnut,Sandy,28.780309667818692,59.73311864425989,18.85944961529485,90.4345911180882,Flowering,Medium
Sugarcane,Silty,16.653046054764932,44.130277239370834,33.10808986653051,177.0129101833335,Seedling,Medium
Groundnut,Clay,27.806841834699078,25.626656666968863,26.631044421051556,69.04142016706646,Seedling,High
Maize,Sandy,29.070748191536506,87.17384228014389,41.72509734376647,74.89337782611068,Seedling,Low
Cotton,Sandy,42.85666598682408,80.20068593947151,18.89732600017723,172.07344693438637,Seedling,High
Tomato,Loamy,34.232583107464784,30.464508541975196,12.547339563847828,103.07486614893504,Maturity,High
Rice,Clay,24.34958749963947,78.25762035125547,62.54352037040255,107.08979992948689,Vegetative,Low
Potato,Clay,30.75954793352164,66.93849995379574,58.81991826318439,172.16024066644258,Flowering,Low
Tomato,Clay,16.981659234664804,50.68578409382167,66.66871488309289,98.10534740509465,Maturity,Low
Cotton,Loamy,44.177047069492104,39.051586182167206,62.830915221707514,136.31150692587906,Vegetative,Medium
Cotton,Loamy,25.80179705792178,84.47965876266744,19.14357449139068,17.128933174812143,Fruiting,High
Cotton,Loamy,29.336020647394072,72.51411944705399,33.286310510051706,35.72634262537706,Seedling,Medium
Tomato,Loamy,25.65851922710768,61.08049321018527,20.362128792028187,80.87524014324912,Flowering,Medium
Sugarcane,Loamy,35.475351903486,65.7176400423848,77.43779216388505,98.96781356397497,Vegetative,Low
Cotton,Silty,34.86696474988779,26.829963656163574,69.75229242844186,193.1467402472459,Fruiting,Medium
Groundnut,Silty,36.459669315874066,55.543982068339396,26.122160233459397,194.130326609558,Seedling,High
Tomato,Clay,23.044296888357625,34.52752195892765,37.30473923919148,170.23941749575232,Fruiting,High
Potato,Sandy,24.47005443492198,35.628775925661905,87.32919938113713,63.119767057114906,Fruiting,Medium
Cotton,Clay,18.75753693288624,69.597797171515,57.53274863037212,192.80565816648794,Maturity,Low
Groundnut,Sandy,34.66529915538338,88.3442113875716,74.09244778409258,137.8681729352425,Fruiting,Low
Sugarcane,Loamy,16.193913820069575,50.28174578587599,31.16728278149833,78.58802556348007,Maturity,Medium
Maize,Sandy,32.93047006570377,35.58119547591428,26.80423361434442,140.33498339695328,Maturity,High
Sugarcane,Clay,41.090876545549015,68.65602029274908,72.71335430772388,3.304545957305316,Fruiting,High
Potato,Clay,41.72496444868901,85.33902847627382,64.86979641851521,29.230936454842716,Vegetative,Medium
Cotton,Sandy,28.47113281109885,76.1239100841868,64.4782343369411,165.93714231127353,Fruiting,Low
Potato,Silty,28.779110646392212,85.15679229024404,54.21076654633551,129.11472737463424,Fruiting,Low
Tomato,Loamy,17.30907549024052,60.24160032580995,55.08626742212391,72.83894025837681,Vegetative,Low
Wheat,Loamy,35.12295076329107,76.39071832768931,68.8558004245003,100.13332804454376,Seedling,Low
Cotton,Clay,39.637782611185365,30.504841951920234,31.60019848969562,181.0284299291534,Flowering,High
Wheat,Silty,22.33965163814139,46.12059615223936,38.22147726855646,126.31562189581732,Seedling,Medium
Groundnut,Sandy,27.639026449000937,49.21618733611418,79.7309416416044,79.62985678686604,Fruiting,Low
Maize,Loamy,40.16518010295811,58.34718096845259,34.709216080972624,24.065331479507,Seedling,High
Rice,Silty,41.313614029868646,89.68072701926178,53.70476571034392,58.7493603251122,Flowering,Medium
Potato,Loamy,22.29539940792678,85.57224201666307,66.21115712053472,195.66804655931668,Seedling,Low
Sugarcane,Silty,31.517119036240928,30.08941192168884,89.99398614665412,87.4726125703555,Flowering,Medium
Maize,Silty,20.77479451907481,32.95922389118474,44.823306519626556,94.36789276897217,Seedling,Medium
Cotton,Clay,18.056362924186697,46.823041219168346,44.2474301299955,99.71960647940308,Maturity,Medium
Wheat,Loamy,42.333615041758726,41.80578994180054,77.4070703546934,176.82080458964222,Fruiting,Medium
Sugarcane,Sandy,39.615225126963274,66.10782148671967,74.44024890078906,120.78565687706198,Flowering,Medium
Wheat,Clay,37.80104705409522,87.70820358234087,68.48607053876388,138.73540729038442,Fruiting,Medium
Tomato,Clay,16.462989564394213,92.17186562544401,47.05837099272231,77.8827085098208,Maturity,Low
Wheat,Sandy,40.31186378130772,69.020221440142,35.915129612857264,5.81752371779487,Seedling,High
Tomato,Clay,28.141322277161514,82.8619401050815,58.69843860678789,186.19458284856887,Fruiting,Low
Groundnut,Silty,25.271853698875788,59.39016501730978,80.09786345053128,189.8255361832813,Seedling,Low
Sugarcane,Silty,31.394290830761292,35.624521014502974,80.70219665668692,189.83061066961022,Seedling,Medium
Sugarcane,Loamy,17.740597281706677,59.3516309070108,18.679867605635074,188.73741732934332,Fruiting,Medium
Rice,Loamy,37.69939648057196,61.631195107823835,44.268022705052054,163.0483882139122,Flowering,High
Cotton,Sandy,32.47305230664888,75.68431731601675,47.177756495899956,136.91921002326538,Flowering,Low
Tomato,Loamy,20.597702906195025,36.49122422805118,88.20922940190026,168.9019836534571,Fruiting,Medium
Rice,Silty,20.64696599307137,47.62327865650488,64.23984121940677,120.10924780020724,Flowering,Low
Wheat,Sandy,20.52745954718023,47.30206019109247,42.57971338096564,26.873922778404726,Vegetative,Medium
Wheat,Sandy,16.71007162655802,91.95796968058737,12.08463087884744,78.2436330082842,Seedling,Medium
Rice,Loamy,32.63395348115054,53.29587202450392,55.23081280793568,194.2589823945875,Fruiting,Medium
Sugarcane,Silty,40.21044532765524,76.63204754736098,17.686078051068492,70.22756271913127,Maturity,High
Wheat,Sandy,15.524946419621658,76.31085360308293,76.75599658782104,173.5655827462739,Fruiting,Low
Potato,Silty,16.470139349138208,39.915813860243105,70.20149284562896,18.642294154973914,Fruiting,High
Groundnut,Silty,32.183108300608374,62.89022670287991,46.8407327926543,66.83676847509392,Seedling,Low
Groundnut,Silty,39.58487056158157,87.07271699889861,44.33686236333598,70.19066494547592,Maturity,Medium
Potato,Loamy,24.80216671705901,55.639828959271206,81.78711724550149,10.320508621796032,Seedling,Low
Rice,Clay,25.488431964231665,90.88381305069096,33.076668033450275,23.818866037350993,Flowering,Medium
Potato,Clay,32.890394924903276,36.08436719931212,29.921596968541664,38.6330422243542,Fruiting,High
Tomato,Sandy,23.22638667372441,25.561932933052304,85.13579462606097,167.5631181620226,Seedling,Low
Tomato,Silty,15.798250982330524,86.8590404858562,74.73966694027861,12.680397987961278,Vegetative,Low
Rice,Loamy,37.05685554304788,83.57608984716624,75.65004744537558,59.74018026887744,Fruiting,Medium
Potato,Silty,33.76949738824359,94.44424069503836,25.615505142074042,2.0350005178535024,Flowering,High
Tomato,Silty,32.42267997166977,70.95451160843196,21.463679314474753,139.12554908060494,Seedling,Medium
Sugarcane,Loamy,37.250523869754694,90.25159450003622,12.082363985370792,124.06061800867596,Seedling,High
Potato,Clay,35.25692512686113,82.02117688130832,28.963320713494404,128.99645241062836,Vegetative,High
Sugarcane,Silty,21.176459645349635,83.33197498400651,71.93523933714599,74.87655694292374,Flowering,Low
Tomato,Silty,25.574431408300534,62.68561778407012,29.203073501131982,41.65356425351381,Vegetative,Medium
Groundnut,Clay,18.78330425035875,48.67734484375332,68.3282626875901,144.06404265720667,Fruiting,Low
Tomato,Loamy,18.89571040253643,90.09185544074613,30.152661229393722,162.22357454813903,Maturity,Low
Sugarcane,Sandy,35.28587239069618,52.408788171192086,41.623399836053736,27.720299619640354,Seedling,High
Maize,Clay,40.75800320947495,60.411452543725176,88.65298319291267,97.36588558748427,Vegetative,Low
Cotton,Sandy,43.881977515834166,53.45857303438908,29.584938502730846,49.7431363957725,Seedling,High
Wheat,Sandy,33.85041352648334,62.361373547014786,40.10965018386141,33.621372241226744,Seedling,Medium
Potato,Clay,20.52303970082871,55.28788092442454,34.086974437217094,146.86506269899982,Vegetative,Low
Maize,Silty,18.16951036346792,23.59756689346069,18.769998906400183,107.6193870945674,Seedling,High
Tomato,Sandy,39.38552914610273,86.1536139505774,49.191531370465995,43.237066475733556,Flowering,Medium
Groundnut,Sandy,32.36269429079998,53.329536418682736,40.295253066640186,62.000002242309016,Flowering,High
Rice,Loamy,33.5485506304116,64.17077363805114,65.59096686458241,193.33073426554847,Maturity,Low
Tomato,Silty,38.44386266264128,30.43908520684903,75.4075637561237,169.73591294171132,Flowering,High
Groundnut,Sandy,36.09831683197355,20.254088598697937,53.53997715965108,175.98934857462567,Vegetative,Medium
Cotton,Loamy,40.0337475856829,38.396757023273224,12.575713766986949,92.0024194161416,Flowering,High
Tomato,Silty,16.686417163796353,72.84395241000126,59.51378849877773,124.761452784175,Maturity,Low
Sugarcane,Clay,37.425619102395146,27.439589758465896,14.431258401675136,75.35354804088232,Fruiting,High
Rice,Clay,40.525582719662864,88.1665580289851,59.308505887921996,15.542395137778108,Fruiting,High
Groundnut,Loamy,23.58405127374943,36.12669270171384,64.80239594153508,80.2138621313565,Vegetative,Low
Groundnut,Clay,34.21341821979759,35.344521071883186,25.821410209401474,118.79615064142894,Maturity,High
Groundnut,Sandy,24.42486191510916,33.613097121612164,75.54769189774169,57.42885415362628,Flowering,Medium
Cotton,Silty,43.739131994473624,21.048628472852357,82.88681052592389,169.59011494548315,Maturity,Medium
Tomato,Sandy,16.00270717306511,77.8854101358676,75.04695712910558,30.220031834919723,Seedling,Low
Cotton,Sandy,32.39378531498865,85.62758984339439,34.408735216966576,73.42581788738399,Maturity,Medium
Potato,Clay,19.99510641148545,66.06220269621491,56.93144099565075,24.980781064840585,Flowering,Low
Wheat,Sandy,36.366606155314756,34.11499862598967,83.18521193529821,80.96642679704506,Vegetative,Medium
Wheat,Clay,20.276708502559863,41.39584977056598,35.65317809782799,7.93226099485409,Seedling,High
Potato,Silty,22.061497856950727,55.69450230237225,75.602225781234,54.50987901232909,Maturity,Low
Tomato,Silty,29.83112433137274,91.57594637174756,10.758010500935722,80.14705102273673,Fruiting,Medium
Sugarcane,Sandy,42.44504849990634,38.55135288633071,10.291736222774102,95.63307265533831,Flowering,High
Cotton,Loamy,21.351431164439127,74.8734427939916,70.77693282711739,108.73927169502838,Vegetative,Low
Rice,Clay,19.327200633543107,52.95861674696902,70.91580657016969,54.998225957983784,Flowering,Low
Groundnut,Clay,37.76930495562092,42.33855112700164,73.1181750281835,104.60826692297447,Maturity,Medium
Groundnut,Sandy,30.01858597001793,54.19369527665853,84.40214703105299,101.80092431241196,Vegetative,Low
Tomato,Clay,42.353553371453145,25.34050381559244,19.43250494562274,63.23561017524169,Fruiting,High
Sugarcane,Clay,19.398436714795267,79.90155281977718,28.55879879869507,166.04006613129565,Seedling,Medium
Wheat,Loamy,34.37783679069118,38.24764459872253,82.29799362990461,109.12822531871302,Maturity,Medium
Wheat,Loamy,21.986374384554452,74.40590923947278,24.178895821788274,66.45394374930899,Vegetative,Medium
Groundnut,Sandy,19.70281285954918,25.126127858614602,64.57834140612673,189.4677024161553,Seedling,Low
Tomato,Loamy,35.50288245471812,91.63239171242645,52.43704000326523,169.02248261423222,Vegetative,Low
Cotton,Sandy,32.810538597261996,34.4761239054274,16.65549414812058,196.51756231036018,Maturity,High
Wheat,Silty,37.64482375086993,86.20565571553104,32.82109295532263,138.44677492908414,Vegetative,Medium
Cotton,Sandy,24.283877293385473,80.71049072115758,51.62977731527743,75.64458110120937,Fruiting,Low
Sugarcane,Silty,28.439149691465698,92.5894943061062,78.18800933470672,56.172133335802464,Vegetative,Low
Wheat,Sandy,27.164150289912556,55.84179957093122,66.6030791691739,132.6635687348962,Maturity,Low
Wheat,Clay,44.522683918995426,74.55479703844637,59.75065291639464,196.16331649906073,Vegetative,Low
Maize,Loamy,23.767468702181638,47.8032992778338,49.682631195313185,125.34301602076977,Seedling,Low
Wheat,Silty,23.844517150403007,33.82761785147704,33.89471870513074,176.32298819796765,Seedling,Medium
Potato,Sandy,25.636446264858222,53.23069497000866,19.539592905540893,65.82068620955373,Flowering,High
Rice,Loamy,31.937822438709645,32.431176154134114,42.72608276528764,81.39075649485112,Flowering,High
Potato,Sandy,22.569682327912357,93.6533467089788,12.281479512903406,181.25504791787066,Fruiting,Medium
Tomato,Loamy,42.45869821137822,27.218486835553726,26.884471141348047,151.37334039156377,Seedling,High
Tomato,Loamy,22.970566945987905,64.19087925894652,44.59867006981278,196.28206407358115,Flowering,Medium
Cotton,Sandy,41.87447194680584,66.98478914405419,43.488414853753206,154.9528419464484,Vegetative,Medium
Potato,Silty,18.10425190939754,60.35596571555407,13.543634479759392,89.70314144364635,Fruiting,Medium
Potato,Silty,34.696881071989566,69.66394142838752,57.1248122820233,106.21360396447261,Maturity,Low
Potato,Clay,42.209565553147314,28.713558125891822,53.9747404682589,180.10309849262734,Flowering,High
Sugarcane,Loamy,20.062483151946886,61.62638931539683,16.248344321673027,110.32934721960959,Flowering,Medium
Wheat,Clay,44.04980880297765,41.54094283455211,85.45304419683515,51.07947483288904,Seedling,Medium
Rice,Clay,28.586500812465353,90.51320474757925,17.95062231606881,87.12396255398988,Fruiting,Medium
Cotton,Sandy,43.37145325323073,77.15537400797942,78.38673209898688,103.26319776982358,Seedling,Low
Potato,Sandy,35.30460130890141,92.9385861619807,10.024778553200475,19.343966710225914,Seedling,High
Potato,Sandy,24.047606096206547,22.816705230514216,80.58248760363065,148.75253485057806,Fruiting,Medium
Maize,Loamy,20.649075747513194,41.384988138553155,11.577578576345005,21.8707866709946,Vegetative,High
Cotton,Sandy,24.11205138675298,34.656693997876175,70.62496255136928,80.98354267376114,Flowering,Medium
Potato,Sandy,17.79052227788025,20.836594048387287,38.93526490402024,160.9244883080809,Seedling,Medium
Cotton,Loamy,19.316038990299894,38.174429768474106,69.05734401090558,93.51407232265939,Flowering,Medium
Wheat,Loamy,18.139813210394436,70.90819876403216,42.13961643399828,168.40310394370158,Fruiting,Medium
Maize,Silty,27.68830631224673,37.331669160092645,15.672633786547339,68.37626441122299,Vegetative,High
Cotton,Sandy,38.867351287727594,58.17525841119637,71.40053563162913,191.52725879968708,Maturity,Low
Rice,Sandy,19.241506626490207,86.5863586223749,15.700214825709198,41.89368636104711,Vegetative,Medium
Rice,Sandy,18.909612995170075,72.03184402618064,83.76963487689744,7.6528289978602615,Fruiting,Medium
Tomato,Silty,34.30286848551992,49.5971802429524,14.07792286333291,174.48530859808372,Vegetative,High
Maize,Sandy,20.91548945904199,47.93517041840812,48.346022221721235,150.44054319008166,Maturity,Low
Maize,Silty,17.92830114326975,54.18018605063636,67.84275446806365,46.396767413474564,Seedling,Low
Tomato,Clay,20.00545734616733,33.27810807949298,41.45971718336302,196.94832142733478,Vegetative,Medium
Cotton,Silty,42.711941876303285,67.5500575561991,27.378677967394776,100.45602585370557,Fruiting,High
Maize,Clay,39.644137583285726,47.31146143284541,70.72727691168217,190.2130880288327,Vegetative,Medium
Rice,Sandy,25.621936870652824,83.92740119465327,72.74357638309812,101.00575427739986,Maturity,Low
Rice,Clay,34.67462301982178,76.74144950433623,83.81559871634937,94.3749173542582,Fruiting,Low
Potato,Silty,31.118270210041143,65.788487306912,40.09320883448622,89.827707428893,Vegetative,Medium
Wheat,Loamy,35.31372790447692,47.31516669871371,50.50013875978615,66.97505522659004,Fruiting,Medium
Maize,Clay,35.48013457388278,35.744887375511325,39.05027542768576,106.74029943531033,Maturity,High
Cotton,Clay,33.862020451799786,78.2113898079217,30.566545748109455,90.51093238971357,Seedling,Medium
Tomato,Sandy,22.98304105611926,56.48068242433149,70.08263692300869,7.349375324710827,Maturity,Low
Tomato,Silty,16.170192622884542,36.85625286330181,37.172147601356436,52.087046684700496,Seedling,Medium
Cotton,Clay,28.667003459703263,34.63809612800047,44.25195535938816,42.62456002111168,Flowering,High
Sugarcane,Clay,41.72921654072111,32.405067837601926,42.293892609922224,173.48712046421332,Maturity,High
Groundnut,Clay,32.08491775555728,78.28708971541963,67.01289805173967,119.77399544536829,Seedling,Low
Wheat,Clay,39.971731251057236,37.174038897523374,83.42365008885439,152.7366200899455,Flowering,High
Tomato,Loamy,44.748730288836846,59.498169764389814,63.340484904590184,191.3652075498561,Flowering,Medium
Maize,Silty,19.90848612414829,53.865977072979234,47.7266076875386,128.807854505282,Flowering,Low
Wheat,Sandy,35.75332917425947,63.470817442121295,72.33640917911067,196.52199828094888,Fruiting,Medium
Maize,Sandy,35.22880721100074,85.78661752783957,61.277705929771,62.352810330425925,Maturity,Low
Sugarcane,Loamy,44.39866342074835,85.0810542561298,14.848828569425079,37.25343646257877,Maturity,High
Rice,Silty,44.56802201858401,53.83070538686447,17.65308691350733,80.6619775985823,Maturity,High
Wheat,Clay,35.600358351723884,21.15246880510425,13.033355525890666,94.15988298716161,Maturity,High
Potato,Loamy,22.308443759465828,51.98328542857274,46.545306096505584,179.072308570517,Fruiting,Low
Tomato,Silty,38.95667514391797,65.46451530681054,76.06827474711719,111.98808780733526,Maturity,Low
Wheat,Clay,18.210874026331144,61.832356932354635,35.04665354810817,58.4361998836034,Seedling,Low
Wheat,Loamy,38.42097912514886,68.85020793501542,40.732814647398534,148.52685657350418,Flowering,High
Wheat,Silty,42.30588372434089,31.555679935481262,82.75816866943126,101.16638742781419,Fruiting,High
Groundnut,Sandy,26.485001843053055,68.49013240855494,76.95227562533239,32.426389055034036,Fruiting,Low
Wheat,Sandy,33.919058849492416,33.69887140578292,63.2038489906048,115.36395751825043,Maturity,Medium
Maize,Silty,27.90428196290479,76.28929855225617,31.344302567380105,182.2789073614568,Flowering,Medium
Rice,Sandy,28.132951649643854,45.431570994701005,19.363318615075478,168.52452349516403,Seedling,Medium
Sugarcane,Silty,24.3111266732436,73.24215750360901,11.284705814409097,117.36199452706622,Flowering,Medium
Cotton,Clay,37.863888613509744,23.58991991795803,18.56085380835367,75.41663477699763,Vegetative,High
Wheat,Silty,43.085296924995156,50.58950191931851,33.40771548991542,17.39575021284223,Flowering,High
Tomato,Clay,43.22252577703384,72.87758916974995,54.14320508635966,93.92978466632475,Seedling,Low
Wheat,Loamy,20.243438546248015,37.01528872486206,15.120006620190951,150.41588750591583,Seedling,High
Tomato,Silty,41.24230948969698,79.64652835979169,20.898222265475923,72.05474394660212,Seedling,High
Maize,Loamy,37.12294324281366,67.3084799828699,24.486456184635284,47.08936511033288,Fruiting,High
Tomato,Sandy,22.585122020708678,64.06713291123486,60.5585674386645,186.27594385419067,Fruiting,Low
Potato,Clay,17.018538387645435,46.516164065325285,59.26318391840995,164.31114009159847,Vegetative,Low
Cotton,Silty,23.039918006531337,56.183860278583815,54.06125810977223,127.65512388402894,Flowering,Low
Rice,Loamy,42.36624710344577,64.80119757333898,30.04011397567517,27.356668784103878,Maturity,High
Tomato,Clay,33.99536024687317,55.434658543616784,39.689575297498564,28.981768081234605,Vegetative,Medium
Tomato,Clay,36.63163982693615,72.37349929554202,17.73517730701944,20.643918291155792,Maturity,High
Rice,Sandy,22.714570533272877,52.52726998302197,28.116848300644392,123.25933337854865,Maturity,Medium
Cotton,Sandy,36.5816446672446,35.17048863065227,81.81641811780644,23.1125592946672,Vegetative,High
Wheat,Clay,15.843645188337712,36.04503371007854,88.37533971486627,168.5254397725266,Flowering,Medium
Tomato,Clay,26.259640373190415,20.435282663220583,61.81276685122357,198.59300036386443,Maturity,Low
Rice,Silty,33.802600456269936,42.57182866690043,83.34586336187361,73.26963694173305,Fruiting,Medium
Potato,Clay,19.382896966239606,76.16882303588898,61.419352032114006,90.73396939341949,Fruiting,Low
Potato,Silty,39.69010723340804,79.56220316282071,12.65571888843759,142.33343539713573,Vegetative,High
Maize,Clay,22.05093896435756,35.185065657181255,89.74100679891272,187.43060126515317,Maturity,Low
Rice,Sandy,34.56843338455339,91.92829976535558,17.916184134922794,178.81875471127702,Vegetative,Medium
Maize,Silty,27.15591427725989,57.68020951100951,64.61134411560485,11.518365749969718,Fruiting,Medium
Potato,Loamy,32.881307864329415,88.7734061763877,30.226896245983205,33.814360511353,Vegetative,Medium
Cotton,Sandy,18.223516578867244,73.00739613962233,41.35848903255681,150.91943971155845,Maturity,Low
Wheat,Silty,15.507383997648219,74.18250672668098,61.674734784075056,137.77862160648945,Maturity,Low
Rice,Silty,42.28693282140904,26.378271597955333,44.91898794461656,26.64371880802465,Fruiting,High
Sugarcane,Loamy,23.088900263015482,36.4993345172698,30.04368471449026,100.41291640031353,Seedling,Medium
Potato,Silty,39.59031008341377,20.661112497085448,36.755694950265976,156.16292621705912,Seedling,High
Potato,Clay,44.980509014166,73.70957303575531,37.32384935385411,43.756136452538726,Flowering,High
Sugarcane,Loamy,21.342937739967333,45.83287163213825,86.7459123606571,174.25752714693326,Fruiting,Low
Groundnut,Sandy,22.955122235500667,78.998938705726,73.88904127387607,10.594354964073593,Flowering,Medium
Potato,Sandy,34.885793629039966,45.420216495276975,46.683901718352004,156.43901701361477,Fruiting,Medium
Tomato,Clay,43.96345903801864,81.45003142241458,25.98567362730913,123.16377995797406,Maturity,High
Cotton,Sandy,42.47443044572232,29.802369031123476,74.88128882101248,63.03986933086983,Fruiting,High
Rice,Silty,30.086265601967547,33.002986756813115,22.57459772866988,144.18650966838226,Vegetative,High
Sugarcane,Silty,38.85330847580174,45.56574046879524,26.836977371360273,156.47315903023193,Flowering,High
Tomato,Clay,19.072375592997034,50.6365541661705,39.28107134721209,186.77979426079386,Fruiting,Medium
Sugarcane,Sandy,44.32314552612037,46.15271081322338,80.42785566815921,73.55493443085273,Flowering,Medium
Rice,Sandy,43.93059702107959,77.27352743924149,20.54293349072882,137.203347195991,Fruiting,High
Maize,Clay,19.91186873637513,27.271354447003603,19.778735428362086,120.52325538693817,Seedling,High
Rice,Loamy,23.982693744093197,46.341276472886605,49.517999064421275,105.0412138914177,Flowering,Low
Groundnut,Sandy,18.004649925203008,82.79299996365945,32.11284328749397,178.08329483100758,Maturity,Low
Rice,Loamy,23.15152796694539,25.0097807946629,55.49823533185279,0.6334628276800647,Maturity,Medium
Rice,Sandy,39.478673682456204,90.67576307535181,46.13093477465788,56.42232122071953,Fruiting,Medium
Groundnut,Sandy,26.349468214957785,93.97376317040097,44.796728508097345,107.65544790896601,Maturity,Low
Cotton,Sandy,17.65190901440275,26.642613036881006,18.95783763895946,35.65865232731047,Maturity,High
Potato,Sandy,25.266765743367138,41.845439169180274,21.283975219987212,181.57330674655165,Flowering,High
Rice,Silty,44.441500027238405,47.930049952651714,75.68628619574801,129.51902352260308,Fruiting,Medium
Groundnut,Loamy,33.890507857776086,78.22935264895446,80.87061900573956,95.57659892639798,Flowering,Low
Tomato,Loamy,27.48482839218473,64.69451090875503,28.774682630820017,162.94035181333092,Fruiting,Medium
Maize,Sandy,19.9961554049181,68.32742753694255,19.076840121981526,90.17723829302075,Maturity,Medium
Maize,Sandy,44.585303918510846,76.81323671138796,14.273333754760849,111.73060238600189,Fruiting,High
Rice,Loamy,39.62547027789387,28.848424957776928,58.663809099351745,0.5501991107841997,Fruiting,High
Cotton,Silty,23.44431907352758,82.49070926826968,67.22825700001644,73.14010603901471,Vegetative,Low
Cotton,Clay,17.102060871635683,72.9214853135108,39.824799136256445,27.75809447019395,Fruiting,Medium
Tomato,Clay,16.69876672132674,63.300629389727774,64.37406939925117,137.9377361324582,Vegetative,Low
Rice,Loamy,18.611344485166015,86.73015010872925,67.03670524476209,95.80539179514676,Flowering,Low
Maize,Sandy,32.42305750843265,72.52297654128554,84.82738251175243,60.35151145004616,Vegetative,Low
Cotton,Sandy,42.862902636164776,35.1274971973269,15.18989102680858,93.56646787434848,Flowering,High
Rice,Silty,29.902302840179534,52.230903580675005,25.383337858486385,41.925977590269234,Fruiting,High
Sugarcane,Clay,40.28836447368592,57.05321502018,15.48207900775905,185.0173264972281,Flowering,High
Cotton,Silty,28.376598595794235,24.141322006280426,79.43951466688884,10.7945265101826,Maturity,Medium
Groundnut,Clay,36.25750637303476,91.59781350200419,73.40697280268549,173.08340705922407,Fruiting,Medium
Sugarcane,Loamy,36.956182118595024,29.643294559765884,55.97136564974712,102.27175774667019,Vegetative,Medium
Potato,Clay,20.21891117710016,72.30959504200452,16.693072804094655,123.78929922776345,Seedling,Medium
Cotton,Silty,25.836481769274354,57.967327706816015,31.86498869229757,60.52112418174076,Fruiting,Medium
Maize,Silty,34.11906469614072,21.922418741331693,33.817587844681356,193.33952335886426,Maturity,High
Wheat,Silty,17.120898245530984,89.35606068982713,54.85945568123337,56.370191703897966,Flowering,Low
Sugarcane,Loamy,25.846205632888697,83.88776066141999,30.64351152293724,117.77559942806086,Vegetative,Low
Potato,Clay,31.043983988435773,59.319344592787665,15.836789113036387,198.68334102142578,Vegetative,Medium
Tomato,Clay,44.88673479133916,37.1706752104584,68.46098414826395,176.21887927668917,Maturity,Medium
Tomato,Silty,29.236006878673223,29.121716801007068,33.92641693243291,107.26596505722121,Maturity,Medium
Maize,Clay,39.48170271342971,47.2544359574095,46.18993416186405,198.07490459344243,Fruiting,Medium
Cotton,Sandy,27.962018551998533,39.15712107845678,20.21333079858443,140.27397234652292,Seedling,High
Rice,Sandy,38.89172167859127,58.0018400754724,74.20386427156637,41.74008322836187,Seedling,Medium
Cotton,Sandy,32.86244404860325,92.48069720925717,55.24255015392461,81.11924208716128,Flowering,Low
Maize,Clay,41.59786324507195,63.121511992223105,82.12685009678903,66.8986668023102,Vegetative,Low
Tomato,Loamy,27.3282765705033,86.74482919175735,49.63772504522667,68.80274165423783,Fruiting,Low
Cotton,Loamy,33.12913259464437,68.81591281218329,85.31405374543039,152.09128787197326,Vegetative,Low
Tomato,Loamy,33.90056041856482,55.64348949404003,81.34945635050607,116.85258545455872,Fruiting,Low
Sugarcane,Loamy,27.5214882540142,84.09556720500284,56.116788516738715,7.618542317905708,Maturity,Low
Potato,Sandy,19.329361310624446,55.35260826297481,84.71147505198907,175.48969673019522,Flowering,Low
Rice,Sandy,17.806782207370066,85.14711278827707,35.84709978356418,59.359228096032915,Maturity,Low
Sugarcane,Silty,15.500146517988993,41.86825771818239,39.251373016336906,199.41497538262874,Vegetative,Medium
Tomato,Clay,41.20602792735644,29.66098053222411,13.638236104482955,190.83814606695714,Flowering,High
Tomato,Clay,22.094247367160836,84.14858482722038,57.13607254110825,188.10614333639305,Fruiting,Low
Wheat,Loamy,21.34520247845304,64.05613728445002,67.75391759431467,162.22552081279474,Fruiting,Low
Wheat,Sandy,37.08106201278197,86.68192986867201,71.88153521936826,44.12266633670852,Flowering,Medium
Sugarcane,Loamy,24.600483392621754,90.33704052442874,21.985302883688263,106.5265488057564,Maturity,Medium
Groundnut,Silty,30.1813407723551,24.02212927785869,45.532725785000025,44.86052536499492,Flowering,High
Sugarcane,Clay,19.875331958923688,57.572697639415125,24.149056967513253,51.935091117789845,Maturity,Medium
Wheat,Clay,43.79237164385908,48.12234118058969,62.97018790833991,122.19035388725547,Flowering,Medium
Tomato,Loamy,40.54744200051712,66.93937978025878,22.635709793741448,8.166709070612676,Maturity,High
Maize,Silty,40.9136886889501,79.51933979017426,82.33309471648599,193.89171336414154,Seedling,Low
Sugarcane,Clay,27.203212457160156,41.04426619807767,28.45077165291307,183.7346345155929,Flowering,High
Tomato,Silty,37.87083641121518,61.759878827987876,33.31218130305959,76.15351443154397,Maturity,Medium
Maize,Silty,19.316284661693405,73.15464349286746,78.07250577207998,103.08448960138261,Vegetative,Low
Maize,Loamy,15.258570077753408,30.082331212680053,46.677408811657905,93.2238838535518,Vegetative,Low
Wheat,Sandy,15.599187977340844,81.055017946345,11.919675664005842,176.43995572349397,Flowering,Medium
Sugarcane,Loamy,32.598052122136814,65.45821998897298,49.56690009621166,137.7203752632222,Flowering,Low
Cotton,Sandy,28.661847157438224,91.21530778352388,16.763466830409843,55.62224948487129,Fruiting,Medium
Rice,Silty,30.540460467255592,45.46466893480199,88.82757749498485,89.36825089305938,Maturity,Low
Wheat,Sandy,15.223894212516582,28.110945675289898,57.04892563644819,85.79319513735275,Flowering,Medium
Wheat,Silty,27.68059858972277,57.9875900777694,30.522609408878274,191.86703365678372,Vegetative,Low
Cotton,Clay,36.54204483602582,26.435807878207914,55.09741436380942,35.06218210292793,Vegetative,High
Rice,Clay,28.280811059023076,92.71448924930051,16.149368270540386,17.915267458885808,Vegetative,High
Tomato,Clay,36.96657618936666,22.901371869289363,73.99130434150536,176.12376643233804,Maturity,Medium
Groundnut,Loamy,21.990568931905045,76.51279258304811,84.02624430913309,179.33719790117416,Seedling,Low
Sugarcane,Loamy,39.39426013445176,59.382679860668304,79.95555105649277,174.34781758243295,Flowering,Medium
Groundnut,Silty,32.652937213603565,47.64654893737165,37.340608183885024,102.19538312511128,Seedling,Medium
Tomato,Clay,21.322892982897187,24.938162338149098,36.06144957146948,131.9488856538921,Maturity,Medium
Potato,Loamy,22.10161427561499,66.66251931302058,12.807008897304,112.67260951219677,Flowering,Medium
Wheat,Clay,33.840913937086114,63.89152470432165,62.11202869607334,13.889565210880184,Fruiting,Medium
Rice,Loamy,39.8981877963733,41.06624548006998,52.792382735183594,119.16697938014448,Flowering,Medium
Wheat,Sandy,27.468833460874656,88.26662760577341,46.74770970618731,2.7228294512201767,Flowering,Medium
Maize,Sandy,22.749012873827766,42.80825055071277,82.61047626677656,64.99748191141722,Flowering,Low
Wheat,Clay,41.01034820731802,53.72940579440796,23.430312086627705,186.45851517463342,Flowering,High
Wheat,Silty,35.07804875252505,60.78218419389918,10.773301335214587,60.809053927161514,Flowering,High
Tomato,Loamy,28.442564618492295,27.517390863221458,15.865316169661234,187.96532852884957,Maturity,High
Tomato,Loamy,29.637005858379055,89.91212894102243,27.86971502618951,50.02679142984885,Flowering,Medium
Tomato,Sandy,21.127694038091892,48.09021143382808,12.662843941076556,62.91244809230649,Maturity,Medium
Groundnut,Sandy,33.80407890194532,26.058441040575772,50.22749685145084,125.68149928771071,Flowering,Medium
Maize,Silty,25.76227531628666,49.04683802564975,35.127236418686245,152.32539455785897,Flowering,Medium
Potato,Silty,44.86935530023048,65.01519103194354,24.43864064545061,100.27755360097682,Maturity,High
Potato,Silty,29.405505457856634,58.523950386599715,70.00672599589296,176.42313743883108,Flowering,Low
Tomato,Clay,29.576568185688394,72.09064805279556,26.356106098602403,8.048084322123849,Vegetative,High
Rice,Sandy,31.975553622320156,24.161295655093298,65.00840807950345,184.43896772687413,Flowering,Medium
Groundnut,Clay,42.502680093562404,41.340545770404205,37.94119246781111,39.2615599790816,Fruiting,High
Cotton,Sandy,39.02454299579251,81.44229326300767,50.94622085300436,176.84774901693117,Maturity,Low
Rice,Sandy,28.533902093935243,25.992026584352065,84.70936318810558,80.1726358972761,Flowering,Medium
Sugarcane,Loamy,36.560977979183875,84.16144660219682,12.988130785265026,166.55141117420754,Flowering,High
Sugarcane,Sandy,32.58706496342285,26.89220690578297,50.02116059819695,134.33310996073902,Maturity,Medium
Rice,Sandy,29.771011461037467,82.58406611687721,78.35383682620946,35.18832649565242,Seedling,Low
Tomato,Clay,20.769473183530515,47.059130080904495,57.03793986962788,183.6095139762897,Vegetative,Low
Cotton,Sandy,28.91808790364673,65.91567974429118,32.14964135721253,49.103478097691934,Vegetative,Medium
Cotton,Clay,22.37455761067724,31.466533673599862,41.814490811602745,48.82802373899982,Flowering,High
Groundnut,Silty,42.44526449554964,24.962654129388564,64.42125029828597,162.8357793274761,Maturity,Medium
Cotton,Sandy,25.06220440489041,36.19536530151013,81.26495154510424,21.174651114504208,Fruiting,Medium
Sugarcane,Sandy,43.56792043600117,29.589036343152166,13.285309899728928,44.40718127409207,Flowering,High
Maize,Clay,30.991658702841335,43.43044232597238,15.723105751230113,100.73551468421246,Vegetative,High
Tomato,Silty,33.94633136028481,58.578743488326516,36.004121888767,166.09540573732485,Flowering,Medium
Cotton,Loamy,31.28821333467983,64.15695976737572,28.62237475499832,29.4967949474535,Maturity,High
Groundnut,Silty,18.881418509001026,79.24010805348072,31.19447089779248,109.53364690246927,Fruiting,Medium
Sugarcane,Clay,26.27463657023823,69.2179919936269,27.701599890070476,142.2481183605879,Seedling,Medium
Maize,Silty,17.974383368328716,65.65687438471647,25.66600390841262,172.11904494319026,Fruiting,Medium
Wheat,Clay,33.68862132550145,50.8836520614331,20.44991734954334,187.11311204044392,Flowering,High
Wheat,Clay,28.406225856013165,55.535632622010404,84.71633054361904,156.9279828937865,Vegetative,Low
Maize,Loamy,38.3395491471281,51.089062204263584,21.535157112492243,130.56567964440038,Maturity,High
Sugarcane,Sandy,21.614114429981093,83.16245225460374,26.352301981242896,86.72401706255317,Flowering,Medium
Groundnut,Clay,19.936981752880047,37.250033941129985,29.701257918462858,22.422030837683927,Seedling,High
Maize,Clay,27.189966928913034,20.429069865647346,84.64118985043365,141.94743850510426,Maturity,Low
Tomato,Loamy,42.79756149655144,68.84899229196795,70.45713068808678,198.54746089509737,Maturity,Low
Tomato,Clay,36.31265445037235,35.18466377291236,73.17595442524117,147.35211894641998,Maturity,Medium
Wheat,Sandy,27.56770874378756,86.7586352232357,18.380660763079845,3.342218747545256,Flowering,High
Cotton,Loamy,30.518165092629317,84.4284747279992,76.90479000125373,99.25199560836775,Seedling,Low
Groundnut,Sandy,17.52639033531295,25.754552894615443,42.65544654539344,122.92932649658077,Flowering,High
Wheat,Sandy,44.5372768912834,27.979130406055802,31.0258420969911,137.93484022056862,Maturity,High
Cotton,Loamy,34.99221914084757,57.137869418499974,56.06000668162484,143.94516712014172,Maturity,Low
Cotton,Clay,23.562122053902677,65.6916997077016,75.77463246533871,111.6216882433048,Vegetative,Low
Potato,Sandy,32.57425182645733,40.61812531116806,72.29217208599275,44.67206654684806,Fruiting,Medium
Tomato,Sandy,18.28447098206982,73.75982875245279,81.19979860649056,188.44013229530933,Flowering,Low
Sugarcane,Sandy,43.975100064227505,64.61870156891536,84.25057488123551,139.33329353273237,Seedling,Low
Rice,Sandy,20.24354963650098,44.3618082311416,29.049765714219966,47.368007373881895,Maturity,High
Sugarcane,Loamy,34.440909541656424,21.90286160317367,43.90863153354174,64.46436645405458,Flowering,High
Rice,Loamy,22.363633876167913,76.26127109738883,11.170283136405601,184.38553412607394,Fruiting,Medium
Maize,Silty,36.526841479456074,36.1065249368812,80.3457327412048,177.49703734146715,Flowering,High
Tomato,Silty,38.30464101720843,82.58553075969712,22.365772117981404,81.02928767161792,Fruiting,High
Cotton,Sandy,35.202591867342974,51.52176950406914,78.91798498741554,7.661444398290196,Flowering,High
Groundnut,Clay,33.434983807655776,63.280808197382406,36.350985758927706,9.699473778787638,Vegetative,High
Rice,Sandy,41.77407281856035,85.47115478067514,39.45068719849105,56.78365818367781,Flowering,High
Sugarcane,Clay,17.358801329692742,84.7717250689965,13.13058035870875,125.8244438677999,Vegetative,Medium
Cotton,Sandy,24.927442973405856,47.863968143267996,36.15030318122557,116.83892706691236,Fruiting,Medium
Rice,Silty,22.448624388925378,35.66666695361323,81.06909462410113,126.76555738878854,Maturity,Low
Rice,Silty,44.640418861962644,78.1359558296446,12.043792089728331,143.45659438642133,Maturity,High
Potato,Clay,26.681693390006203,52.48101527015984,42.50619784373803,3.8064507185476826,Flowering,High
Rice,Sandy,36.97838097721196,34.40314951692531,12.511970385019291,21.017119034488573,Seedling,High
Groundnut,Clay,35.541754916430136,87.83190067378627,39.67387400872519,71.89669036544252,Flowering,High
Tomato,Silty,21.362437124321332,34.85781456808155,23.811251262423294,30.97199950431635,Vegetative,High
Groundnut,Sandy,22.169930406346538,21.93553761434233,30.177471461469764,15.064008508910831,Vegetative,High
Wheat,Sandy,23.438536906591025,21.5209980325565,80.20786985291352,128.19287919946638,Fruiting,Medium
Cotton,Clay,27.333818347781374,66.67365173406982,44.88393764975128,163.0672954982198,Flowering,Medium
Tomato,Loamy,22.029751969515804,69.62562955381478,31.903839312152975,150.5253314868565,Fruiting,Medium
Potato,Clay,15.589544482405435,43.328127879273794,57.147070236043824,163.40795572183583,Seedling,Low
Tomato,Silty,41.381791704215864,44.00082419352975,21.36855678660659,133.17130881157544,Maturity,High
Tomato,Silty,43.96829494142652,45.46204362949571,30.751328593668468,147.06906436284044,Maturity,High
Sugarcane,Silty,25.247111610947037,71.0118910069159,53.69983740823108,54.355754841660264,Flowering,Low
Tomato,Silty,25.155206382764185,24.360034327012144,29.001843347845508,198.60160725683286,Fruiting,High
Potato,Silty,15.212754383231129,89.68372645184942,64.33021899206986,36.633130898777424,Fruiting,Low
Groundnut,Loamy,35.40752064991122,36.689078313308485,49.319304180761804,42.8987748778765,Seedling,High
Tomato,Sandy,39.76319687245886,94.97549039315692,71.75912562037527,57.78436636316937,Fruiting,Medium
Maize,Clay,19.398249010800093,32.864202034039025,85.85956285779748,195.06648602131577,Vegetative,Low
Cotton,Clay,19.78999048101452,77.86598429842832,19.26439114779262,197.65771787078123,Vegetative,Medium
Tomato,Silty,38.702497499143135,36.75594086972188,36.77320079876359,158.9787499412995,Vegetative,High
Cotton,Clay,33.48872245062434,26.063510123244047,35.56392503027253,125.81151971192675,Flowering,High
Maize,Silty,16.34581672883151,85.61999932629867,22.09463354698034,104.01251503692268,Vegetative,Medium
Maize,Loamy,33.67640971386845,84.4063444393169,74.82425098667767,194.12416913736914,Vegetative,Low
Cotton,Loamy,24.26753168531298,50.2677794337201,70.7902963231032,139.1245605716495,Maturity,Low
Rice,Sandy,26.061754664125377,72.679710690532,48.75403766675192,188.94602566520604,Flowering,Low
Wheat,Loamy,38.0919425489064,61.779944951293785,53.02166222356877,63.31015989552478,Vegetative,Low
Sugarcane,Loamy,39.32805578017832,83.97170852553117,14.7635310401997,66.75495845391313,Seedling,High
Rice,Sandy,27.01069880519492,43.62919769889908,54.44058818616365,170.94491882368712,Vegetative,Low
Rice,Clay,43.41458808019064,59.27542999992389,73.30732192157092,29.970984117058876,Flowering,Medium
Groundnut,Silty,27.193881538562167,56.402927840341285,55.90620588670858,189.18557225921515,Fruiting,Low
Sugarcane,Silty,38.1550810569033,46.5429369692644,31.224509609633515,101.49487093268151,Maturity,High
Sugarcane,Clay,29.51631793692777,86.85912984172792,63.40386178674698,185.28277571673954,Maturity,Low
Rice,Sandy,41.925969795662525,32.44084434969016,38.919074397219816,67.35855774516261,Flowering,High
Tomato,Clay,42.232837309505356,31.21314796405221,53.58986274285882,143.1917808278794,Vegetative,Medium
Groundnut,Loamy,17.622504236132514,63.26821514920635,49.00522906231398,96.57502439453793,Seedling,Low
Groundnut,Sandy,43.09479993930677,69.31206724887065,40.49400007721441,125.36072604909461,Vegetative,Medium
Maize,Sandy,39.766045245612474,34.596444074342386,67.51023843153081,100.87449862783045,Vegetative,Medium
Potato,Sandy,38.739321429380006,49.30380816909681,80.71008895887054,193.42312347427227,Seedling,Medium
Sugarcane,Silty,21.027340190565674,90.99228822340578,10.417001478153995,138.42107956278343,Maturity,Medium
Rice,Clay,39.153576262639945,38.49630670180055,84.68932153842938,50.263793725263085,Vegetative,Medium
Maize,Sandy,40.50398204055111,70.12705265880456,50.921210886657995,181.93538438101692,Fruiting,Medium
Cotton,Sandy,23.67451003362453,75.51120452731931,66.05855042906121,58.80594763102087,Fruiting,Low
Wheat,Sandy,43.56780235086971,53.609652459886966,78.44996529407017,74.32101986017126,Flowering,Medium
Potato,Clay,16.49580439197493,90.31444900696873,47.36829538514159,20.424739604042674,Flowering,Low
Potato,Silty,19.49727759741419,75.2492551414093,76.79792586919122,179.99330395923815,Seedling,Low
Potato,Loamy,31.12743414154543,54.344343489567336,24.20958555641618,57.2224046455726,Seedling,High
Groundnut,Silty,32.27377413366929,62.70014013320705,22.733402758385157,51.78352358627647,Flowering,High
Cotton,Sandy,34.354502499027106,71.94600825688255,62.59770950849229,184.05251959899078,Vegetative,Low
Potato,Silty,15.509073879463994,64.41426353219137,79.61144044413898,161.10537248100667,Maturity,Low
Cotton,Silty,43.81100323866391,85.90231878695569,81.39409420288315,28.21578430387488,Fruiting,Medium
Tomato,Loamy,16.337642782024318,46.76664967103009,61.49923667017973,153.86490078073615,Seedling,Low
Potato,Clay,19.291858581702073,42.491430504185374,52.0391384167454,182.60661961075814,Flowering,Low
Wheat,Clay,15.42043552578171,36.03791671214482,36.511447015721295,15.702243642148783,Fruiting,High
Cotton,Silty,32.00575299882284,22.833722604844635,88.40003324794651,165.0429989809146,Seedling,Medium
Cotton,Silty,42.96800651762916,23.22604732850415,35.57565493330004,109.4840103746112,Seedling,High
Wheat,Clay,34.97841498241392,85.25413948319621,69.53488857852746,133.83948987576014,Vegetative,Low
Potato,Clay,39.679724054412816,70.87948598044305,52.55854399240006,98.57086778098738,Seedling,Low
Wheat,Loamy,15.398436103757403,69.53993115773646,58.68098740202774,139.56061698105572,Maturity,Low
Cotton,Sandy,31.260458954391783,66.09821142011646,41.47844404709009,6.819572333350643,Seedling,High
Wheat,Silty,28.786889325165657,83.69143585205786,87.18585003777983,152.54134464465673,Maturity,Low
Cotton,Clay,29.969038326623792,56.02001942492206,55.734586087941686,6.668739571791682,Vegetative,Low
Cotton,Silty,17.166395560055637,85.28081214187253,85.0230104367032,91.05996954946869,Maturity,Low
Tomato,Silty,35.53306083207922,46.95837696366794,10.60731329391313,30.192998626058976,Fruiting,High
Rice,Clay,30.096612445759035,89.5030628254318,55.81364665528967,164.71485547026143,Seedling,Low
Cotton,Loamy,37.95446549583792,72.39927350609301,67.37495117802172,62.732181835133716,Flowering,Medium
Potato,Silty,29.55871902185146,39.288285201832046,69.60641369297744,90.8187089208665,Flowering,Medium
Maize,Loamy,19.481449086792963,62.306369126646885,82.39815054253451,85.75014825966232,Maturity,Low
Groundnut,Clay,34.44770862233466,59.977292111619164,10.352128720302902,154.5003931369413,Vegetative,Medium
Sugarcane,Sandy,20.171590863154986,30.342411629775047,10.026412740758115,96.22887195919509,Maturity,High
Rice,Sandy,41.17183690064445,64.34321793129607,47.78107686361722,157.7916670020692,Maturity,Low
Rice,Silty,33.39348717207724,43.608921778771844,12.343496400429652,14.70165536053505,Maturity,High
Rice,Clay,19.716116506708627,23.92615751072018,87.96260429298997,38.31879358059902,Fruiting,Medium
Tomato,Loamy,43.87014172443621,91.14921182799236,27.765213963311357,110.30684992927213,Fruiting,High
Cotton,Silty,30.55096390005962,68.11177767982159,47.81317834918758,189.417664950539,Maturity,Low
Tomato,Clay,17.18695355614965,85.76891989031353,14.891010400977889,14.951569344356063,Vegetative,High
Cotton,Clay,33.80498713245201,70.70420037599399,51.763873293700684,8.616843231372862,Seedling,Medium
Potato,Loamy,22.59596721038431,46.773776910508474,40.39649001179268,31.310134985571136,Flowering,High
Tomato,Silty,39.11080355631907,58.451605424660855,13.5728023101779,128.23062577203132,Fruiting,High
Tomato,Clay,39.534662206985715,70.68100702603829,36.80994133569798,79.79858333404944,Seedling,Medium
Groundnut,Clay,44.368420675639854,92.01892439010781,41.31488161782845,165.11047588353725,Fruiting,High
Maize,Clay,30.05608593073511,39.025209434127234,89.1937193019952,14.386630296273161,Fruiting,High
Tomato,Loamy,28.648706391832114,85.62327939680883,26.630869753550037,39.282817362940214,Fruiting,High
Groundnut,Silty,37.60426816339442,89.30583539707021,53.58236922960798,60.00528109297913,Maturity,Low
Wheat,Silty,18.974119690257798,70.28116359942175,88.9852439358903,125.34601733775705,Maturity,Low
Maize,Silty,31.407465413793727,89.84499705510034,73.36153663521081,137.03453806030944,Fruiting,Low
Potato,Silty,31.38742800392553,49.84089406080264,89.46940007056712,24.840658792754766,Fruiting,Medium
Tomato,Sandy,17.684193684311616,91.47621320303321,87.46386517281354,188.76094179834791,Flowering,Low
Sugarcane,Sandy,27.539522565207406,72.70871578744811,49.16316336753234,68.20882703804183,Seedling,Low
Rice,Silty,40.59854395701606,23.15043255641089,65.71006798964527,142.63375260005662,Seedling,Medium
Wheat,Loamy,40.68460865983981,88.01546238642895,18.835450155292087,104.84154378953976,Vegetative,High
Wheat,Sandy,17.97712994759043,56.33546067748944,45.291906003744145,44.55162270942132,Vegetative,Low
Potato,Clay,17.721626482434925,54.52452385833746,74.7214833813358,169.2456646230822,Vegetative,Low
Groundnut,Sandy,22.880864310058058,62.48499544847257,50.42682567817147,163.64760563838598,Maturity,Low
Wheat,Clay,41.24298187661981,31.203841007842094,66.21592262537855,79.21437078333801,Maturity,Medium
Maize,Silty,18.867077552204968,55.1874536425549,69.66010639874216,117.72151713877108,Flowering,Low
Tomato,Sandy,36.599904078823386,82.33454125383093,30.27753129943151,51.565139187187945,Maturity,Medium
Tomato,Loamy,18.034968588393095,21.16118443531365,80.05594983540524,137.9703257492603,Vegetative,Low
Sugarcane,Sandy,33.69413561243476,40.46878702432785,46.78579447273432,61.805362524086284,Fruiting,Medium
Potato,Sandy,25.682018973574344,20.184093983288317,26.8148082897235,168.81574687644698,Vegetative,High
Rice,Sandy,38.66741888897601,51.17834818623862,79.2332705430755,43.47702085545486,Flowering,High
Groundnut,Silty,22.010713464760908,74.6236632870301,43.425504488500295,2.960684563692828,Fruiting,High
Rice,Loamy,34.176054881698796,79.90788718359714,70.02499507037757,53.70160839358369,Maturity,Low
Wheat,Sandy,22.07047603727655,90.88923208452549,53.842645777727434,38.21049729189734,Fruiting,Low
Potato,Loamy,36.409808493364615,65.63784597280899,40.54974017876003,101.65728794498486,Flowering,High
Sugarcane,Silty,41.21034103682246,39.09701499896716,74.79011320308555,40.74065833131526,Maturity,High
Rice,Clay,18.8040539738028,89.31109618525242,56.75759453156904,152.63797414389896,Seedling,Low
Maize,Sandy,40.99787065786511,78.14868154102821,41.24496819416254,48.27412760080079,Vegetative,High
Tomato,Loamy,32.80725763242894,63.08213622523584,18.767829626810162,141.39363598253115,Vegetative,Medium
Wheat,Loamy,18.81331472601072,72.1730161789202,81.63562510133663,115.69418460274481,Flowering,Low
Sugarcane,Silty,27.82625566079136,89.32372662555719,12.837566827333324,197.24997129437688,Flowering,Medium
Rice,Sandy,19.825808804552935,73.42955213546912,79.0549878694445,199.98019540184632,Vegetative,Low
Groundnut,Clay,36.010436665997084,47.62808806885505,38.796921990652436,173.90521666346598,Fruiting,High
Maize,Loamy,37.76604403253849,73.47711517168224,61.14710108011246,151.99667385975022,Seedling,Low
Maize,Sandy,18.17389560818397,23.02086220515409,83.77597790685482,77.29128280011474,Seedling,Low
Rice,Clay,30.18419558083933,48.981167137293596,22.136529240311873,150.6553454262607,Flowering,High
Tomato,Loamy,39.438751680777514,50.47422738841844,55.35603805110482,191.33510741589814,Flowering,Medium
Rice,Loamy,43.08489124652989,32.5128675815626,71.15462898961536,4.675515079088832,Fruiting,High
Wheat,Clay,30.4055360022531,21.731411041382763,70.6067066175246,107.58294003954776,Flowering,Medium
Rice,Clay,43.50837670834221,30.00359274783071,52.05055316796032,43.599660877686915,Seedling,High
Maize,Silty,31.070669113680893,69.09661218477913,59.97915679251665,111.57526317377008,Vegetative,Low
Sugarcane,Sandy,26.82571483799724,80.17166122727656,70.60215953062756,93.28941795177823,Seedling,Low
Rice,Sandy,40.44609385658686,94.11526195452306,77.28221102059294,115.15371631045687,Fruiting,Medium
Tomato,Silty,29.78948131374267,45.97726273313707,70.94504775006911,110.19244428374483,Vegetative,Low
Potato,Loamy,29.15707531693569,64.95344166958263,38.32039545449941,192.0214078337124,Vegetative,Low
Sugarcane,Clay,29.70937468229485,90.28587251113414,89.73811208461865,110.43722178694722,Seedling,Low
Groundnut,Clay,40.40355005609236,32.52813360036144,44.76021549754435,169.24641762497345,Vegetative,High
Cotton,Clay,39.958246250641565,73.82341897570569,11.957176220714674,63.9640573601693,Vegetative,High
Rice,Loamy,27.105599773206336,76.62340498618724,39.00935612683696,87.62013775820978,Flowering,Medium
Tomato,Clay,24.99899579611575,26.67316519020038,20.222636365907462,94.08269520896198,Vegetative,High
Sugarcane,Clay,29.757840721173878,84.59370388872988,19.71540925827,55.74560866707594,Fruiting,Medium
Tomato,Silty,32.18317529211327,80.98287853331328,32.52280320855155,75.95805229559105,Vegetative,Medium
Groundnut,Loamy,22.15011631883991,22.505225493307584,14.270039534180867,119.70261589335504,Flowering,High
Maize,Sandy,38.81865254146771,26.83133111600386,65.08097507276504,116.03755266090647,Maturity,Medium
Tomato,Silty,29.59448297197269,23.684517041888924,15.919110736152406,127.2870689146961,Maturity,High
Sugarcane,Silty,25.021366452598787,45.105764884952166,26.263164434876494,70.36358308402822,Fruiting,High
Tomato,Sandy,18.204629788919718,58.19667430099446,17.431977159529552,63.16629903061142,Fruiting,Medium
Tomato,Silty,22.16535481210821,59.92607959659716,15.053418472242486,122.32357655083261,Vegetative,Medium
Tomato,Loamy,43.47843515267951,40.0750069827082,31.420133243163335,26.572349685504992,Vegetative,High
Wheat,Clay,24.152990604585796,88.36976649202056,55.7519174128296,50.606308706427996,Maturity,Low
Wheat,Loamy,20.06577868101106,47.61970924039349,87.17484451574734,8.425547390599043,Maturity,Medium
Maize,Sandy,28.820183749649797,23.41626169740144,80.0445323479685,14.522170519216026,Seedling,Medium
Rice,Sandy,24.21263230080746,42.51703336560398,80.07471403562599,48.676655852121776,Maturity,Low
Tomato,Silty,16.054777508135825,59.833206690811664,24.085362883012607,3.9058560593838054,Maturity,High
Groundnut,Loamy,24.69435651838252,50.6166366941174,31.192575479825607,49.0821184174923,Fruiting,High
Rice,Loamy,31.323258718184057,40.53818893244444,16.111465343624456,130.9952646124052,Seedling,High
Groundnut,Sandy,31.551371160599007,29.849243732323806,72.2774671932148,12.221415693786607,Seedling,High
Rice,Loamy,25.69676763530666,81.43733750721722,15.585304118844956,87.3473355589282,Vegetative,Medium
Maize,Sandy,28.41908268757802,94.7108931593144,54.535653665668264,182.62175738390988,Vegetative,Low
Tomato,Loamy,43.96553754704299,44.71566001429116,29.83004578591606,158.25696578508018,Seedling,High
Tomato,Loamy,26.32045431690935,48.621578313245294,29.47565072229958,61.08750045897145,Seedling,Medium
Cotton,Loamy,22.74680439779949,66.35281435077178,89.25800441980842,184.9610958383294,Vegetative,Low
Groundnut,Sandy,22.304011322002804,73.8831106051656,70.54238455828299,65.92929934954496,Fruiting,Low
Rice,Silty,28.732938381124026,49.402215110269346,76.955148663284,14.503099267512498,Fruiting,Medium
Rice,Loamy,37.78560446150832,87.86971377363614,55.758614827521015,198.81119135362272,Fruiting,Medium
Potato,Sandy,21.179645525654195,62.000299192168875,79.68114299149994,174.00450543783435,Fruiting,Low
Potato,Sandy,36.27888381422304,53.779255730444824,61.639243133308234,93.18655666021847,Vegetative,Medium
Wheat,Loamy,15.634494700482488,68.50045648699289,85.69389638370762,133.2753048384808,Flowering,Low
Cotton,Loamy,27.56798933951838,91.46028861868798,32.50708688365094,134.24561557133404,Maturity,Low
Sugarcane,Silty,38.2759519560836,79.59142208162791,57.625563662631606,38.89644614609207,Maturity,Medium
Potato,Sandy,25.16198867323294,23.000984790134325,65.21050783495137,40.00972663072646,Maturity,Medium
Sugarcane,Sandy,31.912113043361984,44.92324330549697,41.43498440222453,93.91614067036515,Maturity,Medium
Wheat,Clay,21.149376984777323,55.2908513713417,80.37663859232426,182.31462802753958,Vegetative,Low
Wheat,Sandy,37.25986173378517,43.588817915682895,88.38425304833235,1.9987549717141562,Flowering,High
Wheat,Silty,16.56837309806279,72.51406706228424,49.501559309812926,156.50112718987185,Vegetative,Low
Groundnut,Clay,40.57627934626501,81.97018623969358,41.251252384347126,11.505356742930829,Flowering,High
Groundnut,Clay,20.945891592650042,74.85088213889537,47.7550342845167,95.64442297662356,Vegetative,Low
Maize,Clay,41.231940951249925,94.19999651212065,78.21893965855453,127.57456661469529,Seedling,Low
Maize,Loamy,25.57587723901552,40.44107359197719,61.63747404145341,137.35185341649296,Flowering,Low
Wheat,Loamy,36.6805072342346,85.62421212683161,13.581789801447606,11.695852723182277,Maturity,High
Cotton,Sandy,24.576758933585655,77.49669988808645,53.373592835657185,83.72072347679365,Flowering,Low
Rice,Clay,42.177350137039426,47.163406816860956,11.384009819277585,116.76745210046494,Fruiting,High
Groundnut,Silty,18.79911376555123,75.05934077427264,72.28282968027244,13.209107461201386,Flowering,Medium
Cotton,Loamy,20.35559367817796,27.80569673136852,36.2649818833971,27.018911319061957,Fruiting,High
Tomato,Silty,29.790903754764066,79.20001117554142,47.760598569386346,132.7297979008077,Fruiting,Low
Groundnut,Silty,17.458153171144385,59.9247951940327,73.89424847261056,104.32763931813034,Seedling,Low
Groundnut,Loamy,20.879405541052858,41.92176295319399,13.715905382860925,32.36573225365811,Flowering,High
Maize,Loamy,43.31299146636043,69.18329763381351,22.683322847328835,107.04786738294669,Seedling,High
Rice,Loamy,44.29468983443661,68.12149990358068,41.83683011560919,182.53847468888316,Maturity,Medium
Rice,Loamy,26.28777987991266,35.711466703969975,28.394013083644847,3.1175169550727855,Flowering,High
Potato,Clay,42.698580630418064,22.27980611086446,37.03211406200505,128.52675469717093,Vegetative,High
Sugarcane,Clay,31.34474027020295,52.52169401762554,89.8539790313972,14.730086921068386,Vegetative,Medium
Sugarcane,Clay,23.09227397621301,62.71339020083159,76.03315500590486,1.2898885929401693,Vegetative,Low
Sugarcane,Clay,36.07196163241796,85.74539587779488,80.71214519680868,30.130897732126762,Fruiting,Medium
Sugarcane,Sandy,34.76705419724571,89.61625967356959,84.96437068526203,84.58132637078386,Vegetative,Low
Tomato,Clay,44.673759573262004,59.66039136175748,37.27487042513565,160.46879979639058,Maturity,Medium
Tomato,Loamy,22.9514186222785,76.53526128264087,33.76615662371782,56.35709932091173,Flowering,Medium
Groundnut,Silty,35.161785079852066,52.947745424599766,28.724999405765992,125.13464247775173,Flowering,High
Wheat,Clay,16.560712650883406,75.95616174296697,76.40935290464981,82.23132759106133,Fruiting,Low
Maize,Sandy,18.40938116090158,35.36011437043752,64.3641489828148,46.866358393201594,Fruiting,Medium
Maize,Loamy,15.117551248532799,47.82985511026486,28.893758598630185,102.84942285657172,Fruiting,High
Sugarcane,Silty,44.98382043179019,67.5670999110211,40.15950633683639,159.49289807452465,Maturity,Medium
Groundnut,Silty,39.068210914424334,21.361847420530914,50.53694111462386,166.49847401122884,Flowering,High
Potato,Clay,38.60169044200622,74.18459827542155,52.251204581900296,169.30390637544735,Seedling,Low
Cotton,Silty,30.29178225864539,82.6651625951125,81.09821828413718,67.71156251099588,Fruiting,Low
Wheat,Clay,24.0020124871632,49.93562458204636,40.445290635777305,158.69121294315062,Vegetative,Medium
Groundnut,Clay,19.537928533880276,53.595681288287324,82.68192244004099,42.43569102178157,Seedling,Low
Wheat,Loamy,23.54024216539391,83.84616591623983,45.30940482558317,147.68502024857665,Seedling,Low
Wheat,Loamy,26.279136657874176,78.1740976494525,69.7098139833883,189.67688525452334,Fruiting,Low
Wheat,Sandy,37.68930290940882,41.61121167750312,84.42034559880449,2.748766938191438,Vegetative,High
Groundnut,Loamy,31.18985366709457,44.29820799211542,82.6060563170613,88.07278623575961,Fruiting,Medium
Sugarcane,Loamy,17.32450879666448,70.91586742929475,14.556229383654493,129.55419768280092,Fruiting,Medium
Maize,Clay,15.540870268767367,62.23985693361209,26.456343598125585,140.3551540975106,Vegetative,Medium
Maize,Loamy,18.069965386021895,32.16721783223727,48.15243404258201,35.21755165384044,Seedling,Medium
Sugarcane,Clay,27.31496141092138,43.244743192187485,44.52434319624858,194.43665504771857,Seedling,Medium
Wheat,Clay,42.99578751147055,87.49874576589906,61.27133318697656,123.0530735941946,Vegetative,Low
Cotton,Loamy,34.12207443627665,71.61308275416975,85.57672406603298,32.86812024565356,Seedling,Low
Rice,Sandy,39.05477699626545,93.94807382641396,18.992376902235904,4.104502342503058,Maturity,High
Groundnut,Sandy,28.991237835136456,77.5259397485577,46.14869321073924,156.65283975795518,Fruiting,Low
Rice,Silty,25.849982495851286,90.64808241076926,25.392883030971145,15.940947889091817,Maturity,High
Potato,Silty,18.25201118149868,36.214143040285656,81.5286078718358,28.210184214047306,Maturity,Medium
Sugarcane,Loamy,41.277990665586145,77.86136561126943,87.16641486413222,114.96600537113812,Maturity,Low
Cotton,Sandy,38.49480087083708,21.51631401108481,48.29613455122801,120.70110068992395,Flowering,High
Groundnut,Clay,20.043542927931753,70.30700162836504,18.32082381825126,137.3774237184797,Flowering,Medium
Sugarcane,Silty,30.367816916287815,55.1961708590181,72.82357333781385,78.70280253272415,Maturity,Low
Wheat,Clay,29.62124423763735,46.00700539400515,65.77130803939193,154.77973379336458,Fruiting,Low
Maize,Silty,33.752746580595854,84.68032642198168,38.37366612882484,194.87171992317772,Maturity,Medium
Rice,Loamy,43.38560681973784,84.0700769493148,80.99259791751707,54.218988615976606,Maturity,Low
Tomato,Sandy,32.39314325287439,21.67262786739827,88.06655118261658,140.6057233075892,Flowering,Medium
Tomato,Silty,31.206518003358557,65.71288418370733,54.62830793041563,185.69373047903136,Maturity,Low
Cotton,Sandy,16.509687988039918,47.58741682407173,55.25823290754339,137.25735252340854,Fruiting,Low
Wheat,Clay,16.887224280540718,51.17457511253369,33.80108040910223,136.2218997288519,Fruiting,Medium
Potato,Loamy,20.620403739803667,82.4030554414082,56.76048287866514,44.75451381704132,Maturity,Low
Rice,Sandy,15.974123150752447,43.23798286457587,45.171385641987726,107.02604006393858,Fruiting,Low
Wheat,Loamy,37.30058686710037,90.7286607978215,34.17528215424415,112.50456872091603,Maturity,Medium
Rice,Sandy,36.6999091198189,33.47253697791056,15.374815721912105,140.02591249119055,Flowering,High
Cotton,Clay,19.08168703294929,69.70418175261332,30.21662877672999,199.36428997923653,Maturity,Low
Cotton,Clay,40.082367023858424,70.40788002603236,25.828371974213155,6.728764508752416,Seedling,High
Potato,Loamy,19.64358104538336,38.91463710709387,53.36335876431591,13.046532253497368,Flowering,High
Tomato,Clay,24.035267609920766,44.35629567254015,58.13360174108751,15.590013886183751,Fruiting,Medium
Wheat,Silty,22.46930697484095,82.60988694349552,58.68573794448132,148.59582689779137,Fruiting,Low
Groundnut,Sandy,26.169212957191434,77.13539412162143,41.054480083654326,27.270759022151502,Flowering,Medium
Tomato,Clay,22.639912976698856,44.68219102360697,43.698378694839676,124.49037489806905,Seedling,Medium
Wheat,Silty,29.66852779315356,60.04674102012004,76.7390743712512,64.9337755786917,Flowering,Low
Tomato,Loamy,27.222236440640565,24.626022218982158,48.098625081372994,91.4639912421422,Vegetative,Low
Groundnut,Silty,44.597084723379794,35.65594117989719,89.02186657096979,43.13263196348278,Seedling,High
Maize,Loamy,16.67779050384677,56.43654191452993,45.16937840070919,173.22131226090843,Flowering,Low
Maize,Loamy,19.265441291620547,26.44803014594087,61.96647556942712,117.23006483260528,Vegetative,Low
Potato,Sandy,16.584776817258074,83.24992661689531,14.029039919471664,188.91265271645054,Maturity,Medium
Maize,Sandy,33.77523584947127,73.8504657580736,62.267193953504865,114.91924994086591,Seedling,Low
Maize,Silty,16.635278322411587,90.7725252986371,78.11411155320049,24.78160611938933,Maturity,Low
Sugarcane,Sandy,40.0931921212837,72.01001794730203,85.3966270826637,34.17408676769509,Vegetative,Medium
Rice,Sandy,30.358158920457832,90.53010291966392,89.78564893118164,197.81479527356944,Fruiting,Low
Sugarcane,Sandy,30.81022873744601,61.58844167682238,32.57429165193865,145.11303946617355,Fruiting,Medium
Sugarcane,Silty,31.847835231365828,65.0163958296477,56.029605186057346,9.855750005817931,Fruiting,Medium
Potato,Clay,20.124411189186322,93.27282909696956,46.05743884257179,140.75620100693297,Maturity,Low
Sugarcane,Sandy,20.930709093434626,68.15968601481953,55.10539844601368,82.43460936192233,Seedling,Low
Maize,Sandy,24.56451968619014,22.308992664555994,22.59623657518773,61.4416773646381,Maturity,High
Groundnut,Silty,32.804892474655546,74.28520824728925,78.49196580767531,30.812158746106853,Maturity,Low
Potato,Clay,21.303533278206437,87.91015191030617,82.76551546756701,167.98079091131314,Fruiting,Low
Potato,Sandy,18.489951813997838,79.66851873457449,45.972933049033806,12.768275797820138,Maturity,Low
Cotton,Loamy,44.10350659255296,63.787495446906696,32.43438892588615,57.96709247592806,Vegetative,Medium
Potato,Silty,15.659454444288688,70.34776348201373,21.266674212240986,61.276578765140876,Flowering,Medium
Cotton,Sandy,39.08092216008065,94.26438419387539,64.70118598222436,32.18105679270007,Flowering,Medium
Potato,Sandy,38.64105448725066,26.799656638200375,34.97854716965882,101.63697665737405,Flowering,High
Rice,Loamy,23.91642341535288,70.04336214749296,82.7630855930711,2.340525362178525,Fruiting,Medium
Maize,Loamy,19.068798480219403,41.254827092794535,63.680997987589606,60.19510308208182,Fruiting,Low
Potato,Silty,19.3688594011627,68.00677974396275,61.65482601393926,186.7258888066128,Flowering,Low
Maize,Silty,35.92294851711577,65.5717681912954,54.752169271859266,62.10591386840114,Seedling,Low
Maize,Loamy,34.28419773258521,31.509262408112157,13.662107154298049,72.09187742135032,Flowering,High
Tomato,Silty,38.4823702275416,35.505998430517934,84.55379485484696,94.63300964681432,Maturity,Medium
Potato,Loamy,43.12443517197314,66.62221835324101,60.234999463956804,112.33867497029495,Flowering,Medium
Wheat,Sandy,35.75782089799776,29.61724604778306,89.52495867064883,161.7417289641488,Flowering,High
Tomato,Loamy,19.675546096543304,39.88856563477421,52.988512381830965,38.06424463120352,Seedling,Medium
Wheat,Loamy,22.30327850296232,82.64341608035018,66.80887135249705,174.34927543851146,Fruiting,Low
Maize,Clay,40.265811926193436,44.5318629501229,14.496764629297774,151.50987142877787,Fruiting,High
Maize,Loamy,21.27918227502626,56.60451172022472,60.538894145872874,144.53006693231106,Maturity,Low
Tomato,Loamy,17.175669508634442,90.58552513593803,71.17196892722859,17.360914742927047,Flowering,Medium
Tomato,Clay,36.09840162126751,37.03618166277097,72.28114358820459,4.328137994916936,Vegetative,High
Wheat,Silty,27.07579066470426,49.22195130185078,71.60893217842283,118.8025401816168,Maturity,Low
Cotton,Clay,42.60120157637711,65.48433316576592,28.10261018349341,172.62679250463225,Fruiting,High
Wheat,Sandy,34.507652132809845,76.65041971279791,88.03187820841808,116.88829282812718,Seedling,Low
Tomato,Clay,17.712569333749823,87.62400400345288,89.6145696499951,42.64697308910617,Fruiting,Low
Groundnut,Sandy,43.435697017609826,88.66047406801364,16.0476700129281,18.103979589842645,Fruiting,High
Tomato,Silty,22.756717909207378,78.24800557794671,84.91571382494058,139.919290563547,Seedling,Low
Groundnut,Clay,25.116374712188573,37.124812744498286,33.155935544349546,144.3540554635619,Flowering,High
Rice,Clay,27.067812410506264,21.860699753192435,65.14272654007718,34.50634013742173,Flowering,Medium
Tomato,Silty,16.536728892129396,48.78304477667179,37.04887365889057,5.638063099307256,Fruiting,High
Rice,Sandy,29.895462666918146,30.616163824086748,87.42034586984973,81.6567026446394,Maturity,Low
Cotton,Clay,18.69955473225877,73.27907355787235,18.120308664282838,116.54374042660443,Vegetative,Medium
Wheat,Sandy,27.029109800650552,69.58479401192875,49.81974535651008,141.20048191343824,Maturity,Low
Groundnut,Clay,25.52129363976253,23.297873121609115,44.243823355365976,161.98900183058055,Maturity,Medium
Wheat,Loamy,38.1852025027951,82.74453343482134,36.081876182238794,122.10748546134647,Fruiting,High
Rice,Clay,39.095115348981935,38.65574497183867,61.64271927041189,22.176121719697008,Fruiting,High
Groundnut,Silty,19.60238647167264,52.417030661828164,20.4844594737334,136.51633442848296,Vegetative,Medium
Wheat,Silty,25.996535621376786,70.09503015918068,67.33299345069575,196.8353285789764,Vegetative,Low
Tomato,Sandy,26.20059483095495,52.206409013919,88.44736990438298,181.1169169194808,Vegetative,Low
Maize,Clay,19.542313318082552,53.09658520999575,74.36469715749041,174.33378185390254,Fruiting,Low
Rice,Sandy,38.95360515153571,24.922099650180527,78.80134023276364,60.43403067166817,Fruiting,High
Wheat,Sandy,36.2168498500627,50.10826619450029,38.7709394543202,150.15763529080013,Maturity,High
Rice,Loamy,20.71145358891104,77.36359199149877,35.9909285184975,170.2206891930291,Fruiting,Medium
Sugarcane,Loamy,26.00165725781397,88.63822528899483,51.36386837521066,135.66524092625264,Flowering,Low
Rice,Silty,18.174150745695428,51.01228527975288,13.658129180981815,50.11235131359611,Flowering,High
Groundnut,Sandy,33.84619791279132,51.768937015930916,85.6286507565226,190.76679437499166,Vegetative,Low
Sugarcane,Silty,18.641157736458588,72.69703297427391,21.502813841295378,90.16388229173518,Fruiting,Medium
Potato,Clay,44.578025058747535,90.70790008289575,82.24104313344739,25.96111173317588,Flowering,Medium
Groundnut,Sandy,38.42046224063587,40.02957051795202,16.686577760028456,21.9555790114784,Maturity,High
Maize,Sandy,26.707156487519853,53.010815490345266,75.80999421428481,129.50379745980916,Seedling,Low
Sugarcane,Clay,32.35691796838063,79.69799326642259,22.15700207025721,87.54192928334783,Maturity,Medium
Potato,Clay,42.34025448649226,65.7270177030529,13.050529127317816,18.89677503579272,Seedling,High
Tomato,Silty,31.622978411874783,28.293975797296604,67.5591560207527,148.07291443121892,Maturity,Medium
Rice,Silty,20.234954591938656,67.07995516716993,32.421224013954266,159.86503345172395,Flowering,Medium
Wheat,Clay,26.36110066743478,34.00597134479952,67.15969222274796,145.08312615729025,Fruiting,Medium
Cotton,Silty,40.294345950892364,58.26619505588031,54.40682003782558,40.452175536802585,Seedling,Medium
Rice,Clay,34.32639047968854,59.68274507453288,18.70459121840525,137.95509119921388,Fruiting,High
Potato,Sandy,34.52173153001401,85.71525216687387,84.57040586409309,2.1445605788770195,Fruiting,Medium
Rice,Sandy,41.004644570654676,54.68707055093286,46.18513398107821,61.02242793568185,Flowering,Medium
Maize,Loamy,41.819191723875136,40.95818166769207,68.75578222389504,79.76430628150875,Vegetative,Medium
Tomato,Sandy,42.59377715338309,37.32247611620237,50.08164576125001,167.04938977710032,Vegetative,Medium
Cotton,Clay,17.845475797594684,85.56889075132521,58.348917996896375,78.07887461388086,Seedling,Low
Sugarcane,Silty,31.32378005889303,32.82581408136713,34.22188738853539,2.2538892378796582,Flowering,High
Sugarcane,Loamy,37.21528563654956,51.94014206623578,26.028824320276023,70.46928236560188,Fruiting,High
Sugarcane,Silty,37.707805353810414,34.03798361952103,53.405616272645425,99.78481967185743,Maturity,Medium
Potato,Clay,33.20148605910012,77.99780300857816,45.21751783768016,189.80095733455468,Maturity,Low
Groundnut,Sandy,20.003620055510225,55.57794799809643,41.20905707471465,188.20686075790894,Seedling,Low
Groundnut,Loamy,38.92261661824993,46.33577679176091,63.80537560756984,36.17480764428231,Seedling,Medium
Wheat,Clay,36.60334000544837,47.082473046985015,65.24053056089087,37.02930834789031,Seedling,Medium
Cotton,Loamy,17.584073146471088,83.91606550422345,13.673604487301043,32.6762912929101,Flowering,High
Sugarcane,Loamy,28.914294740231288,61.53304657208286,37.09955953949377,157.78438648282065,Maturity,Low
Groundnut,Sandy,20.21932198565411,73.84008883484478,42.941164018110186,1.2044080736812735,Flowering,High
Potato,Clay,25.124311371389155,87.27788871880134,17.75137289313345,25.435439638375467,Flowering,High
Wheat,Silty,15.542432766170563,87.63062570304815,28.872069335863067,107.5919263288198,Fruiting,Medium
Tomato,Loamy,27.009896052322745,44.638179075339735,14.13134377782053,49.512413377353106,Flowering,High
Wheat,Loamy,31.496307634686314,91.4338447359789,89.69936788936165,18.471291647852418,Flowering,Medium
Groundnut,Silty,33.587477784812606,21.865691151095408,68.92457623758756,71.97560246676686,Fruiting,Medium
Maize,Clay,34.904710353861304,48.26266707621242,16.996012520220294,54.84152101204896,Vegetative,High
Potato,Loamy,40.088739393073794,87.18491431316312,11.61995038320737,102.2208613028569,Fruiting,High
Maize,Loamy,21.4638872182719,40.59776598627372,67.54302401218241,195.84671876603917,Seedling,Low
Sugarcane,Loamy,18.61445467315404,40.48110877409888,45.135373254613356,24.860927362983688,Vegetative,Low
Maize,Clay,40.54611515693777,42.696671381141655,72.94373672516608,74.54534096681886,Maturity,Medium
Sugarcane,Clay,19.698384446779496,65.92350386351916,83.8780830254707,186.39700357449493,Flowering,Low
Sugarcane,Silty,44.24280244008586,52.874958171076536,57.9440311213098,175.37460869876452,Vegetative,Medium
Groundnut,Clay,40.27614688195911,74.5051127265007,24.968673833380244,78.85420695685612,Maturity,High
Maize,Clay,30.026298176687973,87.11829819234994,72.5755228837162,139.7906529039473,Fruiting,Low
Sugarcane,Sandy,44.442642747660756,70.56495312071455,86.46493945394995,17.571402716269112,Fruiting,High
Cotton,Silty,17.921301873240125,35.33500401481816,56.418502964796474,142.50821110872303,Seedling,Low
Tomato,Loamy,24.09197283525305,89.95114267703767,64.55979578245868,194.5715458969483,Seedling,Low
Wheat,Clay,34.14673245121834,39.83696550106089,36.99797560293384,107.49763056683832,Vegetative,High
Wheat,Loamy,25.500206054195363,31.242072149611857,40.5222155728249,99.69804540688285,Flowering,High
Groundnut,Loamy,42.851176559423756,26.74754591457207,68.77235982824511,37.46372394038207,Fruiting,High
Maize,Sandy,16.968782645334528,62.25378054996242,84.22168787254553,126.75763978145838,Vegetative,Low
Maize,Clay,31.482354961828936,28.532184686048886,60.31907097794818,118.08745615578297,Vegetative,Medium
Sugarcane,Silty,32.72598802185344,30.408191308447307,73.18783267882779,130.3866118951501,Vegetative,Medium
Potato,Clay,34.58184371331672,42.50228604466225,23.73080139322984,5.216657336944364,Seedling,High
Rice,Loamy,22.669986699954432,41.12397572633479,26.956727220637884,109.74469766981471,Fruiting,High
Sugarcane,Silty,25.936992825595933,65.31796327491068,52.562774946671205,118.9869686994746,Seedling,Low
Tomato,Clay,40.310415889949326,81.25589596045111,24.124335379427244,41.506027082560436,Seedling,High
Cotton,Loamy,20.848283069104795,77.10122421521693,60.79960561767389,41.6665714977072,Vegetative,Low
Wheat,Loamy,39.80603541520086,39.68633410373576,33.332254831575916,55.24363370218997,Maturity,High
Sugarcane,Sandy,31.879662687082273,38.39828734894849,73.32260949335137,142.3443183454475,Maturity,Medium
Rice,Sandy,37.865625335822465,92.43436475802257,74.64882772914747,121.25321270647433,Maturity,Low
Rice,Sandy,36.408220987904144,20.617718119397008,47.102996460428244,169.15252922356092,Vegetative,Medium
Sugarcane,Loamy,21.22534486154637,85.97903997951619,24.464850803010822,59.13171436861964,Flowering,Medium
Groundnut,Clay,32.064382093016185,34.97963893418037,61.7419968865546,182.41361197766366,Fruiting,Medium
Wheat,Sandy,41.031694584152774,91.04632423173258,89.42296146108691,148.74123239667168,Vegetative,Low
Groundnut,Clay,27.96348710405788,45.67304636206398,59.80727183540186,79.00233400273939,Vegetative,Low
Cotton,Sandy,43.9977231066995,53.026383041993924,12.861975257120628,19.052413125091185,Seedling,High
Rice,Silty,28.566453003051542,73.03404604582857,11.383518061366606,51.3967324974965,Maturity,Medium
Rice,Silty,19.28356910003654,64.07517886049453,35.628957639384495,191.35364344297005,Vegetative,Low
Tomato,Sandy,26.6830404023302,43.845449728011715,25.662704548832387,62.07267517681587,Flowering,High
Cotton,Loamy,43.551072191716116,61.537318690086764,75.04409657146465,65.98019202981288,Fruiting,Medium
Rice,Sandy,24.591625480195628,74.80301632721647,77.58445336288004,37.9177862195434,Flowering,Low
Cotton,Sandy,41.04294479601188,23.175120942686906,30.689501704838094,161.3701202277531,Vegetative,High
Wheat,Loamy,41.437520450456695,20.839947894177808,36.05158215599141,55.12884604845547,Vegetative,High
Maize,Silty,25.505595729958834,54.35502043046685,28.899757417209173,66.05164967377112,Seedling,Medium
Rice,Clay,17.497729741518963,29.887746335263564,82.67060378970112,82.86962168632532,Flowering,Medium
Tomato,Sandy,36.73673727476455,69.82582185985359,50.21194676978258,86.74565595492194,Seedling,Low
Wheat,Loamy,24.34536897041958,36.05393421705756,62.49096352656159,82.26815808300434,Flowering,Medium
Sugarcane,Sandy,38.48770842772717,52.46383300967532,43.238566935968265,100.74873907494573,Maturity,High
Cotton,Loamy,28.279645447812992,34.82532026557017,60.48113548036249,162.90257592328066,Maturity,Low
Sugarcane,Clay,29.55800227027865,61.13626893118433,40.86843013773888,163.85700814840442,Flowering,Medium
Groundnut,Clay,38.33728220245611,28.704009453842666,37.17427501833804,159.66262675266938,Seedling,High
Wheat,Silty,26.470899931848837,21.73301395906102,60.758405853878415,20.2249678232975,Maturity,Medium
Sugarcane,Loamy,28.293820359687437,23.83487285800229,57.28496624391914,159.93576065496282,Vegetative,Low
Potato,Loamy,26.285714063088662,91.56938311364824,33.48223633343597,24.050354697315356,Fruiting,Medium
Potato,Silty,26.020215458318397,30.671466395820186,21.947876025557875,24.944754010451597,Seedling,High
Rice,Silty,30.778397307043782,73.13586898526265,39.48613550705101,189.57255432699216,Flowering,Medium
Cotton,Loamy,39.263983335034524,25.09446531671197,43.21581113135274,163.87956894110826,Fruiting,High
Maize,Silty,25.853049357676976,28.112026417638663,60.29474667396839,110.48209337360173,Fruiting,Medium
Wheat,Clay,30.7276416161321,58.1657188557001,83.1623010909491,174.99404089557243,Vegetative,Low
Rice,Sandy,35.121819763278026,54.865319761575776,12.894783802634011,197.87292851037256,Seedling,High
Tomato,Clay,23.08318338910965,91.36852320799022,29.49288100334759,122.12841332635551,Fruiting,Medium
Groundnut,Silty,23.325684147071776,90.8626589765553,25.497275382364826,122.5796873963036,Seedling,Medium
Cotton,Loamy,43.002393810703644,78.47064819068488,50.18355269550269,150.8854058319856,Vegetative,Low
Wheat,Loamy,36.70603719993266,65.15763725955122,44.376064563452786,46.42779047306655,Flowering,High
Potato,Clay,32.315600286699265,54.12202380447582,68.32300990561507,33.42497230375987,Fruiting,Medium
Wheat,Loamy,34.43160163261836,46.713390074631576,29.39327300358911,151.9161500030145,Fruiting,High
Maize,Silty,15.87898329310255,91.03156602316666,57.55986925998069,68.98095899882047,Fruiting,Low
Potato,Clay,33.5430889668509,65.21816085685143,80.70858108799675,27.0140712611868,Seedling,Low
Maize,Loamy,30.285266196726056,63.43043957644959,82.85421919346437,62.975545183549954,Fruiting,Low
Tomato,Sandy,31.37249039338307,37.39258413266862,86.70276837800249,71.72737357491508,Seedling,Medium
Groundnut,Sandy,25.782714804924513,23.50233634138348,71.86089216639908,193.04553190113813,Maturity,Low
Tomato,Silty,17.444216931388258,90.88914348196583,82.4790325007132,139.59194221758463,Maturity,Low
Rice,Loamy,20.800177008361565,43.53014441334905,28.762469758821936,106.17126347994679,Seedling,Medium
Rice,Silty,43.522341396380156,53.1941767493344,25.80647554803816,193.77462773652098,Maturity,High
Tomato,Clay,27.26098686812802,28.597995768928012,10.519046702442116,180.62794809483614,Vegetative,High
Groundnut,Sandy,29.000494674925925,82.7693247431969,66.54754859432786,102.40017132283195,Vegetative,Low
Tomato,Clay,16.58129369560317,22.072387464194797,84.99737502509956,181.13592707539615,Maturity,Low
Groundnut,Loamy,16.12698688631942,82.54930715743224,24.954827603334113,80.86093161253132,Flowering,Medium
Groundnut,Silty,36.51544341140273,30.52137595909751,60.95548603415031,46.08413307132493,Seedling,High
Sugarcane,Silty,31.14283992363334,86.49230844733641,69.7167807377422,46.535635364417026,Maturity,Low
Potato,Silty,30.261179526488,74.7329478002118,84.20913881184453,132.46310488842533,Seedling,Low
Cotton,Clay,22.29373591268006,32.35026968804788,61.748817921377736,100.21406414145542,Maturity,Low
Groundnut,Sandy,37.34252194889767,62.43634946446011,87.62349861990019,131.79016940108934,Vegetative,Low
Maize,Clay,20.047097373254758,43.44922357664146,37.57385128100382,137.21519285243397,Flowering,Medium
Groundnut,Clay,20.6980423098306,33.36748241836876,37.99428270171261,4.464574579543523,Seedling,High
Groundnut,Loamy,28.821365140448265,84.43866495583313,53.441000801147645,10.807918469580468,Flowering,Medium
Groundnut,Loamy,23.588395863358226,50.2642074880422,40.68015048927257,106.53554531824997,Vegetative,Medium
Sugarcane,Loamy,22.42388943699439,49.89077857740369,10.11405826300261,38.20709555201538,Fruiting,High
Potato,Sandy,34.357129336599954,32.7415006104965,68.54176200695899,126.50675376088793,Fruiting,Medium
Sugarcane,Sandy,34.52915235655634,48.729925706433406,70.13736331827867,110.43714783412962,Seedling,Low
Rice,Loamy,39.735512093997876,85.37126347466376,69.75796837494164,117.15207167417825,Vegetative,Low
Sugarcane,Loamy,27.531257009189275,47.23465328672269,37.60165332883733,60.49107596620213,Seedling,Medium
Maize,Sandy,17.192552730784506,91.3702671874841,51.78315786489375,127.96870125557933,Seedling,Low
Maize,Silty,23.20999154764373,90.97316744062906,38.79788145413356,165.8985272970046,Seedling,Low
Sugarcane,Sandy,44.40016389590451,30.867399448050953,11.282912002451662,199.61425071844744,Flowering,High
Potato,Sandy,32.88775725698106,33.29834401419836,54.9959153017135,167.68887723444286,Maturity,Medium
Tomato,Sandy,36.29211254403061,84.70055527489168,19.90085328672088,111.4997519359895,Vegetative,High
Cotton,Loamy,15.220734888762436,49.457068919353944,16.403305927315248,38.68591833599131,Flowering,High
Potato,Silty,30.546171965475626,20.3280486712257,70.43992549574298,136.28917522396418,Maturity,Medium
Sugarcane,Sandy,16.125859725954093,40.54038647790283,10.76049619344845,187.53075711159565,Seedling,Medium
Groundnut,Loamy,32.07690636274344,64.82217448966699,86.72067548869809,42.37330794646048,Fruiting,Medium
Wheat,Clay,42.62312548908226,79.9449474469976,51.22042912900615,51.19912410531542,Flowering,Medium
Cotton,Clay,44.05257391501223,30.004146281994466,88.64131445649187,29.80170868233023,Vegetative,High
Cotton,Sandy,31.216580261667726,28.29060233125515,14.639805797816674,147.34432872528035,Vegetative,High
Maize,Clay,28.746144157566476,89.15694901792487,56.68236390927306,81.31230068473185,Maturity,Low
Cotton,Silty,43.35051282745482,76.33612758669369,37.9461628780729,12.539127777276814,Flowering,High
Sugarcane,Clay,35.208294959900854,64.23347005835589,77.47859942514286,174.98999829805604,Seedling,Low
Groundnut,Clay,16.946978386152285,77.6890092496946,38.897818818742905,111.53438094051333,Maturity,Low
Groundnut,Silty,28.971767330024925,52.16407709799788,30.839006324587928,66.21885840007116,Vegetative,Medium
Rice,Sandy,22.207350553929118,76.8841810481845,78.60425016799306,68.79659521221939,Flowering,Low
Groundnut,Sandy,29.094129643460448,47.88522434559018,39.97224733226088,58.050244038181354,Fruiting,Medium
Potato,Silty,28.66396716019085,38.30709293694518,11.346665588844917,91.09603447852837,Seedling,High
Groundnut,Silty,32.46434408444226,74.67600659697266,41.2231280671467,67.408337697629,Vegetative,Medium
Maize,Silty,25.703114710477536,51.475421911795124,62.361781520875354,109.58926081412189,Flowering,Low
Groundnut,Clay,19.92811348367784,93.60328282446461,30.348763104510546,154.70345045425884,Fruiting,Medium
Rice,Silty,30.111583037698686,46.21138867310758,44.55900739401258,134.8922566888747,Vegetative,Medium
Wheat,Loamy,39.90608653037286,89.12955653982995,14.537211062578042,58.891378550823426,Fruiting,High
Sugarcane,Clay,34.92036684202807,89.97219114253096,57.047423321116575,105.74820230795585,Vegetative,Low
Maize,Sandy,25.151035977756475,38.13897102985596,70.5035939088315,168.02523198245015,Maturity,Low
Potato,Sandy,43.06569068276572,79.86658861910101,43.065004912088824,13.641246948545094,Maturity,High
Wheat,Sandy,42.36622713747546,52.48058788584238,43.618610624116805,15.65945339738095,Maturity,High
Maize,Clay,21.280451981522965,88.8143545422761,17.062599886793315,111.2340136099507,Flowering,Medium
Tomato,Loamy,16.18252755361089,53.75932044764291,26.155269160958603,127.82302567796064,Maturity,Medium
Cotton,Silty,37.239261250522866,75.82277880030246,22.374024250233013,42.28260315518082,Flowering,High
Tomato,Silty,39.828307840474594,55.02255568728484,48.535021492923036,149.0440253383036,Seedling,Low
Groundnut,Sandy,44.03593697854066,37.08505667846421,52.34044327606001,129.25267540814548,Maturity,Medium
Wheat,Sandy,41.69509182264932,34.95125967085147,85.9152105027408,184.6578536472573,Flowering,High
Groundnut,Clay,33.01604304619244,51.90733956922592,15.858520342178712,33.79084037170734,Vegetative,High
Cotton,Loamy,30.901570176371425,76.66209927606613,57.98943785240377,150.27485307160214,Flowering,Low
Maize,Silty,15.835231537877588,65.3803613885575,52.119882186259304,16.728618116653404,Flowering,Medium
Cotton,Clay,22.399693405343335,71.64719674254074,51.29864783486633,113.0584819035795,Vegetative,Low
Rice,Silty,28.788442551987792,41.174476304895684,79.85274299062611,110.37902789982917,Flowering,Low
Cotton,Sandy,33.855117002507036,56.107650946820414,26.443077655638916,77.67700892934812,Vegetative,Medium
Rice,Silty,31.71755499955232,23.329644872699525,13.261861947309717,168.91422953371344,Fruiting,High
Cotton,Loamy,37.279079690450715,81.31493119685905,63.781720610735405,0.8741289572024469,Maturity,Medium
Sugarcane,Loamy,23.393007926611226,94.24191216799059,37.61259713087841,104.03588037970415,Seedling,Low
Rice,Sandy,31.948578229574196,50.51592969685032,11.407193297001967,43.43070996703749,Flowering,High
Wheat,Loamy,17.644267301723765,20.822273984865753,30.109920583233105,148.69972382328658,Vegetative,Medium
Groundnut,Loamy,27.40996570749621,32.734447966321056,34.74614193734495,8.613485261219434,Maturity,High
Potato,Clay,37.504824988638035,68.93951583128141,59.34707014273936,166.31093763631551,Flowering,Medium
Groundnut,Silty,35.802025602871325,65.90594886528945,23.806863523941768,167.6184453413903,Maturity,High
Tomato,Sandy,44.71928211516537,79.0898539689158,43.04434783627184,166.5732024807006,Fruiting,High
Groundnut,Sandy,23.33673377963268,39.04130082208012,48.5980355534266,30.51370534653397,Flowering,Medium
Maize,Sandy,29.945678975219373,77.27239366603506,46.73899130912727,126.08130371220898,Vegetative,Low
Sugarcane,Sandy,24.885912413219902,71.59880161427523,87.91526133334254,2.873471836677921,Fruiting,Medium
Cotton,Sandy,28.218093421775244,44.21108732853825,13.640339023223689,169.59251825783997,Flowering,High
Tomato,Loamy,40.708503896081645,60.91161110427215,86.07745491619195,144.5950387017241,Maturity,Low
Maize,Clay,35.5262722556546,31.045535637374506,56.55497711952266,106.23074617985053,Fruiting,High
Maize,Sandy,41.473235740427455,53.942337757668696,73.65821719758706,146.1182866193234,Vegetative,Medium
Rice,Clay,21.105333249956594,86.08980046667307,44.431409441286036,18.864819330354443,Flowering,High
Groundnut,Clay,41.20083353524314,51.58935348690431,46.30703050055843,105.73116643537126,Maturity,Medium
Wheat,Loamy,16.792868225351533,82.96750298565665,80.34611992126588,58.255298363289086,Maturity,Low
Potato,Sandy,41.65797841311458,64.26900239447707,81.67475970335217,194.5238926445946,Fruiting,Medium
Wheat,Loamy,24.872213383821837,34.39075348267676,29.09511051450381,171.42359012478033,Flowering,High
Tomato,Sandy,24.437629002421993,63.58296835234223,25.939350286769454,146.65513916679538,Maturity,Medium
Sugarcane,Loamy,30.362657300959917,57.948749686779756,49.69881390959608,186.74952704994638,Fruiting,Low
Wheat,Clay,43.22070563169695,49.8981001397288,82.02216217021532,69.36866091309474,Seedling,Medium
Cotton,Sandy,16.43344094044216,28.972282963705275,35.7884074724941,180.17597979763624,Maturity,Medium
Wheat,Silty,25.566929252122357,51.25314978854224,62.1611692271305,65.04764642134207,Fruiting,Low
Tomato,Clay,40.69715966050008,25.457178217972032,66.65213501924809,146.5593439382306,Seedling,Medium
Potato,Silty,26.881634323064002,27.407678854906344,72.29397319153247,147.2833823552898,Fruiting,Medium
Wheat,Clay,20.97470692791201,51.1937399699537,55.11395663367706,3.6699752908186944,Maturity,Medium
Cotton,Loamy,27.743825439942356,42.90361114763478,42.19641426231757,72.21193965563903,Seedling,Medium
Rice,Sandy,26.56657504475008,89.41582443966676,87.36127910391784,3.8865344816995773,Fruiting,Medium
Sugarcane,Clay,42.4624860440011,48.177935403520294,58.906460264228215,199.41840352204972,Flowering,Medium
Tomato,Loamy,37.85803127229291,76.83935915540751,68.28521693066166,24.4393523658476,Seedling,Medium
Rice,Sandy,30.153466672320192,59.7685644774682,37.59862765567027,108.56217912962187,Fruiting,Medium
Rice,Sandy,44.65111700164714,72.80642514817515,63.595934480246406,158.11124775252745,Flowering,Medium
Rice,Clay,28.9583259382777,39.50869872615494,30.62381297313007,40.252720452178494,Seedling,High
Maize,Sandy,16.747134924608257,90.64287296287468,29.607753402290893,97.01053361909453,Fruiting,Medium
Sugarcane,Clay,22.868229654449546,59.7566372685818,67.1777761447541,121.48575218423017,Maturity,Low
Potato,Sandy,28.08211440657938,82.34930534639372,51.711578901034805,32.040950879109076,Seedling,Low
Groundnut,Silty,19.707078724383603,47.378427010708506,64.66212883379117,155.7110919823077,Seedling,Low
Sugarcane,Loamy,43.42695378972129,27.51585117878934,31.555079259847332,59.867291437873064,Flowering,High
Maize,Silty,38.00546693453319,70.52837357906367,57.897867284538435,42.20461526776806,Fruiting,Medium
Groundnut,Clay,23.04861601283318,20.581973625306837,45.514691976249004,111.65774928748337,Maturity,Low
Sugarcane,Silty,32.724136005537474,55.64697324241312,57.756822947642235,82.06272552858758,Flowering,Low
Rice,Clay,36.64347471328716,34.460142699984445,33.27037857953755,184.05718892728356,Seedling,High
Tomato,Sandy,43.23836786720394,67.05316283265216,67.2360770919299,176.0125396396308,Flowering,Medium
Groundnut,Sandy,41.449060475262314,93.45649048533892,74.47434929275724,96.67013267777665,Flowering,Medium
Cotton,Clay,30.455766784146412,54.830217974048445,30.793317908617894,71.85275494511951,Flowering,High
Cotton,Silty,38.239578593790526,81.312369239425,34.04964478845137,65.10359632625304,Seedling,Medium
Wheat,Sandy,31.86434261482755,58.08381402133408,62.89234157752744,53.512724616301476,Vegetative,Low
Groundnut,Loamy,31.581116701366202,57.18800233280181,65.64681394428354,108.90957074249545,Flowering,Low
Tomato,Sandy,18.442258750145758,89.78176198840833,66.327974751796,160.9957209469087,Vegetative,Low
Potato,Loamy,18.784129740484563,86.7474401560011,64.61588038206695,62.15132164071156,Maturity,Low
Maize,Silty,30.88600845067372,78.93503488909809,41.4246173562031,38.0188179376163,Maturity,Medium
Rice,Loamy,23.065846349370197,42.21918149875881,41.588293952294265,95.09676123665736,Maturity,Medium
Wheat,Loamy,15.631107073814059,60.87563117929554,30.385409891550516,13.806883359533305,Fruiting,High
Cotton,Loamy,36.685176117006364,36.792292497926375,22.546695991709036,140.25580122594135,Seedling,High
Maize,Loamy,15.974597900704948,53.29375235349048,65.40619035175246,103.67165326038672,Vegetative,Low
Maize,Sandy,32.85830523312164,56.315979931984295,17.455102877785027,99.27496159457083,Fruiting,High
Rice,Loamy,31.175813823819432,82.37300301269983,85.02338294294253,60.089075910004496,Vegetative,Low
Potato,Sandy,44.064440717334136,87.20212739937448,76.1349042937161,180.93468750634733,Seedling,Low
Potato,Loamy,29.52639418042925,51.096504679735844,78.60045919658049,18.09725836991054,Flowering,Medium
Groundnut,Clay,16.90804309133392,21.32783338049279,82.53350516921522,173.96480177740628,Fruiting,Medium
Cotton,Silty,31.55063903419385,84.6330379842016,42.688397657859205,75.34104048318453,Seedling,Medium
Potato,Loamy,40.23288511848304,33.07090088760205,77.73605786803208,176.12470319500446,Fruiting,High
Tomato,Clay,44.9054785284432,66.6411472917795,22.644904023331947,145.7522916664767,Maturity,High
Potato,Loamy,27.910295210672174,21.87281753255984,11.731343568658854,20.83414533240766,Fruiting,High
Maize,Loamy,24.608962274902275,49.96298564454232,72.791311573108,166.30725730187072,Flowering,Low
Rice,Loamy,42.19959890855996,93.94702265865124,15.983731839755144,136.435366739901,Flowering,High
Tomato,Clay,20.73726387228364,27.552020082785234,89.08197338607373,6.46038258306969,Vegetative,Medium
Groundnut,Silty,33.4628674509878,51.77698639997317,63.983714368124474,26.740536421933992,Fruiting,Medium
Cotton,Clay,27.17143272542843,43.036246264246415,70.27597681936844,127.12561116713903,Maturity,Low
Groundnut,Silty,16.23247094866666,87.88160925411982,29.664308502229275,132.520100576057,Flowering,Medium
Maize,Loamy,25.418654229170933,85.20050809305164,63.90923151357505,149.330286567519,Vegetative,Low
Tomato,Sandy,22.956855675080238,37.827407022967165,13.457594980396577,144.04908015499637,Maturity,High
Tomato,Loamy,35.582734618304606,26.089084028782338,77.02605759388807,131.903990933991,Maturity,Medium
Tomato,Silty,43.46371493075755,67.03537955458381,23.569927442525795,153.2477803492845,Maturity,High
Maize,Clay,23.041415621359132,45.22765339127823,65.78864534670164,115.01714117847457,Seedling,Low
Maize,Loamy,39.34397817455046,70.40632929545473,27.95844009861827,52.158277104890985,Flowering,High
Groundnut,Clay,16.660794508152286,22.408981705086084,15.476253554083419,182.47532274614363,Seedling,High
Wheat,Clay,31.143630301194396,30.004942638311704,48.519494283951545,3.6428061863955863,Seedling,High
Groundnut,Clay,17.116501911296837,71.47791745794825,23.542896821823156,73.31234397429805,Flowering,Medium
Cotton,Loamy,43.02098973391918,35.92779914768733,68.35551906612397,145.77405861943268,Fruiting,High
Rice,Clay,37.990538416721705,84.31907568218011,29.00526747067879,85.43120822993487,Vegetative,High
Tomato,Clay,34.73849733613777,24.394316578260156,37.39780449886631,4.966881496002862,Flowering,High
Wheat,Loamy,39.71689144873993,36.1611487089181,55.395140101157835,13.196180623242636,Vegetative,High
Rice,Clay,34.425593867104894,94.89201863638014,32.797462206184925,129.72747382765772,Fruiting,Medium
Wheat,Loamy,44.06833191522874,52.480707694009446,40.239049296796935,192.97291988105994,Flowering,High
Potato,Silty,36.41873843594314,72.72242476584827,75.24974168323094,110.3727271668998,Maturity,Low
Potato,Silty,42.7397582874674,33.69972866427602,24.336787964882056,101.3515636047538,Flowering,High
Sugarcane,Silty,30.51395676031914,65.74015512391533,16.576127158554694,63.665042611253455,Fruiting,High
Potato,Clay,18.51193238945588,74.45795512770638,36.268622810641546,51.33813477321263,Seedling,Low
Groundnut,Sandy,30.845331642690514,43.58574768998829,43.950141361110255,4.196996351256943,Flowering,High
Potato,Sandy,18.8061848418928,82.16728339819083,53.41274257092542,54.59097352809423,Maturity,Low
Maize,Clay,32.77480437529215,65.25631838542125,39.79389569400056,89.82208817305049,Flowering,Medium
Tomato,Sandy,29.47479181582989,49.18422572112726,73.19293601782441,39.589956609790036,Seedling,Low
Groundnut,Loamy,33.67726193498345,61.82317950073689,13.145559013477861,17.469597696285845,Flowering,High
Rice,Sandy,15.301409431644949,63.25706355769432,44.541403055884636,143.54557345092053,Maturity,Low
Sugarcane,Clay,20.845214749660922,32.41514695203995,40.58047317251237,178.92405381361343,Fruiting,High
Sugarcane,Clay,29.739912957363927,50.20492774002246,61.80627926454872,187.35441393741712,Maturity,Low
Sugarcane,Loamy,43.51510684767405,45.75729410146198,87.30210015179168,123.59974569939787,Fruiting,Medium
Rice,Silty,26.508271210654755,50.06770419343445,50.83003253030897,10.554916519856361,Maturity,Medium
Rice,Clay,27.73116078160904,77.08329413639434,88.95014775533764,148.17252599235468,Vegetative,Low
Rice,Loamy,36.44088267019866,56.19038056000045,34.1799515930558,22.019061052377275,Flowering,High
Rice,Sandy,33.113782718583536,90.52371149294483,12.469450603396881,133.94962353756478,Flowering,High
Sugarcane,Sandy,23.967784502949996,42.02573100188272,23.253053398113018,155.87316714957515,Seedling,Medium
Sugarcane,Loamy,27.324491867022832,51.17776837136967,41.60999078196539,145.17294216529456,Vegetative,Medium
Wheat,Loamy,21.530993965716974,79.02176078592811,35.306712735084176,190.37676115222612,Seedling,Low
Groundnut,Clay,43.98064377390625,60.95184449905627,17.764330478670214,147.62925689347796,Flowering,High
Tomato,Sandy,18.919031446720794,61.02711098183358,44.61280861525735,138.6419555963617,Seedling,Low
Potato,Loamy,26.155103536992584,24.000512225388764,37.04926173276502,52.34863443662048,Fruiting,High
Potato,Sandy,15.775169166600335,49.89497470388419,19.809537636595074,184.95373728718033,Vegetative,Medium
Maize,Loamy,21.653384758006393,40.30502993162993,33.689370448952715,35.90877415883338,Maturity,Medium
Sugarcane,Sandy,38.414134151404646,94.95013421233365,80.91488442843124,180.9793222946253,Fruiting,Medium
Maize,Silty,21.035256968666385,43.12663029742327,34.163909239147216,62.53250866918207,Maturity,Medium
Groundnut,Clay,17.401902075868968,86.33724010953976,67.11643385936412,26.03271877553375,Seedling,Low
Groundnut,Sandy,29.233595395335698,70.7175301280358,58.96376637262045,165.33660545423413,Flowering,Low
Maize,Silty,15.299077042035554,45.56873068940678,44.17449299266974,0.499090720165829,Fruiting,High
Sugarcane,Sandy,17.542984632789995,60.76507837805927,29.122050944293534,166.41766353616615,Vegetative,Medium
Maize,Sandy,39.228776086889255,83.04019099618952,39.52117594767564,52.46236840919518,Maturity,Medium
Potato,Silty,38.14420034578819,86.2526223523184,57.368577077683426,176.94425455112426,Fruiting,Medium
Wheat,Sandy,42.45416461214688,32.02954062546089,38.060257179948394,138.2958364483158,Flowering,High
Potato,Sandy,40.635463077322484,45.46798559061272,27.191714685938546,133.23666657011802,Vegetative,High
Cotton,Clay,35.49526689719454,45.141738516017874,19.31701991133057,73.06391263296868,Vegetative,High
Sugarcane,Silty,16.569985719019886,23.153359705695852,80.38135503276523,11.880594778154197,Maturity,Medium
Sugarcane,Silty,38.485458539599726,64.86783198889225,45.22503806015245,166.01461964111544,Fruiting,Medium
Tomato,Loamy,40.36532432521682,84.1115039744141,60.0166657394344,34.1807590353056,Fruiting,Medium
Rice,Sandy,38.97246437315863,48.61807908691384,49.23282889094442,74.45172837895045,Vegetative,Medium
Cotton,Clay,30.254371059240782,75.50269587381328,79.80532146863708,120.07093710181636,Seedling,Low
Groundnut,Sandy,21.98705515948445,67.07753102005549,53.75478819585687,96.45074771212434,Vegetative,Low
Sugarcane,Sandy,40.3598992706618,48.17365516197506,48.46251343592907,39.73212703426361,Flowering,High
Maize,Loamy,36.814884292204155,30.579484961922283,83.96807923373701,28.12327137645678,Fruiting,High
Cotton,Sandy,44.422835231665545,73.19928895819754,67.57516768362837,24.649254450058123,Maturity,Medium
Tomato,Clay,19.670777932677986,84.09238767059304,18.923992587748586,172.6015762998402,Fruiting,Medium
Groundnut,Clay,21.769937491561652,71.4390869301119,24.216356895745122,6.311909812266725,Vegetative,High
Rice,Loamy,21.35394449644508,21.340886302611356,72.96982903515536,195.40285191997887,Flowering,Medium
Rice,Sandy,38.7761930286401,36.217467079324344,76.86810569439635,39.70573807708282,Seedling,High
Tomato,Clay,20.607218893503543,25.210998866264895,53.61526632722372,22.064459375815627,Fruiting,Medium
Tomato,Sandy,16.999794894699182,62.77895746821701,54.35641822933114,115.39433095535902,Vegetative,Low
Maize,Sandy,44.956824197568864,76.73582591303094,60.554637028115565,15.997191588139327,Vegetative,Medium
Sugarcane,Sandy,15.744516343354475,28.293439030149457,45.12926194261116,120.49065263271899,Vegetative,Low
Rice,Loamy,40.05732180476597,82.8753365445039,64.41592987871232,170.12532896272262,Flowering,Medium
Groundnut,Sandy,25.961005246519584,61.66317337966124,18.678500605313253,9.579604293484966,Vegetative,High
Cotton,Clay,40.248463792734455,71.74767591062937,86.9023393893909,159.97372090570883,Vegetative,Low
Groundnut,Sandy,31.63861473633435,92.85513864564847,70.01238590359374,78.89548819642374,Vegetative,Low
Wheat,Clay,42.0489368845908,26.2760741185773,60.49393632072055,31.898126766241997,Fruiting,High
Wheat,Sandy,42.7857895924388,87.5918017233342,35.305764560758455,35.21929605349181,Vegetative,High
Tomato,Clay,15.27294543842328,29.457702199055696,22.876438996538333,183.75290873884524,Flowering,High
Maize,Clay,17.262365279783648,49.47191049775117,42.74743710631557,22.121150388132893,Fruiting,High
Wheat,Sandy,22.510761887125664,83.85790222483357,62.926139245924674,173.35655742313142,Vegetative,Low
Rice,Sandy,35.07946249090505,87.96906775534012,60.69677947384888,108.84892419672292,Seedling,Low
Groundnut,Clay,41.64816589534518,57.9778755158859,40.61129240524572,7.811235763287816,Flowering,High
Groundnut,Silty,28.798258538818885,64.55784787065689,59.06291150665038,92.89522914346766,Seedling,Low
Tomato,Loamy,33.20919348822797,73.1110500948918,75.0998636454038,163.48990289526014,Flowering,Low
Sugarcane,Silty,20.654995583866835,82.45690013395355,12.102781787008565,145.24055752782007,Seedling,Medium
Sugarcane,Silty,39.14900501645056,29.11333771532496,46.049683834422055,97.75648353694358,Vegetative,Medium
Cotton,Sandy,44.01984334060409,80.75519811719207,70.68441827734328,172.00997593924342,Seedling,Low
Tomato,Loamy,23.057967987437923,56.095711288371255,53.691557637070176,24.07295235604594,Seedling,Low
Potato,Silty,29.84477854801639,53.79675688311267,62.1180870343256,181.98821067847376,Flowering,Low
Cotton,Sandy,17.583483315191213,51.79248139977487,51.33411140842736,169.28824169666976,Vegetative,Low
Potato,Silty,31.774099693889053,58.19086889345319,89.34996357458488,141.6553651314472,Flowering,Low
Sugarcane,Silty,30.083503255400416,90.87879150459527,14.369722919123058,163.57754842574985,Vegetative,Medium
Tomato,Sandy,19.333094524652328,61.11528295941137,49.28358574179018,108.7631013685332,Maturity,Low
Potato,Sandy,28.26198639354225,91.48831536973545,17.313323929161413,135.03248581953338,Fruiting,Medium
Tomato,Sandy,25.023139562596896,33.52175979617304,22.782844969085634,112.11961414155579,Fruiting,High
Tomato,Loamy,30.65492625915568,74.31019841244748,40.64306803346095,71.08570610158986,Flowering,Medium
Sugarcane,Silty,32.56963006286398,80.91796539565604,22.443207320038987,113.77215947223551,Vegetative,Medium
Cotton,Sandy,15.254867358216286,70.93466235011465,87.09497327653209,51.49306650638514,Seedling,Low
Cotton,Clay,37.830179488486664,65.51917101699053,85.74318213801273,88.05583416815705,Fruiting,Medium
Tomato,Silty,36.39042875585223,62.36095858146367,36.8887716976483,56.15508145204864,Flowering,High
Wheat,Clay,25.988591586195668,84.5697861934022,61.17981696301436,24.577557892277802,Flowering,Low
Maize,Loamy,16.588078067064547,81.6234947873375,52.70026564750289,64.37237127798123,Flowering,Low
Sugarcane,Sandy,37.647976193551514,29.171654088544962,75.24695844126148,170.39744363695414,Vegetative,Medium
Maize,Clay,43.65525481434398,83.64407427731587,60.195648785355374,76.21615412846114,Flowering,Medium
Maize,Loamy,22.204547880660428,51.055146458033185,10.020196359244968,149.6007297937738,Maturity,Medium
Cotton,Sandy,24.70573841211114,39.027262249685805,71.05395084877911,35.03957084763225,Seedling,Medium
Cotton,Clay,20.51438668445445,85.23264260104445,69.74784970368944,84.88383183352832,Flowering,Low
Wheat,Clay,32.30808370034519,52.40185997253062,50.77781644531848,22.97121386703531,Vegetative,Medium
Maize,Loamy,19.645241839423647,80.62735176326126,82.2335178586443,27.724212673497938,Seedling,Low
Maize,Sandy,25.685818303841383,39.75527089668834,82.67569645523213,123.48727597801383,Seedling,Low
Tomato,Sandy,35.91039041802789,20.294699106666336,51.91293413635178,121.49636348980222,Fruiting,High
Cotton,Clay,31.803479490280452,57.15943946772083,58.63905849572301,42.67438147097244,Flowering,Medium
Maize,Clay,26.593876929838057,27.517119248216318,89.72176575397378,94.88463885775973,Flowering,Medium
Groundnut,Clay,27.60748805422626,76.57819666436822,33.9056187849134,172.6612333955896,Vegetative,Low
Wheat,Sandy,31.863326478696884,40.70563520520578,35.96937938491819,34.84030173529658,Maturity,High
Potato,Loamy,15.17594183661484,53.27342349526091,24.62191221307971,3.842106614702967,Maturity,High
Groundnut,Loamy,17.355296053608296,26.527517381866566,81.66935513262943,130.39902813271448,Fruiting,Medium
Groundnut,Sandy,41.43774203289035,41.49944363354395,69.5590711959413,10.699641617736999,Maturity,High
Potato,Silty,17.336369672738723,78.61176824439289,18.45142790961935,195.9880477144892,Vegetative,Medium
Sugarcane,Loamy,36.20410788631516,31.36909339267396,88.54138809583725,121.9240567597762,Fruiting,High
Sugarcane,Clay,42.601144923271576,68.5369670845218,68.4769366528893,94.07927056879446,Flowering,Medium
Wheat,Silty,23.120508129051935,88.80693896033759,78.04176876839796,85.99850800486135,Maturity,Low
Groundnut,Silty,26.11474311178543,70.98775698182902,13.852063133856074,114.61413170338628,Vegetative,Medium
Maize,Loamy,32.06764217534149,80.826626696917,50.396873515373414,18.124887344042982,Vegetative,Medium
Cotton,Silty,41.45126908915754,28.172872197793687,65.88786293816314,186.00381176389917,Flowering,High
Wheat,Silty,43.257167617812605,38.804886950154085,53.435726765747305,125.12841371037555,Vegetative,Medium
Tomato,Loamy,37.18689744333804,87.09041391804433,63.3317972559422,36.795699522181756,Fruiting,Medium
Potato,Loamy,17.59859282564082,73.6329210213567,75.4299250872378,112.51621075293257,Fruiting,Low
Groundnut,Silty,35.07462466604552,67.96653697829834,39.9469650368157,26.651301166602327,Seedling,High
Wheat,Clay,27.309111656179862,69.78250520912749,77.89349404949678,3.510543511662423,Flowering,Medium
Rice,Sandy,29.121029984731848,51.06504157284826,23.033288381223258,126.1033970427996,Vegetative,Medium
Rice,Silty,16.47445171035531,23.34174737132399,31.67088440210998,129.69666837402556,Maturity,Medium
Sugarcane,Silty,20.731864180390744,78.83311565530468,13.467649594186062,116.73931656068311,Fruiting,Medium
Potato,Clay,38.71540822600943,70.90349271615153,39.15414490682009,36.696640872004615,Flowering,High
Cotton,Silty,28.618764991435793,55.460334808454355,40.39276358592963,120.68597169895341,Flowering,Medium
Maize,Silty,24.049867248934465,87.48197115261931,74.42164777658007,11.302188184903962,Fruiting,Medium
Cotton,Sandy,26.520572218948743,45.21197487388241,62.250453623172476,121.84767111438445,Seedling,Low
Cotton,Sandy,40.63198539977041,42.07413081734269,44.93780465245333,110.80340382152376,Flowering,High
Cotton,Sandy,37.46997052214871,85.4597243809582,62.169118289899856,131.0509661678199,Vegetative,Low
Potato,Loamy,23.169461915432485,79.7740741069239,14.222668041255293,179.09512115047878,Maturity,Medium
Cotton,Loamy,18.5250552063712,58.62348579862586,24.42172288147009,170.0716210479073,Maturity,Medium
Tomato,Sandy,22.55994664932215,29.805105459338748,60.1558284193404,196.13083831250776,Fruiting,Medium
Potato,Sandy,42.622693531642014,36.130360359878935,61.30934553802418,195.248206587315,Flowering,High
Tomato,Loamy,32.447665135492656,69.2170992806605,71.93077269659418,154.46393867475052,Maturity,Low
Potato,Clay,31.004406262343487,48.878092838030874,42.23998072428817,191.2839244355456,Flowering,High
Sugarcane,Silty,32.89180799077384,82.73548937494783,67.8043277292925,173.4567771778224,Fruiting,Low
Wheat,Silty,25.98084797239546,91.24662569991531,64.71842660481515,145.51648997899457,Seedling,Low
Rice,Sandy,39.21321060958538,80.42276939561887,87.07147026958792,15.076850928751039,Maturity,Medium
Cotton,Clay,30.698587479007493,48.31590672466679,27.210418113974335,9.809977653977553,Vegetative,High
Sugarcane,Loamy,18.502437083063867,79.15148219235681,54.134365100211156,167.51991350115404,Fruiting,Low
Wheat,Sandy,18.871953744871888,46.358125510301264,58.141155368837545,97.93117157433966,Seedling,Low
Rice,Clay,31.10577439507855,32.53250658242254,89.89183079473766,162.92133687498418,Vegetative,Medium
Groundnut,Clay,43.097106542125175,22.504490364939304,26.094731373332138,62.58365413104387,Vegetative,High
Maize,Clay,24.25056365028596,48.9287534570765,51.85744159738338,79.52997166460256,Maturity,Low
Tomato,Loamy,41.08623506577655,87.76694777729614,37.69482461709111,140.03734420238638,Flowering,High
Groundnut,Loamy,37.92286759736638,37.92399408167574,52.07143748631999,183.06534738641864,Fruiting,High
Potato,Silty,22.434373287207205,35.488487369733804,28.570288168248474,17.552294895777187,Vegetative,High
Rice,Silty,16.090222449487275,92.73655889307803,13.808990274199049,172.29562892692124,Maturity,Medium
Groundnut,Clay,18.055417954271483,21.875308463794408,55.80523631181511,158.60254497587306,Seedling,Low
Maize,Clay,36.854818015423206,78.93366127953158,36.86834526886657,63.10785414597093,Vegetative,Medium
Sugarcane,Loamy,20.9900921412194,44.102746680565275,24.555312139874694,71.04332282631192,Seedling,Medium
Rice,Silty,26.138127615161814,22.81159676522445,35.9148452862427,9.292295444381926,Fruiting,High
Groundnut,Clay,30.050974980192745,88.83519051571878,13.942416115819594,3.148122223343597,Maturity,High
Tomato,Silty,36.76404505350489,30.47317476571877,86.03537872720827,95.40122527154583,Seedling,Medium
Tomato,Silty,18.39693669777376,61.383446279427154,56.491833197860835,19.107929099462105,Flowering,Medium
Wheat,Clay,27.190992158323844,40.554065557216084,75.18149450776198,38.8003628830426,Seedling,Low
Groundnut,Loamy,29.55218727428086,24.88946016385183,43.84945580381843,169.35343990533272,Seedling,Medium
Cotton,Clay,31.22481191914619,23.74418642475343,82.26517340529486,114.20567825009049,Maturity,Medium
Groundnut,Clay,39.5508192418565,28.66675241272541,48.66545772418027,126.72648745322267,Maturity,Medium
Sugarcane,Silty,20.150345851296507,25.352526041703506,55.91562577605355,37.495866166384005,Vegetative,Medium
Rice,Clay,39.23494355479867,77.04185866399422,49.343518405012546,165.7323608908839,Seedling,Low
Rice,Loamy,35.78635283089957,56.417465171257184,68.66226366941213,173.5959544879495,Seedling,Low
Sugarcane,Clay,31.67612442596878,45.716906851173476,55.332486208164994,104.66551874260868,Maturity,Low
Groundnut,Loamy,35.98583611207716,51.37766825990054,31.727913886431818,182.51155437573198,Flowering,High
Sugarcane,Loamy,27.360532168549692,89.67100516794675,21.643162505811702,168.96572499091633,Maturity,Medium
Maize,Silty,19.151927579043736,88.30638595536104,58.489951110638216,146.2648353348876,Flowering,Low
Potato,Sandy,34.97295720796102,73.67573600919326,49.1343969237629,146.81518313872573,Maturity,Low
Sugarcane,Sandy,30.740169200568666,86.35117830662658,17.678055735689036,21.07869479017266,Fruiting,High
Tomato,Silty,34.181244016283266,43.97360206907186,41.64939726346147,54.16720753913316,Seedling,Medium
Sugarcane,Clay,25.1399634308547,48.58319945062121,51.18211376003629,13.369443963535211,Flowering,Medium
Rice,Silty,42.20599732019508,66.02841363906711,76.1514587060472,1.7362418452617323,Fruiting,High
Tomato,Loamy,32.62109605726731,66.77194604729482,16.088084466668988,31.661906276782027,Flowering,High
Rice,Sandy,17.562074528726214,56.12748785092557,37.879627859680234,176.097436529388,Vegetative,Low
Wheat,Silty,28.49411972113286,50.0493386328465,75.81248981683083,47.9748118072103,Vegetative,Low
Cotton,Clay,37.69068164230903,93.96352337065214,61.8739145417263,194.03079251834436,Seedling,Low
Rice,Silty,38.824036851968174,81.58427195882933,33.19666574430294,119.45819991224123,Fruiting,High
Tomato,Sandy,29.837911582912763,52.62351484160339,77.62680976181139,47.45169752693808,Fruiting,Medium
Wheat,Silty,41.842427124939036,74.54693579296764,49.46348644501539,99.42616069684256,Vegetative,Low
Rice,Silty,23.030053115828927,40.21712699393446,49.86815130483684,43.818964540023075,Seedling,Low
Maize,Sandy,27.317960917148,27.51269946779974,88.12698713603075,196.79471163647477,Vegetative,Low
Sugarcane,Loamy,41.9579073170691,46.43232691645555,85.76932025891027,169.45299678099278,Fruiting,Medium
Cotton,Loamy,41.887701494147365,50.222960009254564,38.68261466958751,5.247757756465821,Flowering,High
Rice,Sandy,35.57138306474043,21.24028434205031,21.246330293046583,189.55520629349422,Fruiting,High
Wheat,Silty,40.769416413666605,81.1094001226922,36.05333858224753,144.21302146057747,Seedling,Medium
Maize,Sandy,17.66319800868698,46.939505179188615,12.438660824911043,16.476250404255666,Fruiting,High
Groundnut,Loamy,40.94984928623329,63.53136243351103,11.661430936831296,134.1275492652891,Maturity,High
Wheat,Clay,24.618597196506805,25.547239045321696,41.641770900113535,129.3853395931371,Fruiting,High
Sugarcane,Silty,20.34994537284649,33.1247621562938,85.28158581577873,43.75774916151669,Maturity,Medium
Wheat,Loamy,22.18109509026139,86.727029399567,79.70858729857662,151.68934000151512,Vegetative,Low
Maize,Silty,27.539055240416612,65.65156459121006,50.91542671340984,17.412940662593424,Maturity,Low
Wheat,Sandy,22.535760138134016,91.27130376278642,55.21811049366646,97.88903624624956,Fruiting,Low
Maize,Clay,24.61702758049497,94.90625257934877,10.474679739684518,1.9846414326175843,Fruiting,High
Rice,Sandy,19.049354582149263,47.889508649982076,27.240092466701242,193.74749777894928,Fruiting,High
Potato,Clay,23.885302966769956,42.410229806245596,11.9819301547507,150.31272635538187,Seedling,Medium
Maize,Silty,32.16851443626004,84.37670413693226,70.36316261563101,31.770415231931203,Vegetative,Low
Maize,Silty,28.255611242731916,94.89585702780907,21.651663682119818,68.33480799025659,Maturity,Medium
Cotton,Sandy,25.401562837077336,67.22309256743429,79.52376819814535,32.11247556163526,Flowering,Low
Maize,Clay,37.39356386571342,79.63555418836418,61.46594509406306,153.32349282586293,Maturity,Low
Maize,Clay,41.80529914179954,78.63093941114559,28.353494121257068,11.779265085543035,Fruiting,High
Groundnut,Silty,37.70367668707191,46.65047811646602,22.61762536665998,168.08133111274284,Flowering,High
Potato,Sandy,24.960021063530377,63.070278519281544,60.209976073844246,188.43926776714596,Flowering,Low
Rice,Clay,37.333265035126615,82.47927059481603,82.06695842258588,135.32558856126,Maturity,Low
Sugarcane,Silty,19.559405474221535,71.60854071957917,67.46881751315053,42.593090000286836,Maturity,Low
Cotton,Loamy,18.90953964273873,21.58728604865287,37.88373212827021,72.01801916271016,Maturity,Medium
Groundnut,Sandy,25.368811111084767,45.25292516731501,56.99068762149177,95.44797496178626,Maturity,Low
Tomato,Loamy,39.23107107132171,30.835677244595402,34.86093562979371,120.92495444045075,Vegetative,High
Potato,Sandy,22.390447417269055,37.47291590585293,89.93196534229271,133.73261796233749,Seedling,Low
Rice,Silty,16.897602266960387,87.91171081184943,69.9071350769481,110.84294306377656,Seedling,Low
Rice,Clay,18.951286056190654,22.766996668307613,59.15053118054029,70.26278416437115,Maturity,Low
Tomato,Clay,40.762349055887405,36.485053397144284,43.86073142126634,178.18345611298062,Seedling,High
Sugarcane,Clay,34.01349854241863,43.21770141786736,59.45218322076458,16.278411603591646,Maturity,Medium
Maize,Sandy,22.5960349010993,66.26630539747961,37.32928499738678,93.251210848699,Maturity,Low
Groundnut,Silty,31.65887475984544,60.057626756439916,12.30918715664246,155.11296769349613,Maturity,Medium
Wheat,Loamy,30.827388672760513,36.37021121400396,41.60708178853063,12.17453305828018,Vegetative,High
Cotton,Silty,34.66307935321984,32.318080041736586,84.43846556638935,141.06704336226022,Fruiting,Medium
Wheat,Loamy,21.995626632648488,37.75985259470891,60.10408758190927,163.942324550665,Seedling,Low
Tomato,Sandy,40.93208961583193,57.689722002624165,16.716456245672127,132.16625970541045,Seedling,High
Rice,Sandy,24.281056862400384,40.33833392834026,80.79948907160207,2.5873784550711987,Vegetative,Medium
Sugarcane,Loamy,35.823949619287106,91.07018762057916,31.509987947321186,36.02740542644125,Vegetative,High
Rice,Loamy,15.483739391166447,54.78989160716357,29.501559446618195,68.42261577839015,Maturity,Medium
Cotton,Loamy,26.179713896824417,24.40970124084778,33.767277502425664,46.73800712760918,Maturity,High
Rice,Silty,25.55129453876425,74.6949804377475,56.1761788900766,192.53042804548548,Fruiting,Low
Rice,Loamy,31.304532857490436,44.663396615674216,53.57504747471813,130.31878282275872,Seedling,Low
Cotton,Sandy,17.182087853315895,69.01166990436857,49.313100369830536,59.39419147031406,Vegetative,Low
Groundnut,Sandy,38.703941211783246,40.9695777892424,67.40294908101016,185.93949973308912,Fruiting,Medium
Groundnut,Clay,21.533424053027055,62.80578062999899,35.32301850679672,148.1188398952374,Seedling,Low
Cotton,Loamy,35.31113444646031,77.91143786055986,72.5651617257945,56.921442365408396,Fruiting,Medium
Sugarcane,Silty,39.0963636973228,89.60065563309155,24.02573427028793,75.77631388039107,Fruiting,High
Tomato,Silty,31.856308687245395,39.58453583248078,72.60966312616074,39.88577166079135,Maturity,Medium
Potato,Silty,37.226496201659565,45.114271324923585,63.10480842002263,194.21479965316436,Fruiting,Medium
Rice,Clay,34.85580936645017,54.81998152144548,64.65666476380692,103.45929917801465,Maturity,Low
Sugarcane,Sandy,25.66589391456023,89.53811283019917,48.524271770180796,179.21133749959694,Seedling,Low
Rice,Silty,39.265756171006956,87.60401426079929,63.36012261446918,69.29995420336954,Seedling,Low
Potato,Sandy,23.84104109656584,26.740871007547852,16.38376372475659,172.16832061949515,Maturity,High
Tomato,Clay,32.13638753254551,29.894736931535814,78.12408936394938,10.777369685432792,Flowering,High
Groundnut,Loamy,37.361932174246185,57.163188299797866,14.44377867901168,196.4180635048576,Fruiting,High
Sugarcane,Loamy,26.368677294375228,27.99644546040676,21.8993207897198,182.40687340666054,Seedling,High
Maize,Loamy,24.08302822852275,45.918565501152315,56.143176679778904,72.64058895533098,Fruiting,Low
Maize,Silty,28.780380305184682,31.128903366310823,69.15291643653532,154.94443306291546,Flowering,Medium
Potato,Loamy,39.53890483047461,67.70302663489144,16.100125147700275,150.4515852947652,Fruiting,High
Maize,Silty,42.89765289436994,91.21215738043713,83.66118512978558,180.25095942058633,Flowering,Medium
Groundnut,Clay,31.352502385796704,94.75503277207861,87.88861190405589,61.450996225762225,Vegetative,Low
Potato,Clay,34.84398615970956,48.14308493726861,58.476013840616886,93.1040010628299,Flowering,Medium
Groundnut,Silty,42.09820866716743,64.92594778359592,48.49947643014693,172.9999225212106,Seedling,Low
Tomato,Sandy,17.95640554238827,84.22007401430609,69.31159778237998,155.7158908270432,Maturity,Low
Rice,Loamy,21.96235733598495,28.8096554597288,36.26858818617643,78.69334374805584,Maturity,Medium
Tomato,Loamy,36.267000187547474,71.71733082889737,49.461154728408516,169.1450465824244,Fruiting,Medium
Tomato,Loamy,39.71233385736899,50.66327462938012,83.29208214515211,9.390807846480298,Vegetative,High
Groundnut,Silty,40.71087084991734,35.46096202101231,86.45243401932268,156.40926059259803,Fruiting,High
Potato,Clay,27.45321530564798,50.206521406058144,84.1655292840948,41.35317188674013,Flowering,Medium
Potato,Loamy,17.680197068756005,25.697021522368765,30.995845357107214,57.22418156475744,Maturity,Medium
Maize,Clay,28.133444318988598,72.15553614419792,28.59752321734107,98.64296871911873,Flowering,Medium
Wheat,Loamy,21.92203770621161,38.955700156133986,33.81316047434514,89.94690021399478,Maturity,Medium
Rice,Loamy,23.735893649898724,43.35542337836585,45.304888991076815,104.11402137397619,Maturity,Low
Groundnut,Silty,38.16802670512517,29.081097368109706,35.13339302335709,108.95511913440477,Maturity,High
Maize,Sandy,17.265812580776604,84.84943354174187,39.937023659124634,66.30553820629939,Seedling,Low
Sugarcane,Silty,39.82743652442106,57.008320946205394,59.65095616966076,35.045502603406,Flowering,Medium
Wheat,Loamy,27.830072574725072,62.911015833980024,71.00205416751807,153.6962458574612,Fruiting,Low
Wheat,Loamy,32.88191793301785,62.707451232114096,68.84465586143335,79.99522981742841,Vegetative,Low
Groundnut,Sandy,17.68956693707037,50.78698359060063,75.15388536633216,101.1681724918118,Fruiting,Low
Cotton,Clay,25.12077235071839,34.43974365786046,12.574752257232173,128.93934367022362,Flowering,High
Rice,Clay,17.691027570445375,75.88495613737999,13.818703174300486,181.9275844613312,Vegetative,Medium
Wheat,Loamy,43.84631168643328,29.529219901825577,73.15063685509034,141.51056622804398,Fruiting,High
Groundnut,Clay,39.21784947978752,27.790534270910786,52.646305785970554,9.091845118076902,Vegetative,High
Groundnut,Loamy,28.78898263069381,73.26087781973774,56.25125390096962,167.71207267960352,Flowering,Low
Maize,Sandy,21.708076449710134,35.662776533898786,14.206948817150167,197.87100302550382,Maturity,High
Sugarcane,Sandy,43.00365315749556,43.007956351462425,30.42510409370167,94.49700507427643,Flowering,High
Cotton,Loamy,25.337897871809155,55.64206002513052,61.06834439083822,193.91806729092013,Seedling,Low
Rice,Sandy,19.829532950621243,53.701348754715966,78.73455120885409,109.46574846862988,Vegetative,Low
Potato,Silty,31.894931653618645,73.14343437987495,83.3586717745122,91.92319917438996,Flowering,Low
Tomato,Silty,43.31322361034448,66.75738450825207,50.03355966680654,66.28095294549101,Maturity,Low
Sugarcane,Sandy,15.114908715009678,68.32971217113993,53.63793861905581,131.51097516666778,Maturity,Low
Sugarcane,Loamy,22.14374529761996,73.5540747991593,76.64397048551928,45.964084105008915,Flowering,Low
Maize,Loamy,43.15342921231223,41.9459545567599,53.00996805978837,20.986843702880865,Fruiting,High
Potato,Sandy,20.13257900571486,44.17499838503552,51.34868204298539,5.447420516842816,Flowering,Medium
Wheat,Clay,18.397303549194596,52.84983109216656,82.4067230208763,58.47602254305275,Maturity,Low
Wheat,Silty,32.10561647399413,43.059662977514456,73.19461768447042,79.15416643340765,Flowering,Medium
Maize,Clay,40.85531469884489,93.87034017281476,82.72580210890357,110.41533925624955,Seedling,Low
Groundnut,Loamy,29.313294530817785,81.05389448160722,27.459764382492303,58.549965037401286,Fruiting,Medium
Wheat,Loamy,44.83692770053574,32.349101619202216,51.95003893242854,196.81191447708224,Flowering,High
Cotton,Clay,35.375150986139786,20.419561691140213,77.39777028746863,58.349033648233515,Maturity,Medium
Rice,Sandy,17.222247216313434,23.20874511854509,18.891826197368715,88.19507768928175,Flowering,High
Sugarcane,Clay,44.78496395045926,38.30475882821939,73.57297234351694,20.655233106380066,Flowering,High
Sugarcane,Clay,27.236827103405712,28.571846437764243,24.637870673189557,52.12530266741513,Vegetative,High
Cotton,Silty,23.622076015364478,60.000358616942904,74.6495003988257,9.666427957798218,Flowering,Medium
Potato,Silty,31.736375507336568,84.3496417045519,58.96007500454945,111.90172668746561,Seedling,Low
Wheat,Clay,24.12922775462593,75.25626656849205,25.45887931878937,150.21293662648634,Maturity,Medium
Sugarcane,Clay,17.59372521360457,36.170679731164284,47.86833434662409,39.141962867213586,Vegetative,Medium
Tomato,Loamy,15.042850292375302,49.94744420193394,64.55241331686173,73.58218756321415,Flowering,Low
Potato,Silty,28.48750058760787,58.09206571484582,60.708232070683394,3.323245345432113,Fruiting,Medium
Rice,Silty,40.10590266679777,80.76543871275015,44.179775698536346,167.9044111444424,Seedling,Medium
Rice,Loamy,32.16945556890229,82.93412023296236,81.94932231367416,155.9927049863339,Seedling,Low
Sugarcane,Sandy,44.97621896830323,88.22887339308319,51.54107315902755,12.650806174858475,Seedling,Medium
Maize,Silty,23.605399369416,58.193393787715635,50.46938388229507,72.97352186408226,Vegetative,Low
Potato,Silty,23.41365194280166,72.07060598268973,14.980047195316342,191.0573227698991,Flowering,Medium
Sugarcane,Sandy,19.79248380701833,28.385027842545284,83.76963118381097,78.40541121579541,Seedling,Low
Maize,Silty,19.921907647960055,62.396671996548655,24.16932549426984,105.24173534480322,Flowering,Medium
Sugarcane,Silty,23.555597880301434,38.65188571033514,52.267575474924335,71.04857220207104,Fruiting,Medium
Tomato,Sandy,38.78520135820581,52.378766376995834,74.28540811202481,119.22627762565237,Flowering,Medium
Potato,Sandy,42.172703719093434,67.55378812300395,27.236262156451467,195.63137512736444,Flowering,High
Groundnut,Clay,44.25261509123044,39.27394533903358,52.189863197667286,199.5005006962394,Flowering,High
Rice,Loamy,21.968689622893578,23.91387933475708,29.25479273786727,154.94299560223823,Maturity,High
Sugarcane,Loamy,41.43892636842275,20.767539230656812,70.77559982399293,80.86221960408785,Vegetative,Medium
Tomato,Sandy,24.84765267832011,21.661965165839117,55.147293429852056,98.88644016579767,Flowering,Medium
Maize,Sandy,18.385216335506534,20.626230313532723,78.47806883161148,71.34626562246109,Seedling,Low
Maize,Silty,41.100747765604964,28.27662924184066,81.56464023019063,197.11492598086923,Maturity,Medium
Rice,Clay,34.08316903930856,37.961653592759745,61.89867859563185,141.55206116508074,Flowering,Medium
Cotton,Clay,19.94192688243185,36.59161356367244,68.03129969271555,89.78628908670225,Maturity,Low
Sugarcane,Sandy,27.894937725390076,94.00974456349226,53.9376079909491,2.4230540219204677,Vegetative,Low
Potato,Silty,23.61773084631203,42.95045789067074,40.754298645390634,104.09668287810968,Maturity,Medium
Wheat,Silty,37.10383706130591,29.55655875195493,61.849433841666766,196.78564034032357,Seedling,Medium
Maize,Loamy,28.60248691872804,60.91719081258184,82.66308987898631,104.61218179461038,Flowering,Low
Potato,Loamy,44.67839835319155,84.34680915481313,43.334430434515035,36.485337097822736,Seedling,High
Potato,Silty,16.642349467787852,70.85452825907564,35.152802109903625,4.4187494209549705,Fruiting,High
Groundnut,Loamy,25.6504579840874,42.206156685158774,41.074955084205925,70.94075162484181,Maturity,Medium
Potato,Sandy,29.457005013299323,62.12121198435912,44.831810416927965,183.64561113932137,Maturity,Low
Potato,Silty,30.094006642449592,73.61419806503068,15.884882318217297,199.31082163517618,Maturity,Medium
Groundnut,Loamy,24.478074671569104,74.60783692758068,49.87534723479955,189.07359496240053,Vegetative,Low
Maize,Clay,36.87720747292704,69.99038414732667,49.54513984400477,145.88399865085137,Seedling,Low
Potato,Silty,41.24241220466924,85.31078185817135,57.07550621124185,111.62854568813106,Fruiting,Medium
Cotton,Silty,43.16157905933589,85.25790937580783,39.02560243770652,118.13722927645041,Vegetative,Medium
Cotton,Clay,39.15280130398578,63.42024195552525,59.048607676447176,107.79840181839218,Vegetative,Low
Tomato,Sandy,40.517405919197984,52.23922768334092,80.25730482193624,141.40986098459766,Flowering,Medium
Groundnut,Clay,31.516359018599864,68.11777216738248,86.43767923961315,83.77464533907049,Fruiting,Low
Tomato,Silty,39.77664679280444,81.36590010278474,56.68897729128397,133.8408009911531,Maturity,Low
Groundnut,Sandy,24.105117274438566,20.423907863088854,13.407276317625048,24.322422991440206,Maturity,High
Sugarcane,Loamy,26.95436286327643,94.39977567611383,87.53887978136872,53.139061312296754,Flowering,Low
Sugarcane,Loamy,24.50739041455633,33.717032924689946,66.4689648717005,167.2006077617259,Maturity,Low
Potato,Loamy,29.021620063437762,55.268673924498216,36.87709188429217,180.74978614867823,Seedling,Low
Wheat,Silty,23.567388487159093,85.402230113215,21.772616077097872,107.80164751205994,Maturity,Medium
Sugarcane,Clay,43.8483432676334,36.87802992831495,21.473488978901997,6.32712344258648,Seedling,High
Wheat,Sandy,24.385338840170043,55.75964179252874,23.41955249116822,185.39471415835362,Flowering,Medium
Sugarcane,Loamy,17.941336143328193,29.94366351358844,13.645801729105624,140.4128516054573,Flowering,High
Rice,Sandy,30.8045149815124,49.630724404114446,82.17233509223293,82.80558475107216,Seedling,Low
Sugarcane,Silty,16.71297235335529,33.28515910947519,53.26145862618691,119.67578863989927,Maturity,Low
Tomato,Loamy,18.316294989257415,47.27208115783678,65.99675301710698,85.95496688827322,Flowering,Low
Maize,Silty,21.58168167588739,48.009816259454155,76.2486807414646,93.0678453464102,Flowering,Low
Potato,Clay,28.93050749646425,94.48780921987495,73.32328050665602,177.36197313188035,Seedling,Low
Tomato,Silty,27.997527969270838,94.61097719778292,80.60844989830733,32.21684938342231,Flowering,Low
Maize,Silty,38.99075586008374,28.60897089954593,87.38036980199615,20.733827096447357,Maturity,High
Cotton,Clay,37.1842396165234,74.44765844962603,45.125649179355165,0.5457489026031492,Flowering,High
Tomato,Sandy,27.78954881972104,23.880910975182587,86.02683733347124,62.80007512242533,Seedling,Low
Cotton,Clay,25.011126227268896,22.264401150289146,67.8631958674253,29.482753296885477,Maturity,Medium
Wheat,Clay,24.494063521844957,27.900042068372322,15.653455224646278,43.997099027622234,Fruiting,High
Wheat,Silty,38.21985261882027,92.41142427559505,64.54264969698764,2.2477965330753857,Seedling,Medium
Rice,Sandy,16.562172186638094,90.5647660921023,64.93733276838789,45.43908293754064,Fruiting,Low
Sugarcane,Loamy,15.384649485318175,34.54458652105103,82.46884510340217,66.54231638647478,Flowering,Medium
Tomato,Clay,38.86633175779944,32.125425166528366,39.83457059760737,6.313499281976265,Maturity,High
Cotton,Sandy,29.31439127967148,38.04013148869603,56.792920021745424,121.58082485942954,Flowering,Medium
Maize,Clay,18.92643415660728,58.66602455563566,10.975004080939401,113.76006977675159,Maturity,Medium
Wheat,Clay,22.06697803783504,62.72784740265574,36.56601937450688,19.407155701985012,Vegetative,Medium
Sugarcane,Clay,42.975118592921476,36.61950728295855,14.979498092702475,119.00195550368021,Flowering,High
Wheat,Clay,40.785089268746944,76.7467091067459,51.74983782119176,199.73078372177554,Flowering,Medium
Maize,Silty,36.293551506719176,43.21648770519881,75.39581204055625,188.89379056230814,Flowering,Medium
Sugarcane,Sandy,29.4667569101198,89.15984941470577,26.515415370325517,0.5341986735326598,Seedling,High
Sugarcane,Sandy,30.60970878574157,69.25420298425479,52.19528364462228,159.07566226607193,Maturity,Low
Cotton,Sandy,44.25733605851876,52.726339572770875,26.320690920861367,70.72105524729719,Maturity,High
Cotton,Clay,43.97311331652861,79.2434001277134,19.655077427699233,12.730274066925485,Maturity,High
Tomato,Silty,21.458071373575027,81.34359695349985,50.8797433547474,59.19664274324161,Seedling,Low
Tomato,Clay,39.33313698915954,41.78612042067077,16.33188967597821,64.34730326259246,Maturity,High
Groundnut,Clay,20.917279985010502,45.478590787706324,56.98837049103915,104.64884786181136,Flowering,Low
Potato,Sandy,21.40612433651854,90.19663652964526,12.506996854138102,132.21675345377093,Fruiting,Medium
Groundnut,Clay,35.2827910249373,32.355577877245395,18.537197749470042,149.8111224416816,Vegetative,High
Rice,Loamy,27.15003295762645,23.161281272220066,53.999798838988625,49.180608512653336,Maturity,Medium
Wheat,Clay,42.9463322131956,54.054149195716185,57.31259303191311,64.35411404969939,Seedling,Medium
Tomato,Loamy,17.670292046880263,80.09074251827218,12.318954407500646,61.67634137194704,Seedling,Medium
Cotton,Clay,30.34576922428479,77.87510797330594,55.870143040124674,72.5473736241753,Maturity,Low
Maize,Silty,42.55564591329364,88.96479716846244,77.08020202589096,199.93126179126776,Fruiting,Medium
Cotton,Silty,42.123409814385155,59.990049827678014,67.78529418351631,155.58866056548516,Maturity,Low
Wheat,Sandy,19.695876402472237,27.50485036749,20.49480831366389,194.9980930537394,Seedling,High
Groundnut,Clay,25.999131002893694,64.15167307520122,57.39797180508919,138.62221190941145,Vegetative,Low
Cotton,Loamy,33.573642001400884,78.37967107649087,63.780200005937076,81.25414032945686,Fruiting,Low
Potato,Loamy,19.781846543142066,26.99960902023698,12.978496140183342,77.94883672539498,Maturity,High
Rice,Clay,44.04066516137216,32.94930508231923,78.42781349468981,97.71622899500902,Vegetative,Medium
Wheat,Loamy,42.44247986182981,20.921799586675316,82.50139178318642,83.37395667288747,Maturity,Medium
Groundnut,Silty,20.008505371034076,64.52394345851079,78.03618186898069,165.66524921854915,Fruiting,Low
Potato,Loamy,18.634663837829564,86.50507939594283,75.97051743912905,93.00040260533858,Seedling,Low
Maize,Sandy,17.56225448424796,70.29974870015747,69.59721587687146,59.12287204216919,Fruiting,Low
Groundnut,Silty,42.28330992109893,93.65300656932365,60.67456250255681,154.97205373933036,Flowering,Medium
Sugarcane,Silty,20.808714293863822,24.72752393748212,64.29016039906016,170.8840818762789,Maturity,Low
Potato,Silty,27.48854785633064,87.72508138636222,74.51162346679864,84.08579122809027,Vegetative,Low
Potato,Clay,28.465540969560088,81.05512155400106,62.99987666890437,133.5617143811064,Vegetative,Low
Rice,Clay,32.97033132640703,43.56811403746287,36.21815653456568,11.760906777660951,Fruiting,High
Wheat,Silty,17.152060312422748,93.01449138779388,40.07688817290831,105.89297039429333,Fruiting,Medium
Maize,Clay,21.80275852201548,41.59533111285613,81.76459746978337,8.99622754910161,Fruiting,Medium
Rice,Loamy,42.94471160756778,86.69785428711639,11.369766863772952,5.838168098893615,Vegetative,High
Groundnut,Clay,42.25230321805709,86.0561432805642,65.90564649954257,122.5849701045478,Seedling,Low
Rice,Clay,38.43871942217076,76.82432124522293,86.38220419401723,60.66707647899743,Vegetative,Low
Potato,Silty,15.582037368546462,62.26028553596389,66.4982535966379,148.50743249109308,Seedling,Low
Wheat,Sandy,24.81020305488306,29.000206221266605,89.51295905854256,179.21651212651844,Fruiting,Medium
Tomato,Sandy,33.83876206028724,59.89788008723737,65.00359244226647,27.87823474607014,Flowering,Medium
Rice,Sandy,23.25570635320427,46.75971917412009,12.749042337348886,144.90456771578476,Vegetative,Medium
Sugarcane,Loamy,42.28760085161332,79.41627748665138,76.16079053175389,102.90399965766865,Fruiting,Medium
Rice,Clay,34.01668385497325,76.85969048726336,32.770392955145525,22.42385003253977,Vegetative,Medium
Groundnut,Sandy,17.15720151949337,88.29593805294539,45.68457805315528,130.31852129614495,Fruiting,Low
Groundnut,Silty,42.27016766507109,21.11226218237809,34.96735327256657,121.89336062129456,Vegetative,High
Maize,Sandy,43.732999745286676,80.68274126172847,31.484328496774356,103.12837348015651,Maturity,Medium
Groundnut,Sandy,17.331372551751766,90.38465398435017,44.51245629358283,185.2942409119316,Vegetative,Low
Cotton,Clay,30.970807045839447,79.19753368311126,40.3001158752539,104.2159392208033,Maturity,Medium
Wheat,Clay,24.100928466425113,29.764584490277503,60.66708654740715,198.1030230900425,Seedling,Low
Wheat,Clay,26.78517229444207,26.09593286306658,75.05209607900085,101.84576276962221,Vegetative,Low
Tomato,Loamy,20.389536538660256,21.56339298557756,33.76709225497926,23.17040766027352,Seedling,High
Tomato,Loamy,32.34216306037237,67.15589193710532,27.097692225761392,94.09425021500608,Flowering,High
Wheat,Sandy,43.73938059746672,67.22544888949155,63.351621669627384,36.46575251101425,Maturity,Medium
Sugarcane,Clay,30.092178008148274,94.01852856636592,63.62560526646253,119.42669704348545,Vegetative,Low
Tomato,Sandy,17.487437441834434,49.853238057807175,82.09049914289375,138.62643503872022,Seedling,Low
Maize,Silty,33.60004000432225,44.892971367312256,11.275654916264868,93.68705574141873,Fruiting,High
Groundnut,Silty,25.20668983353771,66.83186953882944,78.24325296932079,19.540593536629647,Seedling,Low
Wheat,Clay,40.67775568773894,81.92065043806954,51.68017383586856,93.72827971671059,Vegetative,Low
Potato,Clay,28.040344449494107,90.25804621422515,59.70416713376791,16.29084294688008,Flowering,Medium
Tomato,Silty,20.78518826826737,80.2343124634279,17.309715244913182,136.4251911013068,Maturity,Medium
Wheat,Clay,20.733168680734348,52.00054854618536,44.60919462976365,158.0736449730175,Fruiting,Medium
Cotton,Loamy,38.062925421634816,67.61856764840482,28.184192579081902,192.4760654454078,Seedling,High
Rice,Loamy,22.967627949220798,84.22244950370877,30.338002406600726,29.760421425691284,Vegetative,Medium
Groundnut,Clay,38.017001824776685,56.79572662338046,50.32760917408219,106.48406710666083,Vegetative,Low
Wheat,Silty,21.176619322997983,36.25149827790445,74.99647603224899,113.50747350708372,Maturity,Low
Rice,Sandy,24.650591061039282,32.72925798109047,69.5024744115885,184.49530675619593,Fruiting,Medium
Tomato,Clay,28.96460917319098,20.011830843354254,57.279996726876306,125.45532811930285,Seedling,Low
Rice,Clay,43.295875490803525,73.86784962359633,53.15345542027736,29.101929129064217,Seedling,Medium
Groundnut,Sandy,42.95194274261474,28.332290663449285,44.184483458759196,87.27026479263785,Seedling,High
Wheat,Clay,21.206156262668635,38.28793247719553,87.81679788491091,130.9525057012501,Maturity,Low
Cotton,Sandy,25.746571237292184,42.340724864209506,54.81540433873867,140.05688641385947,Maturity,Low
Sugarcane,Silty,19.48198165361317,62.02848951025762,30.317311864977768,172.6147997181147,Fruiting,Medium
Tomato,Loamy,30.299552379404915,49.84679579718269,28.407263363203164,36.10142396887943,Seedling,High
Wheat,Silty,28.817476520839996,70.60054940173714,58.908242462011344,190.30842935109968,Seedling,Low
Groundnut,Loamy,42.02280487352198,24.172899449652704,51.8262021848743,11.827882403118451,Fruiting,High
Tomato,Sandy,42.90016133373218,29.295439569832958,10.615824236377023,196.7524269137804,Fruiting,High
Maize,Loamy,26.507021730218764,57.440862764995,76.40522977566235,171.5534185732817,Fruiting,Low
Rice,Silty,29.752138290569683,45.27235908851223,66.32978833859477,132.05455655243426,Vegetative,Low
Sugarcane,Loamy,41.88708747438399,42.18600220635198,62.946343174248284,146.99910005288433,Fruiting,Medium
Groundnut,Sandy,39.201234232351844,25.027105927814205,15.502452615812716,14.538401183759287,Flowering,High
Maize,Loamy,15.109689340339479,87.1789381061001,38.96446801379931,8.295972578890476,Maturity,Medium
Potato,Clay,24.601786925507476,71.88639395937881,84.8305808586229,20.353159310273107,Fruiting,Low
Wheat,Silty,27.653227258083778,29.121361761473704,79.0071393073091,17.471962932827555,Vegetative,Medium
Cotton,Clay,21.891488510496952,24.878446830285547,32.84343502956268,109.47624669388702,Flowering,High
Tomato,Sandy,20.98714847687816,93.11544000734322,22.564710727931097,43.08879742235783,Vegetative,Medium
Rice,Loamy,16.13353519787039,71.08794128296287,45.92703657348616,172.0411274413453,Vegetative,Low
Tomato,Clay,34.301091752092816,51.309205332030615,38.46643029341287,89.14972461361444,Vegetative,Medium
Sugarcane,Clay,22.87530871449497,72.62982805668386,64.57811013647928,139.102095291655,Vegetative,Low
Wheat,Loamy,16.570415352939392,76.72488398601193,87.31478480674556,130.57461859403196,Seedling,Low
Tomato,Loamy,21.92937931584191,78.49716517915846,39.04011599860492,63.970607785942015,Maturity,Low
Rice,Silty,39.057418585083795,55.84079792397932,14.97793381217936,48.63351470514581,Seedling,High
Wheat,Clay,40.5446754493964,52.2412068593636,81.80912066739081,68.49125705932704,Flowering,Medium
Tomato,Clay,29.49198735579908,20.827106320167527,13.035978419189664,159.3316747699675,Seedling,High
Cotton,Sandy,27.482120112260585,89.49178363563786,86.22127177226665,117.25536968392369,Flowering,Low
Groundnut,Silty,44.33561080505345,65.24809087917073,63.16635424072318,50.70773250383507,Fruiting,Medium
Wheat,Sandy,21.016939787642098,35.23654528924761,85.33513667535593,163.56928861208604,Flowering,Medium
Groundnut,Clay,21.460778485638254,88.97025645660774,25.97277493191826,10.951877222061345,Seedling,High
Potato,Sandy,23.756015311091993,88.61989263277223,13.25598362030461,139.83667499805907,Seedling,Medium
Wheat,Clay,20.18271954843262,94.1888123274572,49.056798262119344,87.82016114986217,Flowering,Low
Cotton,Clay,26.380967946125597,85.55424223542342,46.049873165610016,146.25807721317764,Seedling,Low
Groundnut,Sandy,42.325026809692616,94.83382908650485,36.519381860390624,185.49225604868536,Flowering,High
Maize,Sandy,33.46043521885723,38.35146410924544,86.6125179510958,150.00681958938077,Vegetative,Medium
Rice,Loamy,27.35839645836791,83.16871888994257,75.80669857291457,88.39307106227648,Maturity,Low
Maize,Loamy,43.032323837136445,81.72712315968234,62.926561710047466,30.19513630277615,Flowering,Medium
Tomato,Loamy,16.45392697427467,37.32052694155503,23.028663331026216,161.27019516108675,Vegetative,High
Cotton,Clay,21.308285337055842,27.382816175074307,68.74587265748198,92.14110538427431,Vegetative,Low
Maize,Sandy,31.97665815305277,93.45653852581998,68.16099637597792,15.062464691425959,Vegetative,Medium
Wheat,Silty,33.46657869579538,42.20184136404578,44.005453889280595,143.8110795553732,Vegetative,Medium
Tomato,Clay,16.186725196878395,85.31688428508545,83.98287277712109,58.37039318331794,Flowering,Low
Tomato,Silty,27.091162737213963,20.30953660059529,23.358230578320835,9.777645901037047,Seedling,High
Maize,Sandy,34.47461894492618,21.576860541470165,31.387004992933143,180.55020299481555,Vegetative,High
Potato,Clay,35.94211639210205,54.94034815222763,15.057947140050691,96.62021841878202,Fruiting,High
Maize,Silty,34.14419707548808,37.90360129512977,73.636076654207,56.19221063460431,Vegetative,Medium
Potato,Silty,24.616896730827737,71.73809625769732,59.74075088763178,143.2773115769823,Seedling,Low
Cotton,Loamy,17.805603707937287,62.417324417596575,35.195224454499964,177.18047553651274,Seedling,Low
Rice,Loamy,27.813373392580022,25.811434808786856,23.105093087545228,0.06141500675109768,Maturity,High
Maize,Loamy,18.862633121041664,32.19712222367878,13.21182160229923,137.57043700843076,Maturity,High
Sugarcane,Clay,43.42870975562001,49.103695254381066,23.33964549007493,153.40233880368427,Vegetative,High
Potato,Sandy,29.255125980678848,33.92030479665749,46.262771707012654,41.9854854558986,Vegetative,Medium
Maize,Sandy,24.51777523070603,79.41667604329464,29.77415752084849,97.92476628203488,Maturity,Medium
Groundnut,Loamy,37.989122133567,51.205267666496,30.718574194557338,17.857179783587164,Vegetative,High
Wheat,Loamy,29.938457777467917,27.007390013187447,80.04610933341715,149.3499765030695,Fruiting,Medium
Sugarcane,Loamy,24.3010207203735,56.32571767040936,51.211013876888046,169.4912037126705,Flowering,Low
Sugarcane,Silty,39.35903227172405,26.812863579606063,68.34015785027317,21.637331464932117,Maturity,High
Potato,Loamy,41.01456453003366,29.67029790648629,12.856875922251447,163.29205068656694,Maturity,High
Groundnut,Silty,35.19024498866031,37.9707374021154,39.2130684542423,154.3140340969067,Seedling,High
Groundnut,Sandy,16.40893267223002,84.46457789356174,48.33354779163535,69.38266407417946,Vegetative,Low
Tomato,Clay,31.989686404995965,89.3459399249729,24.913348416814777,138.05790598671666,Maturity,Medium
Potato,Clay,37.89884735991845,81.96932969990519,19.615323315643096,0.009624778862349359,Maturity,High
Rice,Clay,19.095090362507463,45.05579130633854,79.6243022799874,186.35953089319972,Fruiting,Low
Wheat,Clay,21.8601225415381,40.43348308316237,85.15453016798372,110.07664706167458,Vegetative,Low
Cotton,Silty,41.47485315204409,61.18667680926794,16.304535843632593,124.0677728123999,Flowering,High
Sugarcane,Silty,15.603651655592222,74.13898703998342,37.921497003395444,132.93188270781974,Fruiting,Medium
Cotton,Loamy,37.58181413477928,94.50295911201312,86.6628502515579,112.27380344367334,Flowering,Medium
Maize,Silty,29.213198775432687,29.867803390919466,16.652938650597193,171.35277750789263,Seedling,High
Maize,Loamy,28.403164765188208,23.69689992678533,61.4913098302981,121.94036643030879,Maturity,Low
Cotton,Loamy,15.212895974846615,72.07669167464533,87.77770967736045,181.55199824809452,Fruiting,Low
Maize,Clay,39.58194692899478,82.41693376279292,88.25789348650997,116.46632444680178,Flowering,Medium
Rice,Silty,25.794747019096995,83.47615848998174,47.69786647229946,34.22448439611332,Vegetative,Low
Groundnut,Silty,31.222968939016287,70.88476618078704,23.01992862259045,182.71251116786058,Seedling,Medium
Maize,Loamy,35.31902059006978,91.55118530893903,26.16674519819511,136.32549967195536,Seedling,High
Tomato,Loamy,36.07888729313747,58.32535726584402,81.16811160995157,139.84779888711122,Maturity,Low
Maize,Sandy,43.67940176478217,88.53610987521594,82.93464034637887,197.09635011432033,Maturity,Low
Wheat,Sandy,30.940198597098274,92.58591027436422,58.630371509884384,15.039310841915832,Flowering,Medium
Rice,Loamy,26.991586529232826,83.53680927523308,71.2941119575929,85.71852141903426,Flowering,Low
Wheat,Sandy,43.61110879475124,43.23189224439655,69.19450011763266,47.81907859732304,Seedling,Medium
Wheat,Sandy,34.26330705076563,34.716173837772146,62.94572783912856,126.08529294273143,Flowering,Medium
Tomato,Loamy,23.944510688296667,61.10900487363638,76.18215638975512,161.36233674961437,Maturity,Low
Rice,Loamy,18.793927362107134,53.97610627851414,64.83252984322569,193.26214177848254,Seedling,Low
Rice,Silty,40.27663504395544,85.83187566445497,52.720184459799945,90.91922139094402,Seedling,Low
Potato,Loamy,25.865448083824546,27.50237533003653,28.956509007052542,157.24364612852085,Vegetative,High
Rice,Loamy,34.814091640932936,39.330504598363895,69.51105152948952,183.4103184080759,Vegetative,Medium
Rice,Clay,29.124492580976945,76.38492083890314,47.87502942706196,136.66508650717694,Flowering,Low
Rice,Silty,20.96789339385115,27.12399837329841,33.583334720600746,48.546510489954244,Flowering,High
Tomato,Silty,33.05059825861395,44.057331051627514,74.15570205934203,121.57083022155828,Maturity,Low
Maize,Silty,16.82049206852047,49.03665455404874,65.73708802824227,193.9904095634373,Maturity,Low
Potato,Clay,27.400273796135767,66.69453474220174,84.987165049976,197.51076577231308,Vegetative,Low
Wheat,Loamy,31.39844818991013,31.859948428952343,23.23533120151022,128.4719647433556,Seedling,High
Rice,Silty,28.081409223557372,84.54533677622821,61.935142770919455,177.39755157439785,Fruiting,Low
Sugarcane,Silty,37.460165257529724,53.56566765997057,29.53915744705408,40.06987276972056,Fruiting,High
Maize,Sandy,39.83774863635937,88.77662839104174,82.28663882413133,49.21572099044336,Flowering,Medium
Maize,Silty,38.13729222099534,55.09024352254487,17.959953140529255,190.57752257697194,Fruiting,High
Wheat,Loamy,16.164388434354063,40.628019420555006,62.492944515590175,27.04707509896158,Fruiting,Medium
Tomato,Loamy,20.82386311337917,30.637162151575616,73.28685772224239,38.22128761869579,Vegetative,Medium
Cotton,Sandy,31.09822527791323,20.28088210334636,38.393427229176574,84.10971982401034,Seedling,High
Cotton,Silty,43.044661213314036,59.91181137386267,86.33104635070474,117.91685755067007,Maturity,Low
Maize,Silty,40.04870325156351,28.036752269519255,78.05845476688299,120.76344379365433,Vegetative,Medium
Groundnut,Silty,40.276035250554045,49.37958227233837,33.56946397479227,58.39520173311288,Maturity,High
Groundnut,Clay,24.096245812790247,64.1953820927815,10.603287417279894,184.12277959006963,Vegetative,Medium
Wheat,Silty,27.883436912361077,40.67644226770253,33.73257408944487,183.01998152157256,Vegetative,Medium
Cotton,Loamy,29.12117841947812,33.14182192745864,32.504837637659406,78.41361061047449,Fruiting,High
Maize,Loamy,19.721147500497313,78.10412169570063,81.19716860007271,86.85835388605942,Maturity,Low
Tomato,Clay,15.93204390733369,91.00933792112154,87.3696942603798,140.49942336478236,Vegetative,Low
Cotton,Clay,43.4070869838155,27.53303133964745,15.635198877620828,132.59917927978015,Fruiting,High
Maize,Silty,22.2213775699052,31.669274328875588,47.70358628266534,76.45940299219247,Flowering,Medium
Maize,Sandy,22.19846711170894,92.0009492939539,53.86655988238366,82.84885030420068,Maturity,Low
Rice,Clay,17.501371613062787,22.83381663591847,17.432932906376266,69.60778868430779,Vegetative,High
Tomato,Clay,42.85523255831336,93.32242524128542,40.1998167310018,47.07700139066158,Flowering,High
Rice,Silty,32.39211344819316,20.34833623137416,35.36659339143605,91.62767258482793,Fruiting,High
Wheat,Silty,35.011105713760614,85.52514917384985,52.88450834616698,137.28682638050807,Vegetative,Low
Rice,Clay,42.347306617891576,43.04938857408121,62.895271978555044,148.3933410628586,Fruiting,Medium
Sugarcane,Sandy,25.368605067023687,90.39416436329724,66.27880883972533,155.77472965119253,Fruiting,Low
Rice,Clay,33.645219334142524,43.770896647668906,20.940401889071005,74.9464026906243,Fruiting,High
Sugarcane,Silty,16.163983641866622,69.0729741150542,75.0358161555697,152.92719885699472,Maturity,Low
Cotton,Silty,20.60317584693388,26.00244273244525,64.28336238326071,1.3032631383750548,Flowering,High
Groundnut,Clay,39.937374152698276,38.17473585903042,81.12599333973756,95.40998754337645,Flowering,High
Potato,Sandy,38.003050690150076,78.02595098594381,45.94688475483473,158.78088002653817,Seedling,Low
Potato,Clay,25.519280743714404,59.65143902591148,81.51118101777533,126.00894412827066,Vegetative,Low
Maize,Clay,26.304318833226375,89.59767963402835,79.26192978848603,94.81262483090154,Fruiting,Low
Potato,Silty,31.006633006607384,52.15635562560157,45.072746588741566,128.92840132126983,Vegetative,Low
Sugarcane,Sandy,15.007230140554036,85.23592743604424,40.49146522343829,181.38920062973278,Flowering,Medium
Tomato,Loamy,22.237330081140836,53.67165781086781,84.62496119762054,113.27636012204148,Flowering,Low
Rice,Sandy,21.246954258246433,93.4436209026489,67.213178763075,159.95723829202123,Fruiting,Low
Sugarcane,Clay,22.514488402492905,91.98757860491575,84.25962771504605,196.14854504503953,Maturity,Low
Tomato,Clay,39.17717527600324,44.68525291670602,73.75798231166505,141.11364041511334,Fruiting,Medium
Groundnut,Clay,23.390215696393295,86.44427528126025,58.74379514331315,114.66515277781271,Fruiting,Low
Potato,Sandy,20.745639661504445,83.5708530661737,19.26822216030116,7.4971894250680515,Seedling,High
Groundnut,Silty,30.127903823790945,35.80102979956721,33.31845380632788,74.89557965091751,Maturity,High
Potato,Clay,40.96935109118196,66.82178005874522,87.50739256787132,113.08854670302367,Vegetative,Low
Rice,Clay,22.240491115124996,25.451173669236113,35.55376789713635,159.4413143412065,Maturity,Medium
Wheat,Sandy,17.35608728378396,82.75330404375961,17.460389582829663,87.62095792951526,Fruiting,Medium
Rice,Loamy,25.69214207548994,33.09094126276224,66.60426847354557,192.0116551529547,Fruiting,Medium
Cotton,Loamy,37.429554736949335,25.31110260393234,68.72034036349474,54.35875052473498,Fruiting,High
Sugarcane,Silty,31.520716340843837,50.01643216541084,32.836617622972064,148.9134390420633,Fruiting,High
Maize,Silty,39.50380108723043,63.26916039497326,33.8137583477043,83.8062834168255,Fruiting,High
Wheat,Clay,43.787764428277015,84.11877189198283,47.51143884070271,97.19769891318117,Maturity,Low
Rice,Sandy,38.77987430254851,93.06818941413025,11.743115980980443,160.50040677308806,Fruiting,High
Tomato,Clay,33.1140923653126,52.96193844273977,73.14584082889309,59.24305233034111,Flowering,Medium
Wheat,Silty,29.800247641571417,24.533519223895265,35.367102981930046,19.362411319028627,Flowering,High
Sugarcane,Sandy,16.202072590448,76.1836684269403,78.3010481601582,104.05111692268542,Seedling,Low
Potato,Sandy,44.529659364421235,62.387994216795306,74.2104337280027,105.75892236074975,Vegetative,Low
Wheat,Silty,26.504433677251278,53.591850863334734,62.91216264950265,159.43355444507475,Flowering,Low
Potato,Loamy,19.566846417506003,43.19516590941423,35.989989367943096,193.66384124642036,Seedling,Medium
Sugarcane,Loamy,35.0012656618937,57.679889588265176,51.3053249328936,11.060137265669677,Maturity,Medium
Rice,Sandy,23.52864867286378,45.40097033427732,45.58634060783672,118.33789474862178,Vegetative,Low
Sugarcane,Clay,32.573348127931425,76.77589008105201,37.11055089989394,136.25570606295997,Fruiting,Medium
Wheat,Loamy,32.60303723533774,60.79202723694808,77.85090314425426,197.16027014970433,Fruiting,Low
Tomato,Clay,28.371894627086075,85.76358306155839,48.68056596621322,188.5180428553823,Maturity,Low
Groundnut,Loamy,40.08355846635128,60.76579359870816,76.61784782377171,142.4901529423955,Vegetative,Low
Wheat,Loamy,22.94901184666329,37.86968100049475,18.417477931345942,104.35788224889318,Flowering,High
Sugarcane,Clay,28.458977748532025,83.83189116741084,21.28198308802686,32.30478445985226,Vegetative,Medium
Groundnut,Silty,31.130763857729143,61.7914283697533,88.18562440903814,76.83531104088348,Seedling,Low
Sugarcane,Loamy,34.90874162301899,35.5130778607671,57.02147700848717,117.02446501143086,Maturity,Medium
Tomato,Loamy,38.51915551516768,66.76308574671665,50.78157387992392,145.04007931915075,Flowering,Medium
Sugarcane,Clay,26.844218486347682,46.82875737068207,51.85248505152893,127.07991149582244,Vegetative,Low
Rice,Silty,34.38140832289788,83.33042092190493,27.221501922628786,142.82456036554825,Vegetative,Medium
Maize,Loamy,19.518328592055575,53.997480398490715,67.49631596015784,85.83050091037954,Flowering,Low
Potato,Loamy,42.97944301627436,74.48310185805624,16.78244989838035,145.5254581142018,Seedling,High
Potato,Silty,26.491764192630107,27.165215572717788,55.865897048241855,28.74825120394384,Seedling,Medium
Wheat,Loamy,36.885642659293154,49.70182597267596,55.66150372687211,32.51726235262271,Vegetative,Medium
Maize,Silty,15.61023245646533,93.7431077354299,83.13507393068087,32.566429165892565,Fruiting,Low
Sugarcane,Silty,21.15561428714421,80.63452171078612,52.09462480838883,178.17299140715522,Flowering,Low
Tomato,Clay,29.61247632970734,31.99556017751965,20.96501567793436,15.206812661726898,Seedling,High
Wheat,Sandy,41.347574031970396,40.832303710794136,55.820260739853005,160.30167454669518,Seedling,Medium
Sugarcane,Silty,30.817654498520312,44.73618566422708,17.30621154922659,46.714179609347426,Seedling,High
Groundnut,Clay,42.89611446881637,68.77741703715843,26.303506823993736,93.68598809905014,Maturity,High
Cotton,Sandy,29.513906897483892,76.77460696172417,12.48868673499329,183.1913190931356,Fruiting,Medium
Sugarcane,Loamy,29.7134729020785,76.21449566059323,51.063486596759866,117.18744593750134,Seedling,Low
Maize,Sandy,18.592403655015957,58.24055422298021,16.76260922348579,42.02353724647172,Fruiting,High
Wheat,Silty,39.07968732456659,80.81154033786135,47.55155028250633,56.81801206376142,Vegetative,Low
Maize,Silty,22.408962374011875,52.78085620681063,84.63560282593153,184.08932477915712,Vegetative,Low
Wheat,Silty,41.988374681169454,29.291042397167143,67.58091304154657,85.42878502199567,Maturity,Medium
Sugarcane,Silty,42.324726609911885,62.333138124036,16.192933938023444,117.39709660135789,Fruiting,High
Rice,Silty,43.29930335622449,91.422603845083,27.936784976707454,91.98643932507775,Flowering,High
Groundnut,Clay,30.6069146730927,79.47452385443836,63.892993591474735,75.68761760968992,Maturity,Low
Sugarcane,Silty,35.312813543509336,63.40254857691818,81.5761488819347,44.65582538648039,Seedling,Medium
Potato,Clay,38.355476401849906,68.51042452618228,12.6334869411163,137.23830009692043,Vegetative,High
Maize,Loamy,18.930438559513966,89.79215202766795,74.99609053764752,143.6484052544241,Vegetative,Low
Cotton,Silty,33.02871584992492,52.12570958262204,54.9451104270647,54.977018321479896,Flowering,Medium
Cotton,Silty,16.02893703909935,44.8545604206978,53.68730602371141,157.80216861096608,Maturity,Low
Tomato,Sandy,29.926982501661776,93.29311737503367,86.62505462026863,170.9070400603359,Fruiting,Low
Wheat,Loamy,19.645280448606822,84.75823501327501,69.81156900774184,184.13501924792607,Vegetative,Low
Maize,Silty,20.48768777886254,44.22826884639518,78.00950944448896,32.242482783673985,Seedling,Low
Tomato,Silty,25.951427000778047,54.78354480206921,38.31964556357334,60.78473672265328,Flowering,Medium
Maize,Loamy,27.97311500149509,51.13085967558493,54.349123266272784,172.07066950073911,Flowering,Low
Potato,Clay,33.69517273596561,31.182175900357542,59.23245419422166,39.7080405655788,Flowering,High
Wheat,Silty,17.23285255315547,91.83644928599443,35.72671522899721,0.693691848699074,Seedling,Medium
Sugarcane,Sandy,30.11075283712334,50.323432341481904,55.61984999579196,174.1654620503269,Flowering,Medium
Sugarcane,Silty,20.478753907593035,85.6496811978431,28.932430358377104,65.28988835027387,Fruiting,Medium
Cotton,Sandy,32.21925525095226,34.20171707604988,21.470053685459163,82.89950502779,Fruiting,High
Sugarcane,Sandy,34.122138367835504,61.09031079779148,39.917620742186614,89.26680514412759,Maturity,Medium
Sugarcane,Silty,31.701277696585617,21.797103884320236,69.14317029971497,169.6549201334457,Maturity,Medium
Potato,Silty,37.14886531434923,77.31653628817314,83.29497184591101,67.57842891869208,Fruiting,Medium
Rice,Sandy,25.06827732722704,63.56854236847088,46.6171241198586,178.45597717129635,Seedling,Low
Cotton,Loamy,37.95319774899393,66.91921876023144,61.425895062034535,123.3878276096096,Maturity,Low
Tomato,Loamy,27.98301245124581,23.87906619159901,18.24297047800804,105.45734480673686,Flowering,High
Groundnut,Silty,29.525534949677905,35.82787476564616,82.35710068418629,65.12290142549249,Fruiting,Medium
Rice,Clay,34.44306381783214,25.574815426518512,55.48833708559475,48.742339256237166,Vegetative,Medium
Tomato,Loamy,15.55075151997672,41.66857368528588,72.42705981001257,124.81168855546973,Seedling,Low
Wheat,Silty,34.61982664260745,67.05792557616132,73.5552960737115,89.37883201131523,Seedling,Low
Rice,Loamy,33.55755447216346,62.46394882380314,30.518442109448472,182.10320198640127,Fruiting,Medium
Potato,Clay,24.295413502598397,65.91123662100426,52.333956254547964,98.32774322280994,Vegetative,Low
Tomato,Silty,17.573828546984686,61.19384535334207,86.8383801248782,102.35898334023823,Seedling,Low
Wheat,Clay,17.728063497391233,40.47715967568945,17.170763585666222,83.34465622720015,Maturity,Medium
Cotton,Silty,42.69671240955685,38.33806230083189,64.64399184236507,157.85259939825698,Vegetative,Medium
Groundnut,Clay,35.67837963677511,30.279476265243595,86.98112624281376,84.96783962185408,Flowering,High
Wheat,Loamy,18.813078413122213,83.6803156177619,34.046168644321774,53.868399949950984,Maturity,Low
Sugarcane,Loamy,25.70169507926719,66.23595189059333,78.91583371234785,172.40617485870195,Vegetative,Low
Maize,Clay,32.77448981704789,33.98832593780448,84.69260363266173,119.36564427304805,Fruiting,Medium
Wheat,Clay,40.06715115271946,33.29070348659296,69.766896751586,118.30204395380035,Seedling,Medium
Wheat,Clay,16.309827861390257,85.47767011446025,28.506264984556662,122.16444143278531,Maturity,Medium
Groundnut,Silty,22.098993944100265,75.70481478224895,36.72005750612751,143.76794964113336,Fruiting,Medium
Maize,Loamy,41.692469708861395,69.45493099290286,12.864743553418458,62.61359786251337,Vegetative,High
Sugarcane,Silty,15.274966505514495,50.51480806544748,76.51625873962841,6.768874166600569,Flowering,Medium
Tomato,Loamy,21.04197308381662,39.64816732088882,77.9688949208864,162.11863217540193,Seedling,Low
Tomato,Sandy,43.77072527918898,93.45880723346178,60.616824797295415,25.781010776327484,Seedling,Medium
Wheat,Silty,33.40205539566513,79.79296812671001,38.202228101108105,144.36394744210884,Maturity,Medium
Potato,Loamy,22.850140999125195,42.633441735220735,16.144882211193643,16.46305965746575,Fruiting,High
Potato,Loamy,17.00973283187543,83.56735972088711,70.24460879319275,75.06156840569842,Vegetative,Low
Maize,Silty,15.845740213416665,76.91989614610111,68.12209548879383,12.605213966307648,Vegetative,Low
Maize,Silty,22.342352389107816,42.28104124084987,83.00820173911208,104.44273592554492,Fruiting,Low
Sugarcane,Loamy,41.44457458766732,51.99146406812298,68.44256168042898,130.62715455631502,Seedling,Medium
Groundnut,Silty,27.477409628925287,33.946508404327,76.29559537952015,34.286628235637664,Fruiting,Medium
Cotton,Clay,36.61000107497979,28.3289333283582,69.67636943231996,74.32552368768042,Vegetative,Medium
Tomato,Silty,42.54855106139873,74.20715246297726,60.45497506498531,186.04789820861072,Fruiting,Medium
Groundnut,Silty,27.2412138480845,40.06338930154,44.15731153528074,88.47782342149135,Seedling,Medium
Rice,Silty,20.73832113112191,81.50445243096902,82.16938469138222,160.50871379531134,Maturity,Low
Tomato,Loamy,30.513537925707585,94.67065336358196,62.07748575259758,185.43694901204182,Seedling,Low
Groundnut,Clay,42.24251061179564,25.74648604472365,41.868425757272725,194.8691649954573,Flowering,High
Tomato,Sandy,39.131232424131014,55.47763438127752,16.677543614556576,179.66440393827386,Flowering,High
Cotton,Sandy,16.974895300894612,80.15469194831023,33.256388472350565,63.48106583179383,Fruiting,Medium
Rice,Clay,35.77718400232746,79.17131724059251,53.49813878641318,192.5145772322386,Seedling,Low
Potato,Clay,32.15692567376861,76.99978687482263,32.05082960129556,162.4790483492094,Seedling,Medium
Potato,Clay,42.22389529039276,46.174620147643324,27.69882783343217,167.43511672789754,Vegetative,High
Cotton,Loamy,18.674442505508917,54.03899417637892,52.19148112702777,3.034596834366954,Maturity,Medium
Sugarcane,Sandy,31.021083396139698,64.62262680061028,23.585627671658767,190.84777266365873,Seedling,Medium
Rice,Clay,41.38388080535677,93.04554376799429,74.03280506600828,155.61804476974814,Fruiting,Medium
Wheat,Loamy,27.30071360225229,44.56604532038696,48.74945210741264,153.59349930157998,Vegetative,Low
Groundnut,Sandy,29.459847531986014,89.23579157876433,55.90902191701201,16.30494618571725,Vegetative,Low
Rice,Silty,17.11382033000875,40.201768863537055,21.790661407787884,46.51370821466625,Fruiting,High
Sugarcane,Loamy,23.344309213467326,94.18058491052784,35.96610685034939,192.4523330275798,Fruiting,Medium
Sugarcane,Sandy,24.73519947506842,70.26977651206937,42.80717466089223,100.13541496109526,Seedling,Low
Cotton,Loamy,43.353673462346606,54.76336102689132,74.65702644132024,79.57160364745121,Seedling,Medium
Tomato,Sandy,23.48002081623477,66.00428210477037,71.6127618468922,167.98816342938275,Vegetative,Low
Rice,Sandy,28.826062058089562,40.43983767801551,27.83819798301451,17.468082822788865,Vegetative,High
Groundnut,Silty,35.13913270692839,40.563039313359994,59.29432652856062,83.38840325421187,Maturity,Medium
Rice,Loamy,19.86550117223632,28.516590788262036,29.476508621759805,75.14015488441672,Vegetative,High
Maize,Clay,29.593271614256235,28.55377232790491,89.05977245521963,69.97027740607855,Fruiting,Medium
Tomato,Silty,37.15617118427723,46.07538061016835,86.16991025046966,61.538448730614626,Fruiting,Medium
Groundnut,Silty,41.00565639081198,77.21416084222787,55.061177641649635,42.01499135801561,Maturity,Medium
Potato,Sandy,33.7877782398728,65.59783756986218,65.91220575153145,34.58216059810444,Flowering,Medium
Groundnut,Clay,35.07160545950843,27.693842024826562,74.1144305766916,128.08122338393483,Flowering,High
Wheat,Loamy,18.788504177537067,83.91773937319331,67.67987360359231,183.8789682417357,Fruiting,Low
Cotton,Clay,43.37329491739041,65.10257202425498,65.98629528659367,101.7703290499763,Flowering,Medium
Wheat,Clay,18.97722232453447,92.06416825885847,86.68432063596225,59.59491046932885,Flowering,Low
Groundnut,Clay,38.24018811545395,70.26391005584057,57.716488504582664,31.832039544445266,Maturity,Medium
Tomato,Clay,22.944489653349564,33.13811477781358,60.90421374552445,166.02867301051884,Vegetative,Low
Rice,Clay,43.00779431103754,55.53375217308667,77.94150003505449,194.29841129464276,Vegetative,Low
Potato,Sandy,36.598786181084385,68.6373198160403,63.59126942867255,69.83108029357037,Flowering,Medium
Rice,Sandy,37.61441138935107,22.119852578748326,68.6346097614018,58.190085110425784,Seedling,Medium
Tomato,Silty,21.571775191796497,21.118269811610592,28.733494895731397,120.29859059498827,Maturity,High
Groundnut,Sandy,28.291199299054824,29.705225044892593,39.70135392920567,155.06579619068515,Flowering,High
Sugarcane,Silty,33.53439583767859,38.8748326284103,21.78410765695144,91.08056070993287,Seedling,High
Rice,Silty,38.09920854619803,52.21618426405067,50.46123538678444,126.01462997218984,Seedling,Medium
Sugarcane,Loamy,18.11878127737169,56.55803553198413,46.458192054419705,143.3098136046584,Maturity,Low
Rice,Clay,43.87095949363585,30.352070670342258,89.77302514235654,192.11845757123584,Vegetative,Medium
Rice,Sandy,41.706620116636685,70.50436843368732,58.8966922252434,33.00746610401668,Fruiting,Medium
Potato,Loamy,23.11045771486753,64.71035462724012,72.91558585555387,199.4764987650739,Seedling,Low
Cotton,Sandy,39.68280729096996,42.08480741308702,36.72117366061234,78.43133104824575,Fruiting,High
Cotton,Silty,30.5497176911947,21.0244912576469,76.52362650742373,144.64002854531074,Fruiting,Medium
Maize,Sandy,28.85419444686056,25.823593651496807,59.20679731901467,114.48287559459945,Maturity,Low
Wheat,Clay,24.43302317434216,49.377108163312954,65.75938652787508,97.33372340176803,Vegetative,Low
Tomato,Silty,32.42905759894778,31.548076337426295,33.55446223595635,139.6150737463173,Maturity,High
Tomato,Silty,36.896673531107936,48.261470461097815,53.891071335646174,79.15077004471902,Seedling,Medium
Tomato,Loamy,27.327987148882748,67.11369533827664,60.72295787308869,25.22199626736128,Vegetative,Low
Maize,Clay,33.876575790248765,61.04280709094626,57.127574065326485,97.77867662424795,Flowering,Low
Cotton,Silty,35.97938763465911,37.33819123530456,83.21549691396532,104.38317413646372,Vegetative,Medium
Groundnut,Clay,36.33365451045857,45.78668684440643,81.86181315940428,40.380430679987846,Maturity,Medium
Sugarcane,Sandy,16.55898294393541,66.0523398836488,87.67872463014965,187.12387126573142,Maturity,Low
Potato,Clay,40.792434170552006,84.56412710325866,63.39424048055915,45.495129329258255,Fruiting,Medium
Sugarcane,Silty,28.74759944295144,76.49100790541578,87.75313041005477,81.84551881681953,Flowering,Low
Groundnut,Loamy,22.872482450886434,61.50500201250612,76.59824000255271,30.98593736894466,Vegetative,Low
Potato,Silty,22.25293522439045,47.17197487373647,31.66657122719674,107.15932923738882,Flowering,Medium
Maize,Clay,29.490423385318515,47.37884581563541,44.19485356410377,61.527521620017936,Fruiting,Medium
Groundnut,Clay,41.60494618406878,85.9562982698297,29.071395375120783,97.8545039952168,Flowering,High
Tomato,Silty,26.35042745047941,22.94326820304098,10.335772866445216,44.923383291640384,Flowering,High
Wheat,Clay,37.4917724035063,94.09869833151957,25.04390025175269,10.75502558974315,Vegetative,High
Rice,Sandy,17.90456192961656,69.82815581386717,10.324846902950053,155.84533021645106,Flowering,Medium
Sugarcane,Silty,29.281701064531852,71.08532743042929,67.5870769080392,128.21725679193167,Fruiting,Low
Cotton,Loamy,44.75058421178207,22.849837797855663,44.042743817695964,68.14787114220258,Seedling,High
Cotton,Silty,38.113134083770106,65.41469561684542,35.00597816622866,9.498844936464446,Seedling,High
Maize,Sandy,21.31585465321839,56.35835450678353,70.93767128761503,173.11501253942419,Maturity,Low
Potato,Sandy,30.04324421093732,27.933418017055025,76.5989419695716,33.959000987135866,Seedling,Medium
Cotton,Sandy,22.008742909457,40.84415080770193,88.0239630919904,186.1484436562856,Vegetative,Low
Tomato,Sandy,27.286827817875277,86.77358421602385,61.36108677401929,95.7190757191917,Maturity,Low
Sugarcane,Sandy,38.40252071204894,61.24913118994647,46.92231668320414,68.07734198169675,Seedling,Low
Groundnut,Loamy,38.13674445871211,51.00624313804315,34.421144128594875,148.35189537819278,Seedling,High
Tomato,Clay,21.84301133707155,25.45116168806082,27.785456737138105,175.36788121503716,Maturity,High
Maize,Sandy,42.66669954464581,73.55911455517293,27.0340760386081,74.14271272914215,Vegetative,High
Tomato,Sandy,32.7770454829448,72.71381175470245,42.7351499775839,81.46875043403745,Maturity,Medium
Groundnut,Silty,26.397728728860436,66.05327052294226,89.34290842303439,86.63164386943947,Vegetative,Low
Wheat,Loamy,30.05806742342582,58.26969846654869,10.068295794992261,184.46461229573382,Vegetative,Medium
Maize,Loamy,33.15213760313231,52.53383016555295,25.776471778480065,138.51279830286654,Fruiting,High
Wheat,Clay,31.796715955373564,64.49533197409943,25.071438592285908,49.529223409131106,Seedling,High
Rice,Loamy,29.592151066085346,37.5046588796305,67.36955884258339,36.99993950039588,Seedling,Medium
Wheat,Silty,30.147984122682004,90.59442981332357,38.198778207844946,46.07353268496321,Flowering,High
Rice,Silty,20.292357312836586,64.15958968851722,46.58086436734565,52.71277783710349,Maturity,Low
Rice,Clay,39.381987129140384,43.339433326578245,21.889930437592398,46.0366982668003,Fruiting,High
Wheat,Silty,31.25280959823046,53.725988816386796,42.39976311015582,131.70128943847922,Seedling,Medium
Maize,Sandy,18.93239585114109,80.42635916576693,18.255984952466882,23.18670213150127,Flowering,High
Potato,Sandy,37.98471304748334,32.121204554772305,52.643463031086654,77.47169794159214,Fruiting,High
Groundnut,Silty,42.97331935132053,41.962671684519535,17.835069230628477,125.01071459407329,Vegetative,High
Tomato,Clay,43.419206977108864,70.96310170524166,73.24067049385249,58.17199478858617,Seedling,Low
Tomato,Loamy,26.070531972335182,43.66169048616679,55.32813740323916,13.054876940331607,Maturity,Medium
Groundnut,Clay,19.065506206822622,79.43762613960995,67.91742990188135,16.36478456919366,Fruiting,Medium
Sugarcane,Loamy,30.551988798991957,29.78401153830206,43.48131093221471,25.193355260937267,Flowering,High
Sugarcane,Silty,18.37827688047662,77.20146278409564,40.519303459378186,167.16860497363103,Maturity,Low
Rice,Silty,43.01962255537852,25.12637861379247,17.856711123909086,131.57270112099394,Vegetative,High
Rice,Sandy,20.50738882065438,20.944445950062107,51.90844856342581,12.904482219528957,Maturity,Medium
Maize,Loamy,22.58297579853492,87.36676391241215,51.160173188567356,78.21377583028396,Flowering,Low
Cotton,Clay,27.199095806549114,63.6004412699224,47.44816355596843,55.71703456941313,Vegetative,Low
Wheat,Silty,26.494934056773772,46.387017281510865,69.24146917459595,115.60802232576005,Flowering,Low
Rice,Clay,38.83988677193667,37.44459777228878,76.60035200258835,104.56118993446269,Seedling,Medium
Tomato,Sandy,28.689504616528872,66.26643374456121,70.06317399588065,96.22480467394298,Flowering,Low
Maize,Loamy,20.123047800100107,58.17516376525536,21.50925942454751,62.90247407452263,Maturity,Medium
Wheat,Loamy,23.016296864582223,94.36983316474888,59.76476074256865,27.55995440879815,Seedling,Low
Maize,Silty,30.27340155562566,93.74119899903093,16.425848455162672,148.47527657452758,Seedling,Medium
Wheat,Loamy,19.42361752278405,67.62684246062072,65.56978299523811,175.9713537685309,Fruiting,Low
Wheat,Silty,33.349670269380425,53.21528795794179,40.54712772489013,188.83018184656345,Maturity,Medium
Groundnut,Sandy,31.97241919653438,56.835572685099656,20.59991650130293,11.723794122716091,Maturity,High
Rice,Loamy,36.44106949146773,71.18592996776465,78.96406855809022,147.9817423177766,Vegetative,Low
Potato,Silty,43.13113846138103,27.618090817653602,59.12066712311499,145.3006918813925,Flowering,High
Maize,Clay,42.367636833034666,44.62640553580386,38.3779974358022,189.42192282911785,Flowering,High
Potato,Silty,43.382268542064935,25.64541807527029,12.458174372039963,50.582918899553086,Maturity,High
Maize,Loamy,22.341467910711028,25.50205696376897,52.98482072028884,148.43580765903127,Flowering,Medium
Groundnut,Sandy,18.94695919918064,34.68794314206753,83.85807027889861,10.925257753296913,Maturity,Medium
Tomato,Loamy,24.068301014893457,56.393994094492015,57.710386616189254,126.24914415232382,Seedling,Low
Potato,Loamy,41.852555182989434,78.8580740872092,87.73204836955945,70.16956481043594,Flowering,Medium
Tomato,Silty,44.16160423870465,56.41219183744044,20.91608946163668,153.78188790949503,Flowering,High
Sugarcane,Clay,40.77974853211428,45.16074579206523,55.46440836758695,172.6608572870787,Maturity,Medium
Rice,Loamy,18.30053163382631,26.176474275256858,73.85000384051436,72.96420844350324,Maturity,Low
Rice,Clay,43.4228399417938,61.27216423873472,52.0432584900573,105.11721853986012,Vegetative,Low
Cotton,Silty,27.700740820523578,40.345143986238256,17.285308478997806,23.480812472719983,Flowering,High
Groundnut,Clay,15.27930872287061,66.12006334378606,56.630880123777416,83.38139304469532,Fruiting,Low
Tomato,Silty,28.27181222244581,93.28908043493138,58.93903246739774,72.16007865183384,Maturity,Low
Wheat,Sandy,16.382075090264028,28.348574110816262,68.2967398780282,36.62469195690355,Fruiting,Medium
Maize,Clay,31.316337634833527,35.90940490414549,70.89692121323792,178.89572495335517,Seedling,Medium
Rice,Clay,25.15662082311154,55.4820903574531,71.66181505684858,29.617567608032047,Seedling,Low
Potato,Sandy,29.203048007821465,92.64603615094471,63.07555149111728,127.14787150603743,Fruiting,Low
Maize,Clay,33.39511082229351,77.88573322024968,27.264894913492654,178.02852869597754,Seedling,Medium
Maize,Sandy,41.064032874534604,87.36718948721226,42.33886046715835,182.39371597264514,Fruiting,High
Cotton,Loamy,34.85704729415786,45.028613635684465,72.0903978091519,158.6479399681137,Vegetative,Low
Tomato,Silty,28.02146605434542,94.4028855333946,86.27415867206506,35.22822677483533,Vegetative,Low
Rice,Sandy,39.58283561011095,27.712461204811802,16.31575718692976,163.48628184277393,Seedling,High
Maize,Clay,42.167464127193966,23.972967953457562,52.842934223775586,55.31296248312492,Fruiting,High
Rice,Sandy,18.592798992965918,84.1701970290521,35.001781705944516,184.47960548650178,Fruiting,Medium
Wheat,Clay,30.957989326583743,89.54486526552397,28.031511545346383,141.8173362847699,Fruiting,High
Cotton,Loamy,23.535358792273325,26.793901815957632,50.4648546815772,157.0535122017773,Seedling,Low
Wheat,Sandy,16.41183593630842,28.507057005938112,58.48714724452294,17.006490700387445,Fruiting,High
Rice,Loamy,35.05640085341956,22.488061831683037,10.7817785135585,116.55302268870888,Maturity,High
Sugarcane,Silty,40.88312332377677,27.838067198204307,72.41652577609528,164.2284253797359,Fruiting,High
Potato,Clay,19.88707963432182,35.706486260021066,75.59057050075582,172.31807055449985,Maturity,Low
Rice,Clay,39.37240972871702,92.75574641825007,87.24086596543464,5.726340946728303,Vegetative,Medium
Tomato,Loamy,40.60187200610825,70.08951666797603,24.4514986579756,187.83184651102385,Maturity,High
Maize,Silty,42.430213279994504,78.39147691389066,57.564204988875844,8.667746660495945,Vegetative,Medium
Maize,Sandy,22.958552672581572,78.21045527686417,44.13002987811156,122.90373593496997,Seedling,Low
Wheat,Sandy,42.11859195569668,60.1305312334411,36.78622812442805,138.67750552306242,Vegetative,Medium
Potato,Clay,24.619882642092968,79.81167332847629,55.250676115000374,21.46905823358196,Vegetative,Low
Cotton,Loamy,31.570140403665086,64.68556492924773,72.59064745788402,9.602373121838536,Fruiting,Medium
Sugarcane,Loamy,16.515224124968462,43.59095732025182,11.844222675616809,156.98243089014582,Flowering,High
Groundnut,Sandy,16.316432651062307,62.083258157630056,87.55200900529493,76.9341249594868,Vegetative,Low
Potato,Silty,36.61119638196609,60.01314396008851,74.79052685645686,21.422503063024735,Maturity,Medium
Maize,Silty,28.334399339333732,81.75897903194905,70.09229629164628,152.5335632775284,Seedling,Low
Tomato,Sandy,22.688771261076525,93.62954130362442,70.83099057444028,169.83261402872412,Maturity,Low
Potato,Sandy,20.712404880747307,50.82819240656979,41.124856769492204,117.47723815176147,Seedling,Medium
Wheat,Loamy,35.09860472577654,77.25430088310198,70.1296440675851,32.247361686929125,Maturity,Medium
Wheat,Silty,15.012046320760197,27.482225302860016,40.94161668823661,3.0444942982981615,Vegetative,High
Groundnut,Sandy,39.176735075905626,78.26235270862165,81.89654636598345,140.16049626038878,Flowering,Medium
Tomato,Sandy,17.377488183897864,47.85626839949241,24.177790664517573,110.02793496506335,Vegetative,Medium
Cotton,Clay,20.744688447243583,22.954262216726498,33.387793937212116,130.1594283440159,Fruiting,High
Potato,Sandy,26.587091858972688,47.24346339216329,54.10700341592609,162.63693403991914,Maturity,Low
Tomato,Sandy,29.545762191483107,65.79820631912335,35.5368828709818,86.84555539859443,Flowering,Medium
Cotton,Silty,25.649853474418254,28.943762576109993,43.938979623621876,24.903093766724083,Maturity,High
Tomato,Loamy,24.621364949528818,89.3025869322691,49.39381515188757,187.9966570781653,Fruiting,Low
Tomato,Silty,43.917480362195654,25.825430995462895,78.50826790508069,109.05242544937146,Fruiting,High
Rice,Loamy,34.24739043730183,89.75050398748746,51.85538028869543,123.05882381770805,Fruiting,Low
Wheat,Clay,15.702988661021646,73.03531384517649,38.996787889164835,186.68228591035023,Vegetative,Low
Potato,Sandy,27.905277253329395,44.72841315606527,29.818893122809264,186.3167312620526,Vegetative,Medium
Tomato,Clay,41.250260992319106,49.306276078181995,42.694078303375775,114.41892134563471,Flowering,High
Potato,Loamy,24.04368559232004,75.56070235495582,51.258888353149594,59.52228494428522,Fruiting,Low
Groundnut,Silty,17.83669034323165,65.11033256609056,69.68918857625891,199.42272680254786,Vegetative,Low
Tomato,Silty,37.75154314769753,70.3732191091209,19.683902093787093,136.1634179907072,Seedling,High
Maize,Clay,33.18041495808244,49.187346238511,27.72873505913207,81.6873353784113,Seedling,High
Wheat,Loamy,32.10937523479512,56.586011135569926,40.37232126949385,111.96736057071794,Vegetative,Medium
Maize,Clay,16.60729678822224,94.24006130284201,38.83187240956117,83.16681005360593,Flowering,Medium
Potato,Clay,19.21497029386552,36.04421528747883,41.33984700841694,177.66103045932948,Maturity,Medium
Potato,Sandy,33.67648188639342,51.33921398915986,73.48170117122596,96.49987497314922,Fruiting,Medium
Wheat,Clay,21.234715243765073,41.88673906804755,35.93235223697385,164.70567519624944,Vegetative,Medium
Potato,Sandy,30.12210239245273,77.38336328298874,50.15185443221317,168.03525956460078,Flowering,Low
Maize,Sandy,31.346450580881804,77.30094692492905,59.91256262863172,164.86646754704967,Maturity,Low
Tomato,Silty,23.505215708128183,41.93340957480469,28.57428401468841,144.4377224951349,Flowering,High
Tomato,Sandy,43.452754666244786,26.10427374747372,67.49563097180311,170.97554336151637,Maturity,Medium
Rice,Sandy,40.273923205067256,20.857450750415303,53.768905579062476,77.44591592459385,Seedling,Medium
Groundnut,Silty,36.67120522898395,52.058789993186416,45.74249304251025,22.93264122839207,Maturity,Medium
Potato,Clay,17.339815992282272,50.77531957518282,74.7827221390651,168.4908408745029,Seedling,Low
Maize,Loamy,18.183900579270585,94.12924089798972,29.47962073481456,99.63368313746905,Fruiting,Medium
Potato,Loamy,29.783440375948672,55.23515567732597,80.65407764914585,25.475206505570203,Vegetative,Low
Potato,Loamy,19.82140047572957,39.23137771815655,54.8838988293363,23.06250443640159,Seedling,Medium
Cotton,Clay,44.34796390588422,86.84220807736006,58.73399035037266,31.84847880197854,Flowering,Medium
Rice,Sandy,19.755607020822282,56.830096224018384,80.00471713351543,150.19465193342117,Maturity,Low
Maize,Loamy,29.62403506391922,64.93817264079334,75.40661502794688,142.17133469325623,Flowering,Low
Maize,Clay,25.923631705245164,27.17515328211595,58.12496550575203,40.76373603697665,Seedling,Medium
Potato,Sandy,34.181592643622935,48.71873054973305,70.25501630785394,169.38468362195906,Flowering,Medium
Rice,Silty,18.871092266682748,90.816775585534,44.66555921863175,56.25895910564898,Maturity,Low
Tomato,Loamy,27.909492841271728,64.21290381315691,53.7902202799797,158.5971166629895,Vegetative,Low
Maize,Sandy,23.241150984214308,45.837639135684626,14.965610936680891,97.76118154698838,Flowering,High
Tomato,Loamy,41.63254574015064,66.92503854736948,17.18863344000375,146.3097365077132,Fruiting,High
Rice,Loamy,16.217571364040854,88.28083171835871,76.35403233490656,76.27753261471317,Maturity,Low
Tomato,Loamy,42.41182482019378,40.54929503544425,14.773732454599733,69.42811941895519,Maturity,High
Wheat,Sandy,39.98982415659001,57.88375388530058,23.551930050608583,168.27191979186645,Fruiting,High
Cotton,Clay,23.927121493224462,91.90179904338164,73.66661271603533,7.060450902813931,Seedling,Low
Sugarcane,Sandy,38.67871964031314,32.92971074738395,10.091676050260503,194.94738945150146,Fruiting,High
Maize,Loamy,15.936406810162428,73.97479441975337,32.592346307669146,129.6359116530747,Seedling,Low
Groundnut,Sandy,44.005966508801805,66.08607561522368,56.72309262612974,86.49667763988842,Vegetative,Low
Cotton,Silty,30.79784827769368,70.97563483554761,57.63599451754373,125.61090623008504,Seedling,Low
Sugarcane,Clay,24.09843078196336,46.34147230006772,72.17223265835788,24.54818929179656,Vegetative,Low
Tomato,Sandy,25.877496377840313,43.54095301128237,50.47410035937364,102.81049105870952,Vegetative,Low
Maize,Silty,16.99216060381492,71.31572529412779,50.752149562477626,197.01910466795954,Fruiting,Low
Tomato,Clay,44.680485421261174,36.1657463828409,68.02484604325603,47.05388756934137,Vegetative,High
Wheat,Silty,16.178758354520774,51.47410586442538,49.88995706130268,144.4556198072699,Seedling,Low
Rice,Clay,34.64721369443577,34.11309845396885,58.67928692508934,86.99427516634013,Flowering,Medium
Maize,Sandy,28.28207783119375,20.62286308424973,81.82192546040409,130.49162969759072,Maturity,Low
Sugarcane,Silty,43.46748654566145,92.75430200285521,42.116080608989755,40.97744573835509,Maturity,High
Sugarcane,Loamy,22.379992209203856,52.37772339923143,40.81000567353777,94.09299652352048,Seedling,Medium
Wheat,Silty,30.96260471814034,92.70122108148689,10.283919349181705,196.018542771855,Flowering,High
Wheat,Clay,29.47068625748259,30.52426398258696,59.07410092169855,39.05743020320192,Vegetative,Medium
Potato,Sandy,36.08599332150304,64.05250845931145,12.381752592570558,127.28900556975142,Seedling,High
Maize,Clay,17.040306958572614,35.07305245934297,50.331879178265304,115.11954975335908,Vegetative,Low
Tomato,Silty,20.813673900700646,79.2555595222456,74.33870312257812,113.01031725808066,Fruiting,Low
Groundnut,Silty,21.436944602785495,78.77772415707314,53.99368564157305,123.02465793032343,Flowering,Low
Sugarcane,Loamy,37.14452264525069,28.445536177948384,31.57089321733408,100.44759473764562,Maturity,High
Sugarcane,Sandy,20.674160889802202,88.40483396572918,72.89347371594971,3.3861500515316,Seedling,Low
Wheat,Sandy,32.204752916729305,34.59722354024185,31.577360326603106,180.01936229262355,Maturity,High
Cotton,Silty,21.45731461502861,65.97330061920204,68.64254247567189,165.39576549680618,Vegetative,Low
Wheat,Sandy,40.848748502519356,93.92252150657781,58.8206764152185,34.833536184224265,Vegetative,Medium
Groundnut,Loamy,43.26556363468916,86.17974010747729,23.599703739840095,82.6546354757738,Fruiting,High
Tomato,Clay,30.554789248267213,91.74229464208767,82.41070998753486,154.1097961387136,Vegetative,Low
Tomato,Sandy,25.56926652627535,45.694907841358955,26.051494636575654,196.01246307745689,Vegetative,Medium
Cotton,Silty,22.021733250524974,27.918173166459752,89.16696593125359,190.22740928835728,Maturity,Low
Sugarcane,Clay,16.493430045691312,34.12601549670876,10.584839092395262,179.87183993523485,Maturity,High
Wheat,Clay,23.05500228592486,57.53711713074604,31.078670171432243,31.674779459827928,Seedling,Medium
Potato,Loamy,34.62707339835954,79.49222587049917,25.988823781935906,182.89502120180097,Seedling,Medium
Tomato,Silty,31.008507939276324,31.26152331379064,11.11947281363701,175.6889825902159,Vegetative,High
Groundnut,Sandy,43.321238348427826,69.47986491955677,68.58943201178525,75.3899822332779,Flowering,Medium
Maize,Silty,26.888317874751017,44.26832030296339,65.4740641679677,78.90451890725241,Seedling,Low
Rice,Clay,35.81590026985184,45.59015542941151,73.38807714839444,91.98178439103215,Vegetative,Medium
Rice,Silty,29.67968242425364,69.64382976184447,30.53588371716522,131.23512619328338,Maturity,Low
Rice,Sandy,30.37728647772635,55.02495646499152,45.54681336663759,52.16712319660315,Fruiting,Low
Potato,Sandy,23.033229438123527,80.90249697694955,62.729081729723795,4.589685887988937,Maturity,Low
Sugarcane,Loamy,28.648523305259992,31.69388822471203,45.18148031105149,28.24590491944845,Maturity,Medium
Wheat,Sandy,29.123549910381218,79.24612023252789,65.78606162543326,88.02318151535474,Fruiting,Low
Cotton,Sandy,36.19927565246802,24.817643604306564,60.71787267523537,56.400513885240365,Maturity,Medium
Potato,Silty,43.219199975583415,34.55404101842038,19.171824241774118,152.90331220722638,Seedling,High
Potato,Silty,24.879638324475128,69.2112285877374,72.48344968615744,21.338014109854274,Maturity,Low
Tomato,Clay,16.26601405743895,84.11942423833034,67.65410872740146,183.49304511096076,Fruiting,Low
Maize,Loamy,29.888853765019192,38.95097208045118,62.466751009392425,179.0654359887822,Vegetative,Low
Potato,Silty,31.333839964475057,44.53937043716847,22.407488501680184,181.75136338665763,Vegetative,High
Groundnut,Sandy,20.053216533957457,60.28405612150549,31.439715903629093,147.92199972066533,Vegetative,Low
Maize,Clay,37.813938188282,35.867960486697676,41.45416252700804,21.39999429671986,Fruiting,High
Groundnut,Silty,44.547873253244745,80.83671961906293,32.39436973251547,87.62751427391335,Fruiting,High
Sugarcane,Loamy,43.37324151025383,78.02274837543206,28.224823254090516,26.28107436109275,Seedling,High
Wheat,Loamy,20.913181164709567,30.89687839743362,74.42861361294206,197.53983855221654,Fruiting,Medium
Rice,Clay,41.26089719702282,54.78722988624741,61.05857970881619,66.60768467973466,Vegetative,Medium
Potato,Clay,36.13480909235054,78.1120824990966,55.23777052402003,117.06610837801242,Fruiting,Medium
Wheat,Clay,28.615396914207345,45.29971483275611,28.07621686826031,155.87861084884435,Flowering,High
Sugarcane,Clay,31.218329829741872,67.48301170382987,83.44612498149131,184.1232168451291,Maturity,Low
Cotton,Clay,40.488005249473744,23.765984109317955,25.2946431277853,151.109545168272,Seedling,High
Cotton,Sandy,29.404048189151197,65.65165703969885,73.59607462597417,134.90075575324752,Vegetative,Low
Sugarcane,Sandy,26.196221073153808,31.448973500045525,87.33381333642345,93.19635640763026,Vegetative,Low
Groundnut,Silty,29.797424790779573,82.29374938358384,68.16741833793888,121.0800267501048,Flowering,Low
Tomato,Loamy,32.37389412105148,46.658709768535886,89.42870201477038,18.832761770565966,Seedling,Medium
Tomato,Sandy,20.672329613350463,41.11653970461468,62.08408935823574,176.7845083922525,Maturity,Low
Groundnut,Sandy,42.027231908009725,83.06667325336137,27.3968274883116,108.75546176797708,Seedling,High
Cotton,Sandy,35.22560846488841,23.760801730385765,26.305559497320907,8.02701008698854,Seedling,High
Cotton,Silty,33.998067520124664,49.74565995007586,35.96514274043811,183.9804251319795,Vegetative,Medium
Potato,Clay,17.984886785419143,47.750265543127355,10.570401617680485,97.86039476737373,Fruiting,High
Cotton,Silty,33.125218145177755,41.36002806871632,64.53587760662677,173.71782831220034,Maturity,Low
Wheat,Loamy,18.62881986715477,88.38157490011078,31.493422770226207,171.37759084107137,Seedling,Low
Cotton,Loamy,17.360930255861973,76.31962951375417,75.21465858342023,163.15031749142298,Flowering,Low
Maize,Loamy,30.819326869271798,24.79423731439541,38.73381204474402,12.280603859071215,Vegetative,High
Potato,Loamy,27.08356602139485,73.60155870762156,48.39651947706501,49.41332908484177,Fruiting,Low
Rice,Sandy,32.6643081046867,59.547434984659546,87.25511332482954,175.10957449308614,Fruiting,Low
Cotton,Sandy,17.676665041717158,87.56509208011845,29.373769843782167,179.79821121041877,Vegetative,Medium
Groundnut,Silty,27.929491885417754,43.470921301126886,67.70032779437916,91.61377247376122,Seedling,Low
Rice,Clay,20.24360145135474,63.06214997071872,70.40942314443338,88.00829353084045,Vegetative,Low
Wheat,Loamy,44.6130025777235,57.556645605573955,27.679852601890815,35.02812677722995,Fruiting,High
Groundnut,Silty,31.83450637305523,56.71706796707043,50.07974692897565,193.68215773823025,Fruiting,Low
Rice,Sandy,35.62310582822602,54.207904963790945,38.016154025037466,42.62769507180864,Flowering,High
Groundnut,Sandy,24.762548420478232,35.422210664921096,71.75249947200713,38.18735687015311,Flowering,Medium
Wheat,Clay,17.842167443380326,76.67824418692945,59.79866552232299,132.14579402983486,Fruiting,Low
Potato,Clay,44.2761258835061,53.85020245544665,48.07864438884376,48.568860600089536,Flowering,High
Maize,Clay,23.587771061495495,91.88872062519543,72.34906120381746,187.75432220287794,Flowering,Low
Wheat,Silty,27.714245555207228,39.56063203945823,28.812445600673364,2.181399063558964,Flowering,High
Wheat,Sandy,34.49591765107725,71.20578797202808,70.28975044674873,1.1506524646602623,Fruiting,Medium
Groundnut,Sandy,15.740918930583339,90.55378097293314,79.22994496742595,100.97536028711991,Seedling,Low
Potato,Clay,39.30777391551861,69.75937422620694,80.2897277446058,97.6124919826944,Seedling,Low
Sugarcane,Loamy,31.097345700858607,85.3454680713046,72.69388744156831,32.6728043801821,Maturity,Low
Tomato,Clay,23.346515612064664,82.06107198177546,42.6411333598615,98.90391259405689,Flowering,Medium
Cotton,Silty,16.84823955877408,47.00882866167529,88.54464181742615,82.33222103399729,Seedling,Low
Cotton,Clay,19.874952464233242,65.00929549546224,40.367491505795186,178.06590506847374,Maturity,Low
Maize,Clay,41.85101576560311,31.71960048585167,61.09003192819405,1.8507840433926948,Vegetative,High
Maize,Silty,35.58072671807673,60.16444120216997,22.885934245557493,195.25396100659046,Flowering,High
Cotton,Clay,22.497051649106695,37.28164788607529,88.43591189091141,124.8785528591685,Seedling,Low
Tomato,Sandy,16.968022948350885,75.78026112143343,66.31887374917306,30.368689129055127,Seedling,Low
Cotton,Loamy,35.71845937159909,59.60438164190934,70.27020361970946,9.352002762233248,Seedling,Medium
Sugarcane,Clay,32.172231779032956,50.842052197374535,15.262136272891569,107.62113171184637,Maturity,High
Tomato,Silty,27.13558573374705,40.15978221252332,71.07342513765374,46.97803319436402,Vegetative,Low
Maize,Loamy,25.908343475701916,94.90238613809652,71.9778743376481,60.23310740025185,Flowering,Low
Rice,Silty,21.50442827787325,25.378289066369952,63.741818108978386,49.026432966902725,Seedling,Medium
Groundnut,Loamy,35.08833769612553,23.267051042931502,33.35276910322749,130.03446271450215,Fruiting,High
Sugarcane,Loamy,44.12004083381612,36.29430503703984,49.17520337287052,110.70579242322671,Flowering,High
Sugarcane,Clay,20.271457375104774,92.83043439708648,18.834749704697316,15.5948847043623,Fruiting,High
Potato,Sandy,32.913498600465104,93.44286262399883,47.726965316732205,105.30530663503508,Maturity,Low
Maize,Clay,27.725551672379286,69.1195801079102,29.505908208032388,158.23795311265997,Seedling,Medium
Maize,Silty,28.40066165233995,86.00800004048035,37.92775891952657,16.238918164064863,Flowering,High
Wheat,Silty,22.624418403834433,36.047129813059655,23.00803267229589,177.94779524608398,Flowering,High
Sugarcane,Loamy,39.754046269842576,92.90315706324677,28.40434941975176,115.66132988954583,Seedling,High
Wheat,Loamy,29.557668124417233,30.70886376046735,16.125491345609298,190.12489385406332,Vegetative,High
Wheat,Sandy,31.302175565947923,27.584389113624372,83.5921093149537,29.62824354447513,Maturity,Medium
Groundnut,Clay,24.142827383919773,28.415865443545467,52.43285503803227,198.71299987066305,Seedling,Low
Wheat,Silty,20.454253970008494,62.98459424544235,41.73935770101917,128.85457319393535,Flowering,Medium
Tomato,Loamy,17.577311646084613,78.57308005385393,52.80233702150271,113.49883989621257,Vegetative,Low
Cotton,Sandy,36.42357422774748,47.500038340597484,60.26345827852421,103.05592482241708,Flowering,Medium
Rice,Silty,20.88702845063567,93.34219908395949,83.75030346954793,4.730874619662551,Fruiting,Medium
Maize,Loamy,35.70226062566393,52.58151035887471,24.295436182905064,187.92783830991561,Flowering,High
Tomato,Silty,26.711293381408616,31.28364130799122,33.644199890817404,128.79889457083965,Maturity,Medium
Rice,Sandy,27.473244029689546,54.94750611396025,88.06314690752917,18.325296899858245,Seedling,Medium
Sugarcane,Sandy,29.07532488278315,70.927787406683,39.69543893188195,4.190434058904979,Flowering,High
Sugarcane,Silty,26.031255243826294,82.4169335378284,11.80493206058621,10.156727847350266,Fruiting,High
Sugarcane,Clay,18.0185993166777,54.40762174674447,21.811479410972705,121.87915268644814,Fruiting,High
Tomato,Silty,24.288954300085372,64.52051195368756,12.107096139884161,122.80308297891705,Seedling,Medium
Tomato,Loamy,34.91203082081815,40.050853411914005,89.19385139365828,99.93345835628821,Fruiting,Medium
Maize,Clay,34.97353204406613,68.44373948041354,32.309667919297844,61.35316413059031,Seedling,Medium
Cotton,Loamy,23.58672921719983,93.94789579627577,83.88342055489808,106.34854632292827,Maturity,Low
Potato,Silty,28.803078796730638,23.67901794408454,89.67090206077727,103.26036417525157,Seedling,Low
Wheat,Clay,20.803416840358125,86.48980030288759,57.987297691449136,3.883111975313125,Vegetative,Low
Sugarcane,Loamy,21.31116244589507,62.17118770756421,12.65570520524494,56.49384606549961,Fruiting,Medium
Groundnut,Silty,15.691412652198222,38.907399467172496,16.52733043095416,10.637068293429897,Fruiting,High
Cotton,Silty,41.90239649723234,91.61672825069435,48.52712440863022,180.0309502895311,Flowering,Medium
Groundnut,Clay,21.321199952247184,56.25157272941742,42.493761032918876,145.0446325570271,Vegetative,Low
Maize,Silty,21.826016308093898,44.87676887550392,58.49418446254141,199.22303403858245,Flowering,Low
Maize,Sandy,23.388042979353955,33.61232212031309,45.10782477690911,60.43425266105758,Seedling,Low
Maize,Loamy,18.82224215086287,38.33391576924966,84.72614794171875,175.69716955138205,Maturity,Low
Rice,Loamy,34.17788649544089,82.46367811935819,52.77917723308089,120.61085358649635,Fruiting,Low
Groundnut,Silty,17.254288595327598,66.08075069878744,65.49808491699537,90.62508138072099,Maturity,Low
Cotton,Silty,19.026072789790508,88.49342146162371,81.71882181139972,44.51462225772702,Seedling,Low
Potato,Sandy,34.34270179770279,37.397633911833935,21.74975006665659,147.67843305722857,Seedling,High
Cotton,Clay,25.189818614443283,29.08539303866761,28.378772329482285,180.82814978086,Vegetative,High
Tomato,Silty,36.23843480103567,20.456564823169252,18.585492837921205,47.06167961507415,Flowering,High
Tomato,Silty,31.72274234010426,58.089652821199536,21.171071938392984,35.07806699472251,Fruiting,High
Sugarcane,Silty,22.68063519184539,94.87301977864911,51.006717354738655,139.2443830009734,Fruiting,Low
Potato,Silty,34.52483851467984,72.12239516139792,35.694340717397125,195.39463254510383,Maturity,Medium
Tomato,Loamy,18.48821040878642,43.12959439738596,43.85382716214039,149.9910202208156,Vegetative,Medium
Maize,Silty,31.092311492400913,85.76439372696288,88.59918654352495,56.91614780952978,Seedling,Low
Cotton,Loamy,28.11444315135104,78.62916994909698,22.536347823675847,83.99108482955712,Vegetative,Medium
Groundnut,Silty,23.036207484523224,21.156137455740446,53.26496566384605,76.86352709167434,Fruiting,Medium
Maize,Clay,33.120149932185,81.26453604057669,17.909692404292077,170.4190036094091,Flowering,High
Rice,Sandy,41.14000777020848,42.539506792887195,35.47970506111029,154.27415577444478,Maturity,High
Tomato,Clay,44.9671409928923,31.225509843770084,52.20207389396789,117.79508695230403,Seedling,Medium
Maize,Silty,33.23288306230273,36.97481298028059,85.73053967722701,54.99182207938065,Seedling,Medium
Maize,Silty,27.141176229875107,55.14348532813543,41.29825770267864,187.59770554441124,Seedling,Low
Rice,Silty,21.75621300648605,51.865094530100826,15.192535697173586,130.6630449538293,Flowering,High
Wheat,Clay,22.71288268185335,41.66654745306701,41.052915836825356,194.09532928835648,Fruiting,Medium
Cotton,Silty,29.38364934449297,32.91637416552745,21.659294069918218,116.02340660840615,Fruiting,High
Groundnut,Clay,26.018331038421277,77.1673092231627,28.399169063315625,164.23855167272282,Vegetative,Medium
Sugarcane,Loamy,42.414435678748326,94.25823378011879,59.44724985319923,162.62107587890534,Vegetative,Low
Wheat,Sandy,26.048864029671286,78.33436853147678,15.393909296294535,67.46575536671841,Fruiting,Medium
Tomato,Sandy,26.203337734363064,42.19527257536559,47.17790050000299,192.80414459144563,Seedling,Low
Maize,Clay,26.50603537301931,38.36067210591,58.75692688086115,4.388293519512798,Flowering,High
Potato,Loamy,40.09860631102974,36.32494070494537,43.74867138939975,153.74218175348284,Fruiting,High
Rice,Clay,34.52364962540706,30.252130586677723,11.530108049898429,193.11141715280877,Flowering,High
Rice,Loamy,33.42506550956678,61.34979122692259,88.84154855222923,67.78164065674457,Maturity,Low
Potato,Silty,25.024290671515864,65.40502789650081,39.36926138724282,129.6221175581944,Seedling,Low
Cotton,Loamy,39.53712530497319,72.9126995497353,72.28617495466136,112.44464996884211,Maturity,Low
Wheat,Loamy,16.150915840671033,71.0160028200251,36.05171937499626,152.30146193530473,Fruiting,Medium
Sugarcane,Loamy,41.12391517014339,41.92499834625369,48.001340559473505,173.23558432901046,Vegetative,Medium
Cotton,Sandy,30.382496993817888,44.77332540476349,41.077091408879724,120.60891385990959,Fruiting,High
Potato,Loamy,26.947507045902384,71.11359015817534,37.403138360768615,163.18091727629138,Maturity,Low
Maize,Silty,29.91501842153057,46.208573058772124,11.7481101766223,62.457115177851044,Flowering,High
Potato,Silty,35.02246591601494,35.94673922144848,38.80167502836028,45.71741174096338,Fruiting,High
Cotton,Silty,15.38296279553692,48.07521152725546,81.1591992319624,86.13353790656804,Vegetative,Low
Groundnut,Loamy,41.14655569374743,40.40631181834833,65.23146708749469,135.54731991615665,Maturity,Medium
Rice,Clay,28.402185759341783,26.623454091393334,21.633828727635187,37.44938978774472,Fruiting,High
Rice,Clay,25.288995591002347,82.260417670749,57.292400369819134,136.0704384303783,Maturity,Low
Tomato,Silty,19.14736696902171,83.98335418677772,81.37846879590973,78.81872971441346,Maturity,Low
Tomato,Sandy,28.183961230753262,36.48127251251596,66.00272327718844,159.1150547785264,Seedling,Low
Potato,Clay,29.889683138531367,24.857914964390133,21.894751388535738,7.367163420660661,Flowering,High
Sugarcane,Loamy,27.109400834804333,75.41205780133846,79.42659973875973,133.5965275658789,Seedling,Low
Maize,Clay,35.35980281480691,35.86464693975603,34.12352106310923,129.96446732999354,Maturity,High
Groundnut,Silty,27.62689586277678,49.50766170776452,46.32609154498734,188.18709522506288,Vegetative,Low
Wheat,Sandy,43.8425273353972,24.810143917803742,52.09142077513171,142.67351071281408,Vegetative,Medium
Cotton,Clay,32.97832553470776,36.97021885688264,78.04052835025561,159.26037928465624,Seedling,Medium
Sugarcane,Clay,39.22433806955727,79.46767087472269,84.52859961181288,180.91820317063366,Vegetative,Low
Maize,Silty,18.280677093284364,80.32973351864014,84.37223022324449,135.01038365839756,Maturity,Low
Tomato,Sandy,26.91873878837717,35.53136186657828,10.636334502283251,58.03072699199492,Fruiting,High
Potato,Sandy,25.105431043414583,45.193538383001716,83.75107884683658,173.9547599167044,Maturity,Low
Cotton,Silty,32.08447164409775,30.067881432030767,14.350957280125787,149.515623895195,Fruiting,High
Tomato,Loamy,40.83340560184277,25.56294727136918,31.26189254539483,84.88752080017869,Vegetative,High
Potato,Clay,17.3501465328602,94.41287858363071,51.199028378226636,142.10583452999242,Flowering,Low
Cotton,Loamy,17.177243941341324,69.16954634336294,48.394055120351524,173.5377754362284,Flowering,Low
Wheat,Clay,40.50953124472797,60.65723818987391,58.37678351099136,195.1304262782543,Maturity,Low
Maize,Clay,21.385502581150725,77.41238753039747,48.35569829896046,190.47030079181107,Maturity,Low
Cotton,Loamy,35.06259763349441,83.00578697657932,84.75005437123366,65.0655653528283,Vegetative,Low
Groundnut,Silty,31.286343970824156,80.50360760335457,29.24390785716696,84.33874274363635,Flowering,High
Sugarcane,Silty,39.986807846616884,21.240458696740745,31.921975523078867,21.907320995474254,Flowering,High
Rice,Clay,18.752667295092106,34.01059236428738,83.65903485544449,49.5088574036092,Maturity,Medium
Groundnut,Silty,18.893488971678337,69.11789765883734,16.139161099620498,176.48424169739005,Flowering,Medium
Groundnut,Clay,31.704550808349225,48.181951085297214,58.76486575238479,72.1699852558718,Maturity,Low
Sugarcane,Silty,43.39135960075113,93.68619882958302,64.53887616524887,124.11053171897622,Seedling,Low
Rice,Clay,27.449932751122628,69.90535944786905,50.443337874379154,133.19312366140664,Flowering,Low
Groundnut,Silty,24.808263007640846,91.74116815469048,65.53855030585098,156.3658550286624,Fruiting,Low
Cotton,Sandy,33.20067969593657,35.10848612343454,23.820371680957358,36.560006049126194,Vegetative,High
Cotton,Loamy,42.91345801635093,84.79677710862673,78.21057862172319,60.9626269228871,Maturity,Low
Cotton,Sandy,40.10783498533871,44.1014229361419,21.20205515759085,89.66726829163612,Flowering,High
Rice,Loamy,44.864508321996595,94.21736061783551,42.064995545259976,72.9682122476547,Flowering,High
Groundnut,Loamy,15.677057496071313,31.82665040548605,16.020608104656464,196.58104657193795,Maturity,High
Potato,Clay,18.385744341382868,58.725486412874496,53.616886305392015,166.98816064274249,Fruiting,Low
Rice,Loamy,33.28403290099866,79.46334003778415,63.57966459405113,95.9373509240972,Flowering,Low
Cotton,Sandy,39.617293180015494,52.44818604530269,85.29773080762324,175.8537252172936,Seedling,Medium
Sugarcane,Sandy,23.557330269202996,55.1063045140735,69.14689567168007,69.53058951665936,Vegetative,Low
Groundnut,Silty,22.176332641026562,93.97668466293058,53.28823331633209,157.16566477805293,Maturity,Low
Groundnut,Sandy,38.609273981436026,51.8981112725865,84.6093613736267,44.73511962129073,Flowering,High
Tomato,Silty,16.691455615596947,65.30540754492978,48.274947043270124,154.4644090452732,Vegetative,Low
Tomato,Loamy,26.081479427477554,24.0904745506363,54.89645224790955,91.29068063914568,Maturity,Low
Wheat,Sandy,30.174276677769893,83.1657560157695,57.68788221360766,21.49986419844847,Maturity,Low
Potato,Loamy,31.810460230509705,68.61260367346577,42.798378070925345,54.65249091111646,Maturity,Medium
Potato,Sandy,36.85845470378331,50.301507714711015,77.07861524526594,80.45492480471293,Fruiting,Medium
Maize,Sandy,25.645371702919746,21.21271549658898,24.81407510760473,149.85858233288744,Seedling,High
Potato,Silty,33.38053034023822,64.37516154451279,54.38737522972864,14.596542946190173,Maturity,Medium
Tomato,Loamy,32.561262683728685,20.949337136312163,67.77866049497553,131.90939901852792,Fruiting,Medium
Rice,Sandy,31.428483019612415,20.090271043176344,82.31809375012618,143.20272818656872,Maturity,Medium
Potato,Clay,34.21449879426636,66.2073921612016,80.71347171474227,130.7842739851503,Maturity,Low
Tomato,Loamy,22.78347513204229,34.17628005009157,50.69922315441136,152.13392763351112,Fruiting,Medium
Wheat,Loamy,17.53946260753887,34.391566228857144,61.45291609306733,35.63372320456766,Seedling,Medium
Groundnut,Loamy,18.578150161192305,68.99536743745577,41.53901889034408,117.42067101260747,Vegetative,Low
Potato,Silty,21.73747147961703,24.02728909545307,47.45422103041602,188.22898944077596,Flowering,Medium
Wheat,Clay,30.00593806568356,43.50541711059172,82.50126340584396,122.15685396090754,Maturity,Low
Groundnut,Loamy,40.2132825163806,31.20739266065143,84.45631945539792,122.2672693905906,Seedling,Medium
Sugarcane,Sandy,36.03880026265152,63.51322773474004,81.63312464536158,147.28792842265378,Flowering,Medium
Sugarcane,Sandy,38.67121812606142,69.63238660455468,21.06966894509106,66.6408464251718,Maturity,High
Groundnut,Silty,25.52926871778274,74.08518901992826,78.00672170645089,140.0951802643081,Flowering,Low
Potato,Sandy,27.139612249456505,39.14234126889241,85.86909848171842,183.246766662643,Fruiting,Medium
Maize,Loamy,26.810456579718384,26.693731372743798,38.899975565888376,2.179094605068599,Seedling,High
Tomato,Sandy,20.756195532135045,25.901274270642336,51.49170315373354,174.02260822177305,Seedling,Low
Rice,Loamy,16.83649974430716,51.96136613380428,72.32762046503967,43.72366625177182,Vegetative,Low
Rice,Sandy,32.7274827848168,90.93833067970363,54.9662510052519,91.18465474007505,Vegetative,Low
Cotton,Clay,44.676500502617586,36.32967756852685,89.47868173649995,170.4695601905276,Flowering,High
Groundnut,Silty,20.004891148507884,39.2556201006162,46.45706921254627,164.7824254913258,Fruiting,Medium
Rice,Silty,16.400544596978214,27.56666015793942,67.1154168965902,178.38549562521118,Flowering,Medium
Potato,Clay,38.385950454717985,65.41777054204476,73.40729121572353,188.0833585265052,Maturity,Low
Maize,Clay,22.577580200541725,70.99046554603811,49.52803326067516,89.43139135435172,Seedling,Low
Groundnut,Silty,39.88931416058785,68.219840612057,78.55870445691006,131.27276216020138,Flowering,Medium
Maize,Clay,36.118100011035466,84.5847682283586,53.69236729657572,78.09568810522134,Flowering,Medium
Potato,Loamy,43.37020611152414,56.48193762695538,42.93206374413052,70.14334349843317,Seedling,Medium
Rice,Sandy,27.26781707270016,30.084278057529833,18.62589390815576,86.3190821195339,Seedling,High
Rice,Silty,34.859095183519024,41.70538480283095,41.47308610803393,148.6152269565352,Vegetative,Medium
Cotton,Clay,28.94564342439812,69.68224800660138,68.71491637866274,100.28814942831058,Vegetative,Low
Rice,Loamy,33.917660919256306,65.98414803061699,83.70291293440859,162.8119348896684,Seedling,Low
Groundnut,Silty,28.48796718023212,59.82523473072219,30.134352308824823,149.04369543923116,Flowering,Medium
Potato,Clay,20.658967392722246,71.22233140165153,38.41884138644021,4.0956922248798655,Maturity,Medium
Sugarcane,Silty,30.236922480101427,67.80431377799745,22.316879528354097,126.04763142123232,Flowering,High
Potato,Clay,30.857526043123272,86.09936670987138,65.2578315383175,87.31422466171821,Maturity,Low
Groundnut,Silty,39.31811544780483,63.951228310872246,86.81507440079402,91.32579783022831,Seedling,Low
Groundnut,Loamy,37.065621173807436,78.39510190254174,61.27617758785404,163.67461077397894,Maturity,Low
Cotton,Loamy,34.913748718243326,38.65303669748509,59.36612240049811,109.52159721693535,Vegetative,Medium
Cotton,Sandy,18.401612866577175,70.86369384418009,54.279194440034715,177.12436469178942,Seedling,Low
Rice,Silty,36.618488719911454,87.66455887870067,17.076459254842923,142.56111847833807,Fruiting,High
Wheat,Sandy,30.00915469063544,48.929924592487495,68.36030611435069,110.56800175281056,Maturity,Low
Potato,Silty,41.82298608318477,78.43281405039849,58.163963483948066,150.90759523022075,Maturity,Low
Potato,Clay,42.59612802391628,74.35919758965765,62.91814150850296,7.66981018508146,Fruiting,High
Wheat,Clay,16.654697718053562,24.464464765386687,81.90488744219373,5.416730965641547,Fruiting,High
Cotton,Sandy,39.619246810634365,63.613123221805424,72.71686296488143,16.669865384170414,Seedling,Medium
Rice,Silty,16.13092171268012,29.764201190060177,72.47322017236209,87.51306502942853,Flowering,Medium
Wheat,Sandy,26.01508877085068,92.54893791729434,84.1747015103478,47.090029125388625,Fruiting,Low
Rice,Loamy,31.268999268632374,80.85556270254921,89.19479611703997,196.8522588831569,Maturity,Low
Rice,Sandy,19.443023958813825,28.22928509353401,56.50261855688477,108.45802780227338,Fruiting,Medium
Rice,Sandy,37.3894143770723,29.131399823575883,18.710529282493262,132.4831492162317,Seedling,High
Tomato,Clay,15.250641125164158,64.58553911844642,46.73039262203491,55.764027249339335,Seedling,Low
Groundnut,Sandy,20.057971453021104,45.86668806298875,73.00809171693155,64.35938171752176,Maturity,Low
Rice,Silty,32.42390489560427,22.617939430483197,12.218025980947935,67.09238282823118,Maturity,High
Tomato,Clay,36.43162686111877,60.623113087478984,14.550995068491925,139.7471410300601,Maturity,High
Cotton,Sandy,42.49929308081748,49.08838247643852,15.372622590625706,94.7412415378617,Flowering,High
Wheat,Loamy,36.16489955803871,27.5807369278807,68.48286066626486,103.53673050601489,Maturity,Medium
Groundnut,Sandy,35.15337810764598,80.1440294191987,50.09333028505377,118.40059643186906,Seedling,Low
Sugarcane,Sandy,26.83023439051993,88.63075739591045,39.51183548164749,153.7623312476434,Seedling,Low
Wheat,Sandy,15.038532765804042,76.74454505105976,18.44936362093888,18.07394970249563,Fruiting,High
Groundnut,Clay,18.604777762068657,81.6816732512208,68.57922001647113,155.37478244376433,Maturity,Low
Sugarcane,Silty,31.036636342681174,36.2367925449588,35.68158484407198,112.64701377503596,Flowering,High
Wheat,Loamy,35.25389657533259,39.76797131889508,31.225925605173373,133.81908897105143,Vegetative,High
Groundnut,Sandy,27.523448516893875,35.639565522439085,62.18553612428408,65.5103529681524,Fruiting,Medium
Wheat,Silty,36.92037034585171,77.3797573524173,54.72087140774734,81.87736736328984,Flowering,Medium
Wheat,Silty,30.655868859965363,91.09378092008728,38.99285134506413,46.23316393078405,Maturity,Medium
Sugarcane,Clay,17.225285867829367,73.76279050504269,61.318997664447046,195.85999948348106,Flowering,Low
Wheat,Loamy,20.760487529038464,86.1100073659667,31.697721630729454,99.40059450206333,Vegetative,Low
Wheat,Clay,40.19994669731829,67.90243211623795,73.58642092834614,199.21538315931957,Flowering,Medium
Sugarcane,Silty,36.74738239873318,49.07449254190993,28.345516024612316,97.95719561225327,Vegetative,High
Cotton,Silty,41.842859610374845,51.93212111977289,22.70701563056125,43.950252876813465,Vegetative,High
Rice,Silty,18.526717473628096,25.649107412555363,72.59515275991,101.49047934737135,Vegetative,Low
Potato,Clay,44.706676038452215,22.359289643451955,66.63136245583465,7.91911435981556,Flowering,High
Maize,Loamy,21.28220141849801,72.1606703141808,24.611118056143873,180.95396028439026,Maturity,Medium
Tomato,Sandy,15.35339628859926,52.88216690083855,19.29966021519504,163.71005023888821,Seedling,Medium
Maize,Clay,44.92268817160662,61.41613010409721,77.07192707893537,145.16410413885694,Seedling,Low
Maize,Silty,23.432216563353393,61.82459357168122,72.12787857573504,121.965343088492,Flowering,Low
Groundnut,Clay,35.0405835753768,40.80318599999761,36.18058989597314,115.96684673407263,Maturity,High
Rice,Silty,20.300469425289158,55.6919383122118,62.655792657069334,199.34564281589257,Seedling,Low
Groundnut,Sandy,32.40685596597425,55.30701662507767,19.932814923824864,55.59948680398759,Vegetative,Medium
Rice,Sandy,42.121049593636776,49.13204159208928,50.56381272381425,155.93687307311558,Flowering,Medium
Sugarcane,Loamy,24.605435022853158,81.55065375508029,11.49842336483359,116.2809540427315,Flowering,Medium
Sugarcane,Silty,35.10761928133078,53.83730027656969,41.328150473724435,195.17610875177704,Fruiting,High
Potato,Loamy,20.637107663952495,65.2733393379491,15.987425717712407,165.56063665965047,Fruiting,Medium
Rice,Loamy,33.74386196156176,87.16400902856195,48.0117744125506,199.70502259791854,Fruiting,Low
Wheat,Sandy,25.093510554525302,84.96752171441919,43.73453174823155,117.66499889248927,Maturity,Low
Cotton,Clay,21.33624775763855,86.78166528343739,45.55080213104448,40.90879150898701,Flowering,Low
Potato,Clay,24.395461521109056,40.25037473487605,13.626504163839526,100.73740713894676,Fruiting,High
Potato,Loamy,20.36523205523398,22.623686623104714,38.92930730254659,142.2222268101149,Flowering,High
Wheat,Sandy,42.05748323513649,39.58000999214969,70.51870792799332,154.8720772363176,Vegetative,Medium
Cotton,Silty,26.915606589513864,40.903050921553145,39.51314986828961,0.10199780318871365,Fruiting,High
Groundnut,Clay,22.35837914923102,88.2020245043726,67.21375620876645,101.0054177004588,Flowering,Low
Cotton,Loamy,28.45223523047799,68.6932049628478,39.55829789069866,47.046915994129314,Maturity,Medium
Groundnut,Clay,24.616085004194865,26.127796970167157,43.85915531921491,174.9823666509577,Maturity,Medium
Sugarcane,Clay,37.33257761439978,30.153394700832585,55.111369026341286,30.58108881004571,Maturity,High
Maize,Silty,44.136597356564835,31.675709415648157,86.0545549445666,133.29124991496667,Fruiting,High
Sugarcane,Sandy,28.141009700929406,67.28163111266923,18.708835731732414,53.212438064984966,Maturity,Medium
Sugarcane,Silty,40.83100199916721,75.15605191302524,12.633101492893895,71.30842864285445,Seedling,High
Maize,Sandy,31.975892206788586,84.4732932924047,58.636574704803614,188.11185215136896,Vegetative,Low
Cotton,Clay,19.717069952827003,90.54774131046823,85.9277671142741,48.08962508161589,Flowering,Low
Potato,Loamy,35.71868226244025,35.12784180398313,89.1778506043772,19.00055236458613,Seedling,High
Cotton,Silty,30.403034913774604,43.232936354303675,48.733139791360145,13.856980288845167,Fruiting,High
Groundnut,Sandy,34.5181956975631,38.0242160558623,47.44652968680788,100.92302201989243,Flowering,Medium
Wheat,Clay,41.69062237714995,46.90711755996033,61.597101659615696,128.34229645685758,Flowering,Medium
Groundnut,Sandy,28.21303711968138,88.59988305678121,54.450780576397584,65.45872871417744,Maturity,Low
Wheat,Sandy,42.035328696520665,63.133442520452114,60.72704460912945,138.05194835861616,Flowering,Medium
Sugarcane,Sandy,37.52007042844964,75.36439229933742,79.91995404303154,12.206743714647562,Flowering,High
Maize,Clay,29.658147776339543,56.75894270950865,69.70449355900874,171.46692898457536,Vegetative,Low
Sugarcane,Loamy,33.09666406973891,22.16434350020934,49.75019133494364,163.31344194784756,Fruiting,Medium
Rice,Loamy,24.76743397557034,24.814661449836073,46.94915672001357,197.09925427841713,Seedling,Low
Cotton,Loamy,44.507918992163226,60.34422734509143,61.168139881049285,187.30099618036908,Maturity,Low
Wheat,Sandy,35.02053489151188,73.90917761150192,46.456502753623795,71.23943278378562,Vegetative,Low
Groundnut,Clay,16.315405574898897,36.14978956465487,46.62234810125119,79.85507680311544,Seedling,Low
Maize,Sandy,24.798657172440265,74.14321804942281,11.304472142920385,149.1929694956519,Seedling,Medium
Wheat,Loamy,33.69943301277172,80.79993301126343,23.925130992584673,26.81655439099664,Vegetative,High
Groundnut,Loamy,16.689998333977194,50.89231087715834,49.08109119966024,62.80294204896697,Maturity,Low
Cotton,Clay,15.716525739574283,75.98144246330787,75.81227672402953,23.708187395129656,Fruiting,Low
Sugarcane,Sandy,28.500727185834076,50.30224627463449,32.29816053816993,90.97728981456628,Vegetative,Medium
Cotton,Silty,24.980705390780102,70.8762972091265,51.811474650491924,110.40085597706353,Vegetative,Low
Tomato,Silty,28.14895824099498,77.29977869896572,37.596966780738576,42.23209399255048,Vegetative,Medium
Rice,Loamy,22.880799296400156,94.39449637310831,18.38431916316712,5.326337382821,Maturity,High
Tomato,Clay,19.941532408289426,45.9047496547697,86.66387864570405,143.87116635010463,Vegetative,Low
Maize,Sandy,35.67430070941013,50.828058543095864,78.37390962002414,4.001032885233702,Vegetative,High
Wheat,Sandy,30.437133488034014,32.42150445576285,16.27939395735251,194.68052178567123,Flowering,High
Maize,Loamy,21.004626337481007,35.305479380135516,67.58298099746277,44.32145134847909,Flowering,Medium
Sugarcane,Loamy,24.58768278779995,72.00462519487833,37.80639234860001,132.7800184232582,Flowering,Medium
Groundnut,Sandy,32.75423722989978,88.77841926158571,89.58798456494341,86.95034524799783,Flowering,Low
Cotton,Sandy,17.166880448174336,49.59537137459304,34.19188158631822,11.93477206742144,Vegetative,High
Tomato,Loamy,19.423590277985387,33.48833351266559,29.09907562900799,94.43672132689349,Flowering,High
Potato,Sandy,17.197368123221704,41.38246245372456,55.43124386443242,103.35212685935993,Seedling,Low
Tomato,Silty,39.369519981423565,54.128877860610395,76.81009306745634,170.9366416185737,Fruiting,Medium
Sugarcane,Loamy,37.57227699636027,41.798774702402625,25.401509745583837,146.46981392957957,Flowering,High
Tomato,Sandy,37.59938795637771,37.51843123413997,66.75222157754649,15.860494950677273,Maturity,High
Sugarcane,Loamy,36.48976030428084,75.19883665678097,14.912526651289735,41.83253668645301,Fruiting,High
Potato,Clay,35.08156271009608,20.58836909304674,83.51477944883979,62.37753684298954,Seedling,Medium
Maize,Loamy,29.30975746134525,60.44228955023623,16.485993291783902,23.281537292963893,Fruiting,High
Cotton,Loamy,34.26834490521345,79.53251052723155,83.138510107533,91.37981418289812,Fruiting,Low
Wheat,Clay,16.15084664363924,39.96712147381011,49.264579956216224,196.8618381725071,Seedling,Low
Groundnut,Silty,33.64393267970354,65.2468632959013,45.84728902367359,102.92255824755232,Flowering,Low
Wheat,Sandy,38.33633116610632,70.16750792139634,87.86456636003012,148.37643366463388,Seedling,Low
Maize,Clay,30.010750811531707,69.12685223038176,89.23073421585752,136.58755953986923,Maturity,Low
Groundnut,Loamy,25.72539985281711,53.43872256490383,62.014250076880955,169.9822870184276,Seedling,Low
Tomato,Sandy,23.322802044029373,45.99334909068344,20.16954334856388,43.14469809312189,Vegetative,High
Potato,Clay,34.28406150486248,82.694305477086,50.4936068524162,150.76525233860565,Vegetative,Low
Potato,Sandy,35.78403595889726,76.88344677498982,52.333048076453,176.2710480611499,Fruiting,Medium
Rice,Sandy,41.12902799587628,44.09413800604344,51.15571425082478,34.30196459604855,Flowering,High
Maize,Clay,25.27002247382972,27.726439583165458,55.55934708160078,69.36044395760075,Flowering,Medium
Maize,Sandy,38.093169221567564,25.38556590841019,11.497977103551253,194.0203528663123,Vegetative,High
Cotton,Silty,31.840674725680138,27.070698342420204,66.8981825176402,156.1575691959585,Maturity,Medium
Wheat,Clay,41.485094720342374,63.71520208940321,66.99154415623904,56.51816650750647,Seedling,Low
Maize,Silty,30.834363248868623,23.874663187174228,19.237582014231034,112.7883539288974,Seedling,High
Maize,Loamy,30.528894851939015,45.269515622302876,55.61915539566406,80.86522456989576,Seedling,Low
Tomato,Sandy,32.33631244322727,76.4899776435672,55.468894594861965,97.99303526542597,Maturity,Low
Tomato,Loamy,37.47946065427303,42.07611248865336,64.59603361523202,71.0332382781417,Maturity,Medium
Groundnut,Loamy,43.94071436485383,77.24810578850975,16.83181537080649,55.86620370606812,Seedling,High
Sugarcane,Sandy,17.20690062647297,75.91002786552914,60.120264581287714,134.95260827828375,Seedling,Low
Sugarcane,Clay,16.603038071730516,38.43703494749123,32.460156059707295,155.70836301722352,Maturity,Medium
Rice,Sandy,43.126510122220154,74.6616635069559,50.56023923969376,174.79142454946896,Seedling,Low
Sugarcane,Loamy,30.896268765546182,76.08324787040755,71.86588421632614,31.06599346363761,Maturity,Low
Cotton,Loamy,33.447090437008086,49.80904442502701,66.45167490904106,164.57110472904813,Fruiting,Medium
Rice,Clay,29.472708047841866,35.781536280613864,19.51224141423947,50.96016489541271,Vegetative,High
Groundnut,Sandy,17.809723578224236,59.09531051689018,57.29478296928586,85.46727798201013,Vegetative,Low
Tomato,Loamy,38.042681352559995,89.10481910001472,87.52932247525908,180.28873716984933,Maturity,Low
Sugarcane,Silty,37.41673935265761,67.97125493240465,22.54155498680018,90.9007201965204,Seedling,High
Wheat,Loamy,24.35109964478436,32.96918732204459,78.2325670180332,39.41270680886324,Vegetative,Medium
Tomato,Loamy,24.18717735685201,71.20676935501399,66.20384644430216,31.97373104742356,Flowering,Low
Potato,Clay,40.13524142716555,52.040227046137595,71.92026503278078,94.59675333042676,Seedling,Medium
Cotton,Silty,17.170717732239797,64.36465980165298,32.556666171411635,152.53448479531082,Maturity,Low
Tomato,Loamy,41.433154450696975,75.05480262673309,33.0311143503874,199.44102879486024,Flowering,High
Cotton,Loamy,22.699850696877434,58.62105136358336,82.48155646211904,157.48172568618037,Maturity,Low
Cotton,Silty,32.78954243266482,81.04879809299814,38.786562567404694,175.4023917885707,Seedling,Medium
Cotton,Sandy,43.07982537005333,74.1616684487471,15.041231255424838,149.5664721869776,Fruiting,High
Groundnut,Sandy,35.34367504609939,66.1305005013883,58.047736286356006,179.0870201512212,Fruiting,Medium
Cotton,Loamy,27.4328943740111,31.30946118742636,19.98541352334741,15.258708662782649,Fruiting,High
Cotton,Loamy,35.686026267162454,82.69618331836762,73.72769931263265,185.9863197963291,Seedling,Low
Potato,Sandy,25.319389089491104,90.1929188989862,61.33971540008459,79.28123074513123,Seedling,Low
Wheat,Clay,23.317752490475584,30.27238428569711,79.97812041769666,184.32284465608893,Flowering,Medium
Rice,Silty,44.90049833804039,56.61808470750729,72.78697998261082,15.146567491895112,Seedling,Medium
Maize,Silty,37.52370693539363,39.416655647787834,18.969091867055692,143.04859142422717,Seedling,High
Potato,Clay,34.341599321454524,76.58924805691734,40.485654114753785,147.1377497340409,Flowering,Medium
Rice,Clay,25.658689296579563,74.1222227003525,71.96481999316698,199.38217785955453,Flowering,Low
Cotton,Clay,16.474824874651446,30.5663840427799,43.38731786130606,153.77105413796275,Maturity,Medium
Wheat,Clay,15.931706281054668,85.77704534462279,87.78923878239826,76.51474116312133,Vegetative,Low
Tomato,Clay,31.625437663463963,33.572979798350175,68.85923599147594,111.44971032370907,Vegetative,Medium
Wheat,Clay,37.86098163117153,79.79442692360806,11.239993335225682,73.31018763331805,Maturity,High
Potato,Silty,31.12137571331565,54.27352697210036,80.39885532486691,39.203729060971625,Fruiting,Medium
Cotton,Clay,40.22355215817343,44.62042201686134,18.064382789484608,49.700465500454705,Seedling,High
Wheat,Sandy,16.00279599279665,31.867944700566014,21.241897934406868,44.402106854864186,Flowering,High
Sugarcane,Clay,26.0025622927782,32.57106921099721,68.75939204888408,109.76306603264258,Flowering,Medium
Wheat,Clay,22.11211173522534,69.64179160256752,79.19748475443842,181.23212690637865,Fruiting,Low
Cotton,Silty,28.41818904471366,61.28227909603404,52.90797023196448,182.54532521767953,Flowering,Low
Groundnut,Silty,17.171291795823674,29.156406623842454,33.12397863566233,10.9527555051651,Fruiting,High
Sugarcane,Clay,43.623949247132174,28.45233953287439,38.10524362025404,15.979880190378704,Maturity,High
Wheat,Silty,21.697662032080828,25.42329310795936,37.43114636768448,49.0238114344687,Fruiting,High
Maize,Loamy,42.66923326450754,75.78255105301581,36.13424830476098,51.01189049389498,Vegetative,Medium
Maize,Silty,27.776794651100452,73.39115639219669,29.432773745731986,18.97783504785022,Fruiting,High
Wheat,Silty,44.56572399765654,24.382324314093136,58.70936757033864,77.6926682346881,Maturity,Medium
Groundnut,Silty,31.621751503806323,62.02025566977297,82.03242548520538,117.54507853825744,Fruiting,Low
Tomato,Silty,42.92498592527423,26.35071164320174,34.56659304666729,115.63244011989273,Maturity,High
Cotton,Sandy,15.160469660826685,87.78093279567062,24.935543796912967,108.68593625171854,Vegetative,Medium
Maize,Sandy,37.447164185427,88.03380643850993,77.08621330971398,67.73438497749945,Seedling,Low
Tomato,Sandy,42.09151959307546,72.36747423598476,69.34266647117626,141.29113706331614,Maturity,Low
Wheat,Clay,19.19161700936862,89.46416910795875,84.46696252479283,165.29678819621427,Seedling,Low
Potato,Clay,17.883775551964543,80.8589772810268,23.24157884839277,69.2548532954817,Maturity,Medium
Tomato,Loamy,27.737178215578666,82.14039319452871,21.540105129327323,17.107071859892397,Fruiting,High
Sugarcane,Sandy,43.01036718398805,62.72808879274499,53.314351544399734,59.266050218371305,Seedling,Low
Rice,Clay,31.271596805713163,42.95443986621319,59.154692386807625,27.473730914980553,Maturity,Medium
Maize,Silty,30.823693911651965,36.33493363373162,48.413875348767164,93.47174544543617,Maturity,Medium
Wheat,Silty,19.233783548979655,44.540001652919685,57.917330905910035,31.187030263215654,Seedling,Low
Potato,Sandy,15.023685332796564,67.13715725667966,24.43038151000571,92.56895153159546,Maturity,Medium
Cotton,Loamy,39.30420272236384,32.94924018742992,48.36910033312667,44.20057846492955,Seedling,High
Potato,Loamy,17.627236889587145,39.398017747799116,62.64740487517343,147.7462210924806,Vegetative,Low
Groundnut,Silty,34.015494562059715,55.10456470965983,44.616515939896296,5.513648167169127,Flowering,High
Sugarcane,Loamy,42.43849363545574,37.47875738934617,64.35578686532783,110.94926076638512,Vegetative,Medium
Wheat,Sandy,21.25955739475293,64.14827522870462,46.095302444307166,33.89765498401134,Seedling,Low
Cotton,Silty,34.958185087107324,89.23820213422474,36.68796646738218,0.19837289392541368,Fruiting,High
Groundnut,Clay,17.360957301225284,76.10670242773449,34.28840376696739,173.84001761296142,Fruiting,Medium
Groundnut,Clay,33.11265431512839,69.98199606116847,42.87216471908704,134.30555756281353,Flowering,Medium
Wheat,Loamy,19.917951628596082,63.70411069878341,11.847169814576066,19.78856441010468,Seedling,High
Sugarcane,Silty,37.078606815455345,56.59609319427987,63.4820110756891,132.81447353677112,Maturity,Low
Tomato,Silty,24.036938843817246,33.99228947259948,77.60845127842094,122.3294665475197,Vegetative,Low
Tomato,Clay,28.90173026413939,87.10328415701491,38.370167555449484,94.67133740864067,Vegetative,Low
Groundnut,Silty,32.98291626082865,38.64020015096273,13.682650891337484,83.8516196851228,Flowering,High
Tomato,Silty,20.138202319987187,26.848165818362055,88.94204779084461,177.413952583147,Flowering,Medium
Rice,Silty,37.249134558528624,76.25113844215214,31.095860436085356,49.029603979490254,Flowering,High
Groundnut,Loamy,24.079210219104436,33.171165074837475,20.12968973526184,79.66201140267665,Flowering,High
Groundnut,Silty,34.871155797382606,47.892199965588205,39.58020063784224,65.82308257896545,Flowering,High
Cotton,Sandy,19.74849152098121,22.12136962182348,69.08456325068454,154.2402058073267,Flowering,Medium
Tomato,Loamy,35.643529776190505,30.280095690533607,33.51332775124526,183.29306124650788,Maturity,High
Sugarcane,Silty,18.845642184313853,32.990272306993404,55.97625631355903,169.9563397480461,Maturity,Low
Groundnut,Silty,27.760694888099508,24.080759581263347,43.24479955497138,159.5407860599537,Vegetative,Medium
Potato,Sandy,22.416182212166305,69.24927174671339,19.42111938212948,197.3579891140166,Vegetative,Medium
Sugarcane,Loamy,37.45125748284548,82.7755846852338,36.42296099936882,139.42891008207704,Flowering,High
Rice,Clay,22.861050135206238,47.99865547744557,67.98964045712533,150.21075824270676,Vegetative,Low
Cotton,Clay,41.45151919186189,85.59323575386506,58.96031178651565,196.5605079410038,Flowering,Medium
Wheat,Loamy,41.754606342198386,36.00099309200949,19.58227039068488,1.3981570798348164,Maturity,High
Sugarcane,Silty,20.893239456683574,44.40428176709296,23.065792777144686,126.80967528727301,Fruiting,High
Groundnut,Silty,33.41537835023173,31.30527447733763,61.25866874459564,147.7943063906579,Maturity,Medium
Rice,Clay,17.63152925159893,66.54193965642489,75.0732331456695,183.565410751439,Seedling,Low
Maize,Clay,26.746112988048875,51.49021931527301,37.957959676653545,176.76886083686855,Maturity,Medium
Rice,Clay,36.39965188503817,65.9962510131424,57.624860147476014,168.39213624675887,Seedling,Low
Rice,Sandy,34.78269740549749,77.12561790456377,23.651487100168424,189.15825438834077,Vegetative,Medium
Cotton,Clay,33.74102008219824,60.927726202471135,34.910106952425906,107.4758375827415,Maturity,Medium
Wheat,Sandy,23.476225909873307,67.07227661763409,11.621616453844208,1.3840191169653515,Fruiting,High
Maize,Loamy,26.34074848303206,90.14377357957497,71.46207582396181,2.2108797394019053,Maturity,Low
Tomato,Silty,18.088384341008584,42.42982322066324,42.08078558183735,108.92781112357162,Maturity,Medium
Tomato,Clay,36.57068461300803,46.937295397546485,75.29004589231631,87.05444777278825,Maturity,Medium
Sugarcane,Silty,30.116663903738207,73.82775212820027,66.6698396818181,90.2490106730897,Flowering,Low
Rice,Silty,36.26296897036964,65.847913779154,76.29954125827815,80.0809474420074,Maturity,Low
Potato,Clay,22.468305743906182,33.38996784047861,32.85269356663062,183.54516181824715,Maturity,Medium
Cotton,Clay,24.733146859051985,48.21104825078676,24.808698434227622,71.83407023395799,Fruiting,High
Potato,Loamy,25.02646011780344,55.08785098435362,87.75245461213365,171.24538835261666,Seedling,Low
Cotton,Sandy,15.772272292416487,51.4542378476292,67.38622296326956,180.57295875832818,Seedling,Low
Tomato,Sandy,25.231436184918707,33.37061062415306,76.72338143413363,99.90035399979095,Fruiting,Medium
Sugarcane,Silty,39.099137205541005,89.33225688381967,11.050669896794698,89.38760747301767,Vegetative,High
Sugarcane,Clay,41.91895487249215,77.17390712704818,38.35692962367092,152.20412084308936,Maturity,Medium
Sugarcane,Loamy,30.546549469077824,56.10168740808892,69.42533524618653,141.59430152797648,Vegetative,Low
Maize,Loamy,28.665050856576606,71.00457712301275,16.238626639198664,65.70702331924119,Fruiting,Medium
Wheat,Loamy,15.924738560981108,87.29620041016413,55.38719436551485,20.509625184929313,Vegetative,Low
Maize,Loamy,41.37613012756148,30.21306067711784,44.32582139640026,52.97048003649607,Seedling,High
Groundnut,Loamy,15.390306402776181,38.77797880302333,11.409320571288584,26.205701162459793,Flowering,High
Groundnut,Sandy,43.34250240630635,60.70259354424838,28.87804616955611,58.94645515533827,Vegetative,High
Potato,Sandy,29.67648746064272,79.9257778514269,32.783359125337135,52.36431311615981,Flowering,Medium
Wheat,Sandy,25.2580348072418,22.719117158114553,18.9487957077058,127.5422847773427,Vegetative,High
Tomato,Clay,42.7265530452798,93.80136126472703,60.52295277941283,190.89920569095594,Fruiting,Medium
Wheat,Silty,15.731729793302902,54.117995216179786,29.39183010015112,137.14874646609672,Flowering,High
Cotton,Loamy,32.44274684607261,46.942335546629224,32.209559969551066,185.32988161291394,Vegetative,Medium
Groundnut,Clay,31.46797573498013,41.95433283798289,81.8590878560118,156.82645172168867,Fruiting,Medium
Rice,Loamy,21.579612036341462,33.07675307381537,47.369847415451154,145.57552441423465,Seedling,Low
Rice,Sandy,27.866622940506318,79.3680431697521,41.37025175754179,82.81238804266829,Maturity,Low
Tomato,Clay,34.5679201783131,91.65606235595725,67.90968306517738,64.95890057267373,Fruiting,Low
Cotton,Sandy,36.81393590645783,51.023356613404864,82.76910375063296,169.25547449458384,Fruiting,Medium
Potato,Loamy,15.021505761197393,91.43155210650922,12.002906898995507,181.07864658580107,Seedling,Medium
Maize,Loamy,43.10560290273046,81.78482115762756,45.859107724431716,90.3764987301864,Flowering,Medium
Cotton,Silty,19.93576117178437,56.07883456072387,58.86250848623578,1.8126196373288828,Vegetative,Low
Rice,Loamy,22.007413026670775,70.55196343445996,35.48504785007917,158.5062117812941,Flowering,Medium
Rice,Sandy,22.904203370815445,52.62381343778472,71.79261776985933,57.01376809445833,Fruiting,Low
Potato,Loamy,16.13460409656106,61.90425561594143,87.7181656216219,1.9775730033841477,Vegetative,Low
Groundnut,Silty,18.691563707709747,24.353475276387787,85.47418930002266,160.9977117952244,Maturity,Low
Cotton,Silty,44.59049768832486,72.21976064753999,31.278603150395348,103.48283776337964,Maturity,Medium
Cotton,Sandy,24.456502121318582,23.961848336310254,28.10706227499888,137.04214926769382,Vegetative,High
Rice,Clay,18.45903271017148,81.28137101897372,86.59924248169769,182.9379642288955,Fruiting,Low
Maize,Loamy,18.2097378352387,81.87101970954181,46.69027899451727,108.23476602762108,Seedling,Low
Tomato,Silty,36.58379903009916,37.78079656671609,26.663817846775338,100.63881451579316,Flowering,High
Sugarcane,Loamy,40.637059920979226,44.27470857768502,66.55975709043346,58.1324242696527,Flowering,Medium
Tomato,Loamy,22.708568985254097,56.09827839187199,32.75362591230333,61.038766887990526,Seedling,Low
Cotton,Clay,15.627285370057049,64.74971801993611,31.379758005684188,159.30841320592916,Seedling,Low
Tomato,Silty,21.692700553360673,41.55152463064975,80.33992344622278,89.8058491171874,Maturity,Low
Rice,Loamy,16.69547072390272,64.43648034739438,22.998332270152275,32.70524172162408,Seedling,Medium
Rice,Silty,18.101848098901247,42.334030492197414,15.151435717298911,18.90575280009912,Vegetative,High
Potato,Sandy,27.94524359542927,24.161804080329553,31.53491521373498,94.58402337235587,Maturity,Medium
Cotton,Sandy,21.897551125848977,20.189566237393173,58.5556330270563,92.99100472354608,Fruiting,Medium
Potato,Loamy,30.478376355762702,27.586329343882145,19.847028272261646,130.6916556410792,Maturity,High
Cotton,Silty,22.60481259771571,79.41880251230137,47.7275737821435,94.21349554902814,Maturity,Low
Sugarcane,Loamy,43.21611903308843,92.10734842875029,60.186968834025585,28.695140826842945,Flowering,Medium
Sugarcane,Silty,42.17831903778794,52.022464946091446,77.89895940745392,101.56057695970271,Seedling,Medium
Groundnut,Silty,32.00418315031398,58.451296508745706,28.38956729618035,181.35788077720503,Vegetative,Medium
Cotton,Clay,25.632719759621587,31.01361268050696,75.38770587062315,31.888282324042482,Seedling,Medium
Maize,Clay,26.434406461042066,61.32735145101178,28.792500890499085,137.9509281955498,Flowering,Medium
Tomato,Clay,27.35556849433491,30.84911765052326,64.14132329917123,118.77185299310531,Seedling,Low
Cotton,Loamy,36.82737966404832,65.84107483991225,44.45388571859641,149.71714534236054,Vegetative,Medium
Wheat,Clay,28.549169865565137,89.99440006856403,19.17449939029361,30.12005468551855,Seedling,Medium
Groundnut,Clay,40.701898395176926,34.67739044772797,67.1410770257479,188.3210673811989,Flowering,High
Wheat,Sandy,43.32284357791094,77.34227885428265,27.421009483921424,124.19328555343172,Vegetative,High
Rice,Silty,25.078384601368015,21.762681711374302,24.129874081967316,169.41422753822738,Seedling,High
Sugarcane,Silty,31.820834441270403,48.16229309912157,38.66583428715066,49.32135273604712,Flowering,High
Tomato,Clay,17.851696104976934,28.30613808728818,62.26321958075868,147.8825778795923,Flowering,Medium
Cotton,Silty,21.014071432990768,46.435658119677456,28.719718303250225,156.20614086678378,Maturity,Medium
Wheat,Sandy,27.403973001304806,33.01526897291626,24.692923102550857,79.48705447741513,Vegetative,High
Tomato,Sandy,21.186081477053364,47.99787425921656,10.796290057069147,76.79069057668441,Vegetative,Medium
Rice,Clay,41.29681472366153,51.31421045806478,47.73144776813788,131.55925300514986,Seedling,Medium
Sugarcane,Sandy,19.748587681772943,42.54433420856888,44.29164554521462,18.681536352043192,Maturity,High
Maize,Silty,28.669824646592758,69.24664621048468,28.7094194909901,147.1248300435018,Vegetative,Medium
Groundnut,Loamy,33.17097721379627,88.91390384441823,14.29217312077526,8.577351967882185,Flowering,High
Tomato,Silty,35.75591724482533,50.04465305789543,44.340469967666955,38.1180602241652,Vegetative,High
Tomato,Loamy,26.4920810917952,34.42573673562661,73.0564088857305,132.82875144827344,Maturity,Low
Maize,Clay,41.07297206174185,40.304206864698756,67.22257050617415,19.664733418392764,Fruiting,High
Tomato,Loamy,32.049574532337765,84.05006176222767,78.86359118881361,194.368418295358,Flowering,Low
Rice,Sandy,28.185233413426552,62.87297924526109,10.76661501705245,173.67924189238013,Vegetative,Medium
Rice,Silty,17.017219021561097,54.125827423021796,87.31354534436788,125.2604664813473,Flowering,Low
Maize,Loamy,28.94068405335495,31.2227541131695,37.31298021019587,163.81149113386996,Seedling,Medium
Groundnut,Silty,39.62207522447191,53.729548124283646,89.23182368735718,177.51600971791356,Flowering,Medium
Cotton,Clay,33.436230546639464,40.886900251804,30.209556848141972,51.89512991436369,Vegetative,Medium
Wheat,Clay,39.96487361187355,90.73723458900119,47.72291100625958,169.8823175898639,Seedling,Low
Cotton,Sandy,29.820350117979167,86.30525820617984,38.3142141260243,38.95875672752036,Seedling,Medium
Tomato,Clay,18.553851152834454,26.292690637114852,38.46085719954421,82.66845282976307,Seedling,Medium
Wheat,Loamy,15.409195375076433,58.749011694593214,77.38256789985726,111.65192624971986,Fruiting,Low
Potato,Clay,24.096586401557737,36.879375913600406,69.71351517898711,142.7781926148065,Fruiting,Medium
Maize,Sandy,35.939714144933774,50.808281714321794,89.37211481840384,6.028263544505608,Seedling,High
Maize,Silty,38.70779711825081,85.76359986885923,59.081174617401004,58.10188255563779,Vegetative,Low
Groundnut,Silty,23.872585038609884,59.56358899164086,47.060528351560215,121.70381964207806,Seedling,Low
Wheat,Clay,29.869617626497416,45.066147002806986,17.20590903575129,71.47373582982375,Seedling,Medium
Rice,Loamy,27.63356713302245,35.591626557874775,89.72491356110854,155.00501112589868,Flowering,Medium
Wheat,Sandy,27.315683530542834,80.02436445548669,54.12245223458263,130.33043223014323,Flowering,Low
Tomato,Loamy,21.940461396004515,66.83885115232604,66.03819757521134,46.88029074474716,Flowering,Low
Rice,Sandy,19.09113315088375,55.10490953196734,42.53939097530491,29.185795918466617,Maturity,Medium
Sugarcane,Clay,20.90065674693639,36.31132653972335,53.81725665433887,125.80939871741008,Flowering,Medium
Sugarcane,Sandy,16.659971614900382,45.068478061784845,85.40621855143098,90.09346554095154,Flowering,Low
Potato,Sandy,20.94392225470731,91.98825700538889,23.31355503452822,33.79140822026372,Vegetative,Medium
Sugarcane,Clay,15.276026928761384,59.006745320437574,33.38980674642037,65.27484106367547,Fruiting,Medium
Maize,Loamy,33.81775201907935,50.05244609324397,22.16477822224259,60.60934966371732,Fruiting,High
Wheat,Clay,24.491262221630485,59.10665317612429,73.37727230438198,21.62639446787502,Fruiting,Low
Sugarcane,Sandy,44.19434134280726,78.42413794247065,14.963620833746365,109.38180385304561,Maturity,High
Cotton,Clay,20.811511523288935,45.50817023771516,16.530531988107064,152.72972678251082,Seedling,Medium
Groundnut,Sandy,25.374857109287817,33.402959069945666,33.879529022989495,115.0933777705974,Flowering,High
Cotton,Clay,25.735234759245998,63.87020887542859,51.1350544736809,165.25827298747046,Vegetative,Low
Sugarcane,Silty,15.253544881873816,69.89030776108004,42.50198404476692,25.513709443086263,Maturity,Medium
Potato,Silty,40.17623859118377,73.45385022189122,13.585304853664582,87.12237156444478,Fruiting,High
Groundnut,Clay,15.959833804329742,86.14906930745973,86.59932462967612,121.88302073161982,Maturity,Low
Tomato,Loamy,43.20539504187724,47.83805905168347,86.22956162864669,135.20031218838147,Vegetative,Medium
Cotton,Sandy,41.762230532808616,25.651617217166887,32.34850585926079,139.1572612846854,Maturity,High
Potato,Silty,31.065657482578906,91.87614377232066,68.52204922148653,145.79308541957622,Fruiting,Low
Wheat,Loamy,31.307867247338763,52.62589455781064,56.2860329106579,130.28596243920333,Seedling,Low
Wheat,Sandy,34.613337688684695,66.74431322548486,28.998135600449928,18.84561778817353,Fruiting,High
Cotton,Silty,26.61150035804661,69.97289923462192,30.973724139329235,139.0611355204593,Fruiting,Medium
Sugarcane,Silty,34.41666850193566,60.98852815259026,49.292253944836034,144.9565313548775,Fruiting,Low
Potato,Clay,16.343051660654606,35.39431473022026,43.53895531978881,198.69598686672543,Maturity,Medium
Wheat,Sandy,16.621428820491797,76.63572875871061,33.29834625850114,138.6724873402252,Vegetative,Low
Tomato,Loamy,28.716912588586332,80.28139807280613,74.60092770441192,137.3660791503098,Fruiting,Low
Rice,Loamy,31.488669033181047,61.47316895130798,48.51703341099079,102.9626580363944,Maturity,Low
Sugarcane,Loamy,41.634529210074575,56.642087043863114,62.38784499113023,173.5845817170228,Vegetative,Low
Potato,Sandy,18.13981901723689,28.5453637345989,25.14188001343004,199.36695239223167,Seedling,High
Tomato,Loamy,39.679437815816684,26.29637461248379,52.68061300131894,155.8089740394864,Fruiting,High
Potato,Loamy,21.30142011876209,45.46736341726465,35.438083955729724,122.50007557156168,Flowering,Medium
Groundnut,Loamy,26.822509455300956,43.31346166380449,52.11308883159026,15.790965386313637,Maturity,Medium
Tomato,Clay,24.498073044822387,91.52423382224534,72.46606667287425,145.3478263459255,Seedling,Low
Sugarcane,Clay,27.00465818596197,78.77170568325724,71.51305680730093,141.71231371639007,Seedling,Low
Groundnut,Sandy,19.514864942177567,69.4943221444295,38.337654242742076,155.11362956188634,Seedling,Low
Sugarcane,Sandy,30.107102232106648,58.82360667632038,65.54216936637113,24.911077679897865,Maturity,Low
Wheat,Loamy,39.04927769494102,32.55256480449885,85.30319603154216,130.7465000252287,Vegetative,Medium
Rice,Clay,28.24602031136691,93.38425041382129,60.05354639399251,59.14478099033494,Flowering,Low
Sugarcane,Silty,29.718407276945975,48.12805236801575,21.872809870610972,152.05424868056673,Vegetative,Medium
Sugarcane,Silty,40.46302755843943,28.01942018354336,64.3766903423276,48.074790806293244,Fruiting,High
Wheat,Loamy,36.181743439140924,57.034917178680956,18.392350907944905,136.79573536408213,Flowering,High
Maize,Loamy,29.71363225559354,85.54985087098125,79.76883270344217,58.99858939679594,Vegetative,Low
Wheat,Clay,22.73086944567539,86.5468251332997,51.33283966415522,1.7988585634862275,Fruiting,Medium
Groundnut,Clay,41.547802405349,20.822443704233542,40.81125890492636,126.6715823946191,Flowering,High
Wheat,Clay,32.31061205071675,86.47218085635498,14.56052757197539,22.653816631784473,Maturity,High
Wheat,Sandy,21.634428303320803,40.36131631248939,40.46269876736878,131.8582945576428,Fruiting,Medium
Rice,Sandy,23.07359257914031,22.92292729763173,82.25653343326316,185.1218896713875,Vegetative,Low
Wheat,Loamy,39.09399266808738,83.58427027721558,11.678639702904254,193.84918684221805,Flowering,High
Potato,Sandy,16.324366862623663,84.79000669911562,47.97185262254439,47.184617465522514,Fruiting,Low
Sugarcane,Clay,44.762765610864605,64.71733098817626,84.49264728884978,161.85064553013098,Fruiting,Medium
Potato,Clay,18.910550391443753,63.08253179722688,41.58727998120169,70.71065537448806,Maturity,Low
Rice,Sandy,38.88205576190812,80.98402044660645,44.25405499697203,180.09141454959646,Fruiting,High
Cotton,Silty,26.843259503150485,78.973216453271,56.28480441592959,157.49791372587475,Flowering,Low
Maize,Loamy,29.766485498624007,86.75791050820281,47.034986686174676,14.784343329152726,Seedling,Low
Potato,Silty,41.419517323937335,61.45605856975276,23.488135299004192,81.42739877545546,Flowering,High
Rice,Loamy,27.387335687676398,92.57353195496066,11.484443125588832,67.46356520193481,Flowering,Medium
Groundnut,Silty,31.124812610197033,94.71101232000038,58.78493263829613,157.03620414465541,Maturity,Low
Cotton,Sandy,16.478989872275097,28.740845749897446,83.66452696062497,82.05714213063182,Maturity,Low
Rice,Loamy,15.070424216023595,83.71578196655915,18.50913064217325,136.91767953061677,Fruiting,Medium
Rice,Loamy,22.343996190051776,57.48666933114418,26.87621754022027,120.48705111808809,Maturity,Medium
Maize,Loamy,35.41749278756302,49.06747537248741,39.61835886599788,195.12774381952676,Fruiting,High
Sugarcane,Clay,18.637946800774102,65.98042324120362,74.69937832168958,187.55699136032297,Seedling,Low
Potato,Clay,18.412858764136484,24.19741679465053,31.540825317678205,85.53990294774374,Vegetative,Medium
Groundnut,Silty,27.328818241077098,57.98458390753099,80.56435234230148,144.71564232822988,Maturity,Low
Tomato,Sandy,34.4351111582468,85.316792752,14.396629972005313,165.89201879624434,Maturity,Medium
Potato,Clay,36.362159767437916,36.009613710422656,85.27652970071479,179.77715077242905,Seedling,Medium
Tomato,Loamy,20.353520222951243,51.97924210770688,54.85976622990119,13.626852755296737,Maturity,Medium
Rice,Clay,17.387644421161273,90.46106657861566,62.70221427901636,60.41575985469936,Seedling,Low
Wheat,Sandy,43.21191101836632,52.1422878354273,39.41516180290825,64.04600819370437,Fruiting,High
Groundnut,Clay,22.819991476863052,46.87757242492987,72.55954284088483,86.88919024397572,Maturity,Low
Cotton,Loamy,40.600394928261714,53.04024860925337,23.325300006752485,33.8529501430838,Maturity,High
Wheat,Silty,40.90474351388455,58.95895748881672,13.912946022278962,99.24117599000162,Fruiting,High
Wheat,Loamy,38.17567775287633,67.39935080986017,41.64135544860457,132.64286545969122,Maturity,Medium
Potato,Sandy,20.0650081995771,80.05196006875482,78.29565711848316,99.47278404334354,Flowering,Low
Groundnut,Silty,39.654043777626015,53.90766543232357,70.39414693101557,133.15861903952316,Seedling,Medium
Sugarcane,Clay,38.0775167772476,81.31107013176052,51.37247763911664,13.288326363580062,Vegetative,Medium
Rice,Clay,32.90168970318651,60.029049601406044,55.771019773228275,175.19746634148206,Flowering,Low
Rice,Clay,25.116061055068585,45.386038277598324,20.391426103900436,187.8138384202137,Vegetative,Medium
Rice,Silty,22.875258127996325,69.34631210895606,77.25452068940658,123.58148482372972,Flowering,Low
Rice,Loamy,18.65667636241077,73.82916910576185,72.95677463713575,176.2781997273794,Flowering,Low
Potato,Silty,30.292712007026143,61.853673172211565,62.51763151095542,26.289203329642486,Flowering,Medium
Tomato,Silty,32.5578262652954,24.246122985104257,47.29528290631507,159.48978401526205,Seedling,Medium
Rice,Sandy,25.78016971547362,32.74121563706187,87.156741462361,23.829638694518795,Vegetative,Medium
Tomato,Silty,29.260772030426057,41.397329066767114,80.32255775011768,81.60204629950734,Fruiting,Low
Tomato,Clay,25.905433721078,41.196920446361986,61.55443948116948,64.763706911655,Fruiting,Low
Sugarcane,Loamy,34.23018171962104,70.5065600185153,39.74407981738303,117.11836504409085,Maturity,Medium
Rice,Loamy,42.0377762338969,21.376149625522444,59.44178229452099,60.30290704790671,Seedling,Medium
Maize,Loamy,19.917607861408346,76.67613327871399,56.03527412245323,127.46272593342654,Seedling,Low
Cotton,Clay,26.4422642970937,39.900685610519986,41.539359026793306,73.47745783039157,Seedling,Medium
Wheat,Clay,19.22605811852584,43.25163846620768,34.53391773504609,172.1580762060929,Flowering,Medium
Tomato,Clay,33.74831311223496,59.59323709579432,42.56086337898579,126.7767680439223,Seedling,Medium
Groundnut,Clay,36.86611528465787,36.19442007042181,55.91291248267183,43.059659464289226,Fruiting,High
Groundnut,Clay,42.957381977923674,86.33534851816457,44.250787576887554,67.2258844056174,Seedling,Medium
Cotton,Silty,23.366157787828946,26.402658449492396,31.08595905611071,169.48417752533115,Flowering,High
Groundnut,Clay,43.5063361759629,53.328677172579866,70.8770654208647,77.2959499974917,Vegetative,Medium
Maize,Clay,16.897880154620243,83.70667020911674,52.51739967659304,107.15981311312903,Seedling,Low
Groundnut,Clay,33.09041590093764,66.18829208159269,15.414013058047997,129.78838719046655,Vegetative,Medium
Wheat,Clay,16.7139815802999,41.924713688197514,39.46532045009004,69.56192991718335,Maturity,Medium
Wheat,Loamy,41.81322563285835,51.55701558323456,80.79307657695948,58.79572615161366,Flowering,Medium
Tomato,Clay,30.894271712101624,73.0020785256886,70.41892249599616,95.05098052160572,Seedling,Low
Rice,Silty,35.08045052288388,92.99455575229246,35.85974271552057,42.976194418557824,Maturity,High
Sugarcane,Silty,39.947217777313575,86.98540387845752,85.05465216356073,56.842117383812685,Maturity,Low
Maize,Silty,19.509318674519065,45.68246062867826,16.128232668656814,12.415696806407217,Vegetative,High
Tomato,Sandy,16.157746858144016,94.86484094658931,86.89877631137512,60.79405519420109,Fruiting,Low
Maize,Loamy,41.366434377385566,20.26284976482937,29.65640739877405,64.14081867271386,Fruiting,High
Rice,Clay,24.447996823767973,22.07223168563113,10.727534424193541,192.36663325826393,Fruiting,High
Potato,Sandy,18.86936723781496,81.78803863783953,44.704642921466146,117.94576509317602,Fruiting,Medium
Groundnut,Clay,29.053837112612598,34.9597015124789,38.717634374960696,157.47648508316112,Flowering,High
Groundnut,Sandy,32.94918227088056,24.557695129718063,53.127120416543505,9.07545055606449,Seedling,High
Sugarcane,Sandy,15.929118102675304,37.78610549273766,73.74182884558763,21.307338721674384,Seedling,Medium
Rice,Silty,23.24686974771263,51.95751154856451,77.39446417203577,162.90739217251846,Flowering,Low
Tomato,Silty,15.98399622830688,74.79247028250536,42.09839996893535,124.70990988352715,Vegetative,Low
Sugarcane,Sandy,27.61006167586497,66.82516449134042,44.387659496508014,38.196406108040584,Seedling,Medium
Rice,Silty,41.853000871987334,37.82159131703153,21.854218426357896,80.95908117234765,Maturity,High
Cotton,Sandy,44.479572344807075,57.74528360754383,13.80380871049308,107.73449999632456,Seedling,High
Wheat,Loamy,34.111426605108825,89.46605790489265,61.29719921880198,168.72196582748836,Flowering,Low
Sugarcane,Silty,19.849130813537755,81.12558327378183,15.155010044215382,12.082398338898837,Vegetative,High
Sugarcane,Silty,42.17548169997917,44.23923386238451,68.70640955371647,119.34445787347248,Seedling,Medium
Tomato,Silty,30.487434696001813,93.66984210167722,53.1272116017798,143.4071843173368,Flowering,Low
Maize,Loamy,19.612479363087544,73.14653003263481,25.88663825808667,195.57837158209188,Maturity,Medium
Cotton,Sandy,42.651800083549844,24.683701675008635,53.16183548101197,161.43201565843688,Fruiting,High
Tomato,Clay,37.72407152169309,22.6370534966479,24.639817328167908,55.245462713054685,Maturity,High
Rice,Silty,36.951158181694545,32.630596175752245,45.09897660083296,141.91583877565301,Maturity,Medium
Rice,Sandy,36.27542111383214,74.58919010376101,73.9648252993783,152.6555769853954,Vegetative,Low
Rice,Loamy,21.01019463289327,33.78041943818209,46.953543472850995,145.94709998367904,Seedling,Low
Potato,Clay,21.33020075122578,58.36150769066251,21.89594546380386,164.028813590374,Fruiting,Medium
Rice,Silty,35.64878995281765,26.99450901356238,67.9062945458356,180.74599524272753,Flowering,High
Maize,Loamy,21.591682503311908,89.06646183726464,24.94147330160071,19.68597379786805,Fruiting,High
Cotton,Loamy,28.160150904091466,45.79704601876757,69.08398994960876,20.952771536223768,Seedling,Low
Groundnut,Clay,38.46005476781824,88.1099042420473,48.34818313726666,159.2799977541292,Vegetative,Low
Wheat,Sandy,38.518575542935224,90.86567314329082,46.29934072754413,50.47449530429417,Seedling,Low
Maize,Silty,28.59785317577579,20.459648548526058,78.11480302859798,11.708284390015589,Flowering,High
Maize,Silty,38.76569814825736,54.810139039904904,66.6882819472535,80.24583619612116,Fruiting,Medium
Potato,Sandy,40.1586538859417,21.849204178016965,12.63286375639514,163.97538236521564,Maturity,High
Groundnut,Sandy,34.64327253852781,88.15195747271794,33.69394516812819,25.313004762796076,Seedling,Medium
Groundnut,Sandy,21.852775569252607,58.88056585509319,79.67365286799189,134.3683943608935,Vegetative,Low
Wheat,Clay,23.220353411566425,25.620800952387263,11.466093483615891,0.7231723543135393,Vegetative,High
Wheat,Clay,24.44523466226206,28.270754620742515,53.62027570095763,21.94748944248999,Fruiting,Medium
Groundnut,Silty,18.50412323201856,48.763176836955424,68.22605353391552,70.17006915369737,Maturity,Low
Rice,Clay,23.194788611098353,90.5175644654667,59.74848683876607,16.720456204882804,Flowering,Medium
Maize,Loamy,21.28557672937596,71.96818636760607,70.84257616835491,169.1803334874226,Maturity,Low
Tomato,Silty,28.659862494258064,85.07141496418492,68.05534791317967,172.81410062909376,Fruiting,Low
Wheat,Clay,42.253126436167946,47.484248475498475,65.36245561224906,151.11414061990484,Maturity,Medium
Potato,Sandy,18.13440950261874,23.241027466249875,75.72318887405217,48.495926279123495,Fruiting,Medium
Potato,Loamy,36.60803771842187,93.07382279033106,61.65525347596307,104.64941504799596,Maturity,Low
Wheat,Sandy,35.61849013239383,21.287974299677717,42.19347954055856,36.83770510467428,Seedling,High
Groundnut,Silty,17.87262595990073,91.07387398108168,47.75272879316701,56.25569001462216,Vegetative,Low
Cotton,Sandy,42.677172147174005,47.650806788685856,67.33798261451605,103.20105843475822,Fruiting,Medium
Tomato,Clay,32.05416606470459,20.756780376641114,80.10448237334352,147.00276169215957,Fruiting,Medium
Tomato,Clay,25.911765634070527,71.68679237933813,31.777504067182054,18.93087607872783,Vegetative,Medium
Wheat,Silty,37.6961575048592,93.54052280235156,37.36614367768566,59.33933952561723,Flowering,High
Rice,Sandy,22.720963752049023,92.42192921281944,84.459151708993,185.32426971438446,Fruiting,Low
Cotton,Silty,35.80529511138961,32.07027584018138,56.28094339275563,85.82466355637763,Seedling,Medium
Tomato,Sandy,16.191336227167415,33.59358545496163,24.316945370800084,187.7739347818629,Maturity,High
Wheat,Loamy,40.18224112827816,62.41541859647451,63.09561111299062,198.28010831042712,Seedling,Low
Potato,Clay,28.445125410639555,67.79786198212433,89.26097244315037,105.33196522228319,Fruiting,Low
Tomato,Silty,34.10078743073825,75.45634352493992,75.87628515763201,57.60880195697011,Flowering,Low
Sugarcane,Loamy,21.63713459420051,33.578777035411065,69.65929092411221,158.1553617145158,Fruiting,Medium
Cotton,Loamy,35.312211379753435,91.92553150733258,26.643732341301536,31.86214710500299,Flowering,High
Cotton,Silty,38.1672082767983,67.90544422169285,80.09118277472058,50.409371934414104,Vegetative,Low
Sugarcane,Silty,29.19639560653196,83.52851891529161,52.06310748284372,156.97598189985644,Maturity,Low
Maize,Loamy,33.53180772185383,60.504928646312884,81.14320176575644,86.72918494640598,Seedling,Low
Potato,Sandy,28.689777714671955,51.070763569241194,36.386226353990345,40.307587397533354,Flowering,High
Sugarcane,Loamy,41.822741077735365,93.28871799462469,14.96408421083462,130.2251489904649,Seedling,High
Groundnut,Silty,29.936075415429574,63.659102811487706,48.07807749277969,146.55237227633657,Vegetative,Low
Groundnut,Loamy,40.25426127086457,85.01551870993842,31.587008385430213,25.014247890113815,Fruiting,High
Wheat,Sandy,39.04056174810746,91.49692972747174,67.21834318210385,55.39605199498683,Flowering,Medium
Cotton,Clay,27.315144640450697,70.65159702564944,86.56852422848259,44.25535107444665,Maturity,Low
Maize,Clay,21.90253475572425,61.17040088890062,65.27793209212511,75.97092575249043,Flowering,Low
Maize,Loamy,27.18246397679313,20.263313818298798,80.95471437673628,152.68897911521287,Fruiting,Medium
Tomato,Sandy,39.786521273256604,23.00147305542545,46.24192108809651,142.74162045486486,Fruiting,High
Tomato,Clay,21.82897607458177,35.063841203833725,71.73125897562414,132.50478207674078,Maturity,Low
Sugarcane,Loamy,30.73309037573248,33.95063238919964,77.44347493373627,1.2571091737182405,Maturity,High
Maize,Loamy,39.182902438822424,39.1069096399884,66.87005020668339,28.428662676077888,Vegetative,High
Sugarcane,Sandy,25.604324253851363,42.87009782732456,50.62218288556517,44.659509820413355,Seedling,Low
Potato,Silty,34.26628911008092,47.004912016304615,60.069288769229445,54.39116920776992,Flowering,Medium
Sugarcane,Loamy,22.368947221464435,51.54032675516574,66.04055965431043,29.28530832978,Vegetative,Low
Tomato,Silty,18.278383361044796,27.4149753842011,30.24675225771415,82.06311029477793,Seedling,Medium
Cotton,Silty,38.83152675278569,23.177144896458653,74.76634087319879,15.036117002805183,Vegetative,High
Sugarcane,Clay,17.969058702261204,70.54583368047676,86.02596311738186,150.00443807755616,Maturity,Low
Rice,Silty,23.141441852387537,60.300111863230825,47.21914521439488,157.544157459221,Maturity,Low
Cotton,Sandy,40.65328265992321,53.310815166508974,66.0853746487902,114.85333792017963,Fruiting,Medium
Maize,Clay,25.394078612360016,67.58299558762643,68.96207246322831,17.940975408393566,Flowering,Medium
Maize,Clay,44.19136048542484,82.07595554026554,62.979803801718425,178.0166339093516,Flowering,Medium
Sugarcane,Clay,44.3920300432158,52.076968183715344,53.769208666290844,193.1271657416229,Flowering,Medium
Cotton,Loamy,23.0482806136067,68.08395987889845,80.53183636598484,40.47271206435787,Vegetative,Low
Tomato,Loamy,16.229346667496714,91.5179167876369,45.914136741511555,140.92796388814395,Vegetative,Low
Tomato,Silty,36.151898526161375,82.97183718961705,14.888236518928286,168.38772612849715,Flowering,High
Groundnut,Clay,28.52959507945031,51.95006078768071,77.56451005697282,107.96870450854045,Fruiting,Low
Maize,Clay,18.02258531878729,68.35376283610572,63.918501785324054,64.66461990534978,Seedling,Low
Wheat,Sandy,36.22568456934128,33.28031914369548,77.94069011997172,95.71174301607053,Vegetative,Medium
Groundnut,Silty,15.935247273357637,62.03916386713174,21.083795395575542,102.4537501568904,Flowering,Medium
Tomato,Sandy,41.10590071476726,93.5996218353832,12.460235240777306,80.12740883760559,Maturity,High
Cotton,Silty,19.159575873399113,58.87363364018917,84.7499632306001,185.96849872674125,Vegetative,Low
Potato,Silty,18.81935636240175,89.57287243926105,21.818264468045943,148.7766221885004,Seedling,Medium
Tomato,Loamy,20.270168939057534,50.55011903774455,74.77218656563615,48.260328450992795,Vegetative,Low
Cotton,Loamy,43.807990754761995,94.91336203884734,75.85679537445087,117.1114374639737,Seedling,Low
Groundnut,Sandy,35.79508080761538,63.44150264206684,66.69641604392024,137.73783018623348,Seedling,Low
Maize,Silty,39.041146063909096,23.170174567695092,20.500976887429676,28.031284340426055,Vegetative,High
Tomato,Clay,26.92904957198259,64.00660975185411,63.3918899648646,71.68514847602975,Seedling,Low
Sugarcane,Loamy,25.089381825148667,40.59295217596975,81.12692666614925,181.1096563207832,Vegetative,Low
Cotton,Clay,22.0345202034951,22.436099152692105,44.04253158407066,113.4346200370403,Vegetative,Medium
Maize,Sandy,29.41944084937227,81.56399785209976,43.08134835028791,43.39954921206337,Fruiting,Medium
Potato,Loamy,31.554862006025054,40.67972277355669,45.42866476635353,24.556959623830153,Maturity,Medium
Potato,Loamy,33.95324530958266,79.74114155348738,16.581751254096517,103.64537869497555,Seedling,Medium
Wheat,Silty,22.713555119960837,41.61631872169002,81.36204552239788,109.53714460582881,Vegetative,Low
Cotton,Sandy,43.45962242708972,34.57447654053307,79.53462911844083,66.88289027092247,Seedling,Medium
Groundnut,Silty,20.092754946214075,93.04516805783206,89.8327457432229,126.08320568382369,Vegetative,Low
Wheat,Loamy,43.96959524299237,47.12339958162647,56.81465131987308,13.736937243877744,Vegetative,High
Wheat,Sandy,15.445683675225114,65.10321585823704,70.09533091611087,29.027938653228126,Vegetative,Low
Rice,Loamy,29.433770754505368,65.74861196108537,26.213752504584377,109.25476420225183,Maturity,Medium
Tomato,Sandy,25.001035143496885,62.035511163012636,63.402305457933565,12.363138768890792,Seedling,Low
Cotton,Loamy,28.473702417907525,88.6021807640911,61.978627900591256,176.18175299822013,Maturity,Low
Wheat,Clay,32.11993736942367,70.58308035251514,82.096698867329,28.42927409130336,Maturity,Low
Rice,Clay,28.06767474038127,50.27997530786976,76.46341782712594,134.7839748169073,Maturity,Low
Groundnut,Silty,27.44540550904785,84.67852883932055,85.07731700942105,78.24068834288505,Maturity,Low
Maize,Clay,36.9817024623992,33.57971743369733,79.5066778161286,79.95754950844969,Fruiting,High
Sugarcane,Loamy,35.57628825259394,60.81775682078131,79.49551159190815,152.97790572222877,Seedling,Low
Sugarcane,Loamy,39.998138461075435,91.29127789578173,15.097866135097462,99.89242683458279,Seedling,High
Cotton,Clay,22.49876943718487,66.90482224103096,77.67695621567647,145.13109272877327,Vegetative,Low
Wheat,Silty,33.2858552926219,81.27263378561571,58.59827156024945,101.03824575055384,Seedling,Low
Sugarcane,Clay,32.555843561785615,69.01705441588946,40.4355561412769,118.58106828105268,Maturity,Medium
Tomato,Sandy,26.092134326180663,82.95281476534177,14.521169951044985,152.14292557393284,Flowering,Medium
Sugarcane,Sandy,29.581726257080426,90.83659098839327,64.21390198144374,121.46174858425508,Seedling,Low
Sugarcane,Sandy,24.413464299171864,40.46912956495526,36.256140043009395,123.12302187775772,Flowering,Medium
Sugarcane,Clay,19.255331928509555,32.724581094253914,47.42210119888278,157.8439182855189,Fruiting,Medium
Potato,Clay,21.414036319881987,56.29930627494049,64.53827496441075,189.81736316387466,Vegetative,Low
Rice,Clay,18.165409392036032,72.63968201181619,82.94196376193143,75.34323078706736,Vegetative,Low
Wheat,Sandy,35.49208725570372,37.039343988666204,76.03495324839987,115.42343144519025,Vegetative,Medium
Tomato,Silty,34.821821793274545,20.30760878226253,46.04777032828799,17.25463154670912,Fruiting,High
Wheat,Loamy,43.51819114739618,45.7201336877529,41.02265259571031,71.76077611377339,Maturity,High
Potato,Clay,36.89035240941724,92.66445016008413,29.182379107523797,82.4098451778772,Flowering,High
Cotton,Silty,16.561375162683944,72.12255954543849,39.79414009407746,167.0474633648102,Seedling,Low
Cotton,Loamy,41.527355217868624,50.0994082955918,18.883710983351865,102.67848042513536,Maturity,High
Cotton,Loamy,40.88025488837177,34.443207301013025,87.68844066918037,146.21327465969156,Vegetative,Medium
Groundnut,Loamy,28.29960962318096,46.706725531606025,55.913395516766315,3.8014800051342723,Vegetative,Medium
Sugarcane,Silty,32.57589151583765,32.7379574975936,20.224467423617032,92.89853392566312,Maturity,High
Groundnut,Silty,44.28234997417557,27.972936598471357,38.22448074127246,180.26353303271685,Flowering,High
Rice,Sandy,30.969130915444985,88.00567794294155,53.76313148965248,44.86278186115702,Maturity,Low
Cotton,Silty,42.159654851282696,94.82377537816052,52.63085093126957,6.304437061422585,Fruiting,High
Potato,Silty,17.491162734305593,32.308582969684274,12.840269497490588,86.68174674269528,Vegetative,High
Tomato,Silty,20.731556061260484,24.08919191587098,86.06728273832891,140.88636412951908,Flowering,Medium
Wheat,Loamy,28.222648303239534,44.729833035965925,32.030054517995566,90.8927013682939,Seedling,Medium
Sugarcane,Clay,32.542704250119144,54.624438557106146,11.294773514551295,91.99566270225317,Vegetative,High
Maize,Sandy,39.48683555588401,35.361593530689085,16.115520716022598,133.9610082476639,Maturity,High
Tomato,Clay,44.6478634542956,42.60686838489188,56.41559225983816,50.8777616566098,Flowering,Medium
Sugarcane,Clay,26.665544894223494,35.065305176874325,21.02284165400775,150.3779583283955,Vegetative,High
Groundnut,Silty,16.422469084202547,78.06954263243384,13.337983428280262,30.622706181146686,Seedling,Medium
Groundnut,Sandy,39.03514509885974,73.44334574354455,40.370117313016905,79.15012105719754,Seedling,Medium
Tomato,Clay,33.13142157248424,67.62136368207362,59.82089538721509,131.2016216941836,Maturity,Low
Groundnut,Clay,20.95628576604605,49.041339280940356,18.94718438732899,165.67380144603953,Fruiting,High
Cotton,Sandy,29.844853698642606,88.1780705985677,35.06622657210524,158.30621423301105,Maturity,Low
Rice,Silty,37.26930736601173,92.7149406151265,43.420853729963376,144.33711986153958,Flowering,High
Wheat,Clay,38.11235361205931,33.0229484469059,22.756807822941376,71.8192767072782,Maturity,High
Rice,Loamy,29.98855235996286,36.72594810589085,50.48591187733681,24.46086325874477,Flowering,Medium
Sugarcane,Clay,24.156435903865773,59.42232710002772,16.81712695214167,43.36684353859812,Fruiting,High
Wheat,Loamy,44.212277461154805,26.843792696168396,13.721479707605493,172.966762915297,Maturity,High
Potato,Silty,34.90087832869479,52.73362991173346,51.58682937241078,171.4662740265319,Seedling,Low
Wheat,Clay,27.24712558038896,63.63434485832826,29.831757820070052,190.31217050780316,Flowering,Medium
Rice,Sandy,23.413896726139573,59.15551783529998,17.6299046318422,15.197730379108322,Flowering,High
Tomato,Sandy,36.933089490106866,44.81814373085196,43.913006999010584,107.36181705549122,Seedling,High
Wheat,Clay,22.265503367813032,60.68343545579051,83.21125916139158,129.7366089808467,Maturity,Low
Potato,Silty,20.151299669210644,91.91007156941359,67.9353957323324,142.13147541337133,Fruiting,Low
Potato,Silty,30.89501666886211,35.451305321853205,75.2492732277622,128.77264700208605,Vegetative,Medium
Potato,Sandy,23.699621779324254,69.11235187955027,79.75311910069092,154.0022779804564,Maturity,Low
Rice,Clay,33.86715434770845,23.25475206170389,87.81021931171351,71.89431525786831,Maturity,Medium
Wheat,Silty,18.538160246227005,24.981230336107622,71.05972588113384,35.88655442709643,Flowering,Medium
Maize,Sandy,34.648233137019645,61.387116816768874,58.67263375515837,40.91667443008771,Flowering,Medium
Tomato,Loamy,23.498895839931066,27.87043852459621,39.23407042417978,2.3957378940328677,Fruiting,High
Cotton,Clay,15.007288033035382,21.6760091320143,24.531458924617286,70.06437442124447,Fruiting,High
Wheat,Loamy,18.80808173022529,32.86347482360166,64.93278991866354,18.348810175995457,Fruiting,High
Potato,Loamy,43.00846133505282,62.36368782496808,89.59599888975535,64.29773855803818,Seedling,Low
Maize,Silty,41.02063917346074,72.75057158891994,47.38869476951352,125.64201543324955,Vegetative,Low
Cotton,Silty,22.008270961087106,35.1858923106035,67.89434944742462,178.89561111736398,Vegetative,Low
Cotton,Silty,38.35115713636473,70.11945779061308,49.60739599945249,167.9210901981033,Fruiting,Medium
Sugarcane,Clay,33.257147795219225,33.685724832442205,44.55467386907813,50.534842391515376,Flowering,High
Wheat,Loamy,44.127141343496085,66.00930699734428,42.82444908479321,26.816628439609392,Vegetative,High
Rice,Clay,26.208169786021774,50.89697599218491,50.36997463453581,38.61445475934626,Maturity,Low
Wheat,Silty,35.443818375515136,69.03496320002125,39.35165294923,194.19733038072138,Seedling,Medium
Maize,Loamy,16.90607167271756,94.62895643594355,69.90186574574463,109.89489593709816,Flowering,Low
Cotton,Clay,26.88742040449218,90.33627239244215,79.94176212732133,36.50044460011497,Seedling,Low
Wheat,Clay,43.91452983564541,20.32113183770777,80.63082453161473,168.14923093736303,Maturity,Medium
Rice,Sandy,31.169426233503618,86.40790732717294,28.215897074066074,79.03824886251098,Vegetative,Medium
Sugarcane,Clay,23.636385100045338,24.986809638107488,81.67273109851926,179.84443039494548,Seedling,Low
Wheat,Silty,18.608128893858208,91.47849396198838,37.3240985484084,52.1354253668973,Seedling,Low
Tomato,Clay,36.10585020544591,41.13692593247635,34.74461323882381,78.64435176084723,Seedling,High
Sugarcane,Loamy,34.345681302891805,48.65261228084532,68.14048459185886,100.98955255801691,Maturity,Low
Rice,Clay,26.21816140811324,26.87286538817959,34.37570720690316,178.52306681780632,Flowering,High
Maize,Sandy,43.52824055597503,28.42045687466822,14.237312448776809,173.75148632101116,Flowering,High
Cotton,Loamy,15.66608438963551,74.50554239219898,39.88942178482464,114.87101406077558,Maturity,Low
Wheat,Loamy,24.111715548954773,90.82491768112187,67.71724802866791,44.35510195617813,Seedling,Low
Rice,Sandy,42.63208458898744,65.80613712157322,36.15667362161412,80.67139434757502,Seedling,Medium
Sugarcane,Silty,24.628063149583213,73.68875116451082,60.36472447961172,195.12661307310108,Fruiting,Low
Tomato,Loamy,22.567585015655112,77.14773084478651,62.80955554105043,121.55464477548041,Vegetative,Low
Rice,Silty,31.02661229793742,39.71107059147063,68.69888093810849,156.21955102483932,Vegetative,Medium
Groundnut,Loamy,39.71405249761614,23.39222231901612,81.77043730487492,89.97293907228394,Flowering,High
Potato,Loamy,18.09440282635083,20.140455793937644,44.60515994147451,106.40145509336128,Maturity,Medium
Tomato,Silty,43.29062128937208,46.298696221551396,23.314566132996568,85.79082244650881,Seedling,High
Sugarcane,Loamy,38.852186435434916,38.10981711494121,35.51405723455115,140.5841996123936,Vegetative,High
Maize,Silty,20.43750766654656,24.67382937868892,44.57338041391887,170.2942027773755,Maturity,Medium
Cotton,Sandy,36.360238835944884,33.46462193702501,67.11131754624904,101.47270864491271,Maturity,Medium
Sugarcane,Silty,26.548761679126713,29.337417370096084,11.04977004493068,96.17349172724514,Seedling,High
Potato,Sandy,27.068840342289562,88.61587854630278,35.262830675190315,68.05729341967938,Maturity,Low
Maize,Loamy,38.49870277316599,30.52004100943767,72.38740648154534,35.419338858816765,Vegetative,High
Wheat,Silty,43.883544239421965,60.32363479907594,63.66861626645563,187.84954457502175,Fruiting,Medium
Rice,Loamy,18.79967618541582,64.48294663341234,68.53919788684841,63.21594373590101,Vegetative,Low
Groundnut,Silty,27.61890710636458,60.76170932814753,74.94486155513557,160.1382927148571,Fruiting,Low
Tomato,Sandy,29.428248242529108,27.429232566199097,72.65885751023698,143.06940425749482,Maturity,Low
Tomato,Sandy,26.28935450864993,43.90987713129134,64.57465329222225,158.18352005562582,Vegetative,Low
Rice,Silty,25.89567371148675,23.845274934736494,45.17292258964724,187.35362667442047,Seedling,Low
Groundnut,Sandy,16.568060026847895,49.6752435572237,88.68786631025232,124.67415204417944,Maturity,Low
Rice,Loamy,35.566158616878695,34.1449198453694,55.5258556472059,179.59006867640892,Seedling,Medium
Wheat,Loamy,28.08643251360136,62.12243999632848,26.22153674950713,33.539464582458734,Fruiting,High
Potato,Clay,20.843814079317802,71.96062953868254,33.42502840838275,125.34251519135753,Flowering,Medium
Maize,Sandy,39.48100506906205,59.908989515352985,65.4849964776376,154.45512258292254,Flowering,Medium
Sugarcane,Loamy,39.07682244454884,52.56775224585468,83.97916521595708,54.328226148834815,Fruiting,Medium
Tomato,Silty,29.591748842666814,49.05000656425193,24.297610336471802,148.150760258393,Flowering,High
Wheat,Sandy,23.953519834432818,83.12688260727528,16.58771965966291,155.69536582324736,Maturity,Medium
Maize,Loamy,34.142781773893574,36.452604879895254,80.52248384336049,166.23759120328896,Maturity,Medium
Wheat,Sandy,23.644564073322094,75.06637546466516,83.22223831302675,62.576582519186566,Vegetative,Low
Groundnut,Silty,22.08023790971136,76.81117435550892,32.110347625271956,136.32131803366184,Maturity,Low
Tomato,Loamy,36.9154396207898,51.44000054530508,40.18285794969919,60.85065668195242,Flowering,High
Sugarcane,Clay,16.209757191628523,42.29754494192295,62.81503979982867,147.80807749969108,Seedling,Low
Rice,Clay,17.843054131037817,55.29061145344814,36.394401667397986,92.59473302914245,Vegetative,Low
Rice,Sandy,15.203645220707694,26.99104444195239,80.17269666160423,119.508874905444,Seedling,Low
Maize,Silty,19.588295594262785,23.44475241718175,18.60629621710902,83.16799628611378,Flowering,High
Sugarcane,Loamy,17.069700261313784,28.370239958891887,13.038577676815617,32.39658538596486,Seedling,High
Potato,Silty,44.874071033397556,34.03587735966696,26.67889653942316,35.60590592107273,Flowering,High
Cotton,Loamy,23.66429909862269,57.81326152535323,32.88702225639752,15.513781452426901,Maturity,Medium
Groundnut,Sandy,19.478040380077417,83.68524771208416,19.034127303110004,123.61453594433236,Vegetative,Medium
Maize,Loamy,22.22988773987754,37.67317489997652,15.255234347251738,169.72767959061187,Fruiting,High
Cotton,Silty,43.08376714620404,90.13715080600835,70.44861708014386,4.167365252416189,Flowering,High
Wheat,Silty,30.60480669073187,91.61809317012526,23.14212527218059,13.2479004176707,Maturity,High
Groundnut,Sandy,25.944542889235706,91.9178453633904,83.11377592530432,91.49339846058207,Seedling,Low
Wheat,Silty,41.20174373727658,82.8172051007243,39.43997291584768,147.54414723363786,Maturity,Medium
Potato,Loamy,26.849708116470975,47.28687805982905,63.64846477770763,31.54152894239026,Seedling,Low
Sugarcane,Sandy,25.050257098730874,25.45129332519673,28.032169181504017,54.33026390983877,Seedling,High
Tomato,Loamy,21.218475676492066,62.66140488248712,29.22582147934935,46.40124025636143,Seedling,Medium
Groundnut,Silty,26.333904717282344,61.90110829529253,55.97673622940603,79.81024373423082,Seedling,Low
Cotton,Sandy,24.50053068050778,83.74818253321968,54.85143401167889,44.99973540351423,Vegetative,Low
Potato,Loamy,35.31911877894423,94.69932882095789,71.4983382409665,70.5197357089506,Seedling,Low
Tomato,Silty,23.68748114012181,58.11179799201107,70.62506445554128,145.70851973238882,Vegetative,Low
Rice,Silty,32.31599239267685,45.89030232798382,63.65502117309289,122.20184969083783,Fruiting,Medium
Cotton,Clay,16.976764950959183,33.94262836672003,45.93044527147928,16.23634107833858,Vegetative,Medium
Maize,Silty,20.73867470089543,20.359986861302804,81.25123090244938,127.54913324914354,Seedling,Low
Rice,Loamy,27.222158148340462,58.183526936665935,59.8062792177039,95.41543431184269,Fruiting,Low
Potato,Sandy,43.10847761726086,61.66390000269468,89.21587923698857,186.91311494142775,Maturity,Low
Rice,Clay,26.317559571470863,81.8703859863048,75.54958543474869,57.860863420810645,Vegetative,Low
Maize,Silty,34.922223635995024,57.843272591960044,13.544784899066098,145.233283939832,Maturity,Medium
Groundnut,Silty,22.652616672641944,88.73512614995424,35.64751256642542,146.172164608914,Fruiting,Medium
Rice,Silty,18.81100727919695,67.10626074285767,55.75005731767614,44.30015620183747,Vegetative,Low
Sugarcane,Loamy,16.756098002401504,83.02521786658124,67.71756302971897,180.64472499418721,Seedling,Low
Cotton,Clay,24.16240495628254,31.122630110581035,54.02691982095532,98.23664008592061,Vegetative,Low
Tomato,Loamy,19.72983080390724,84.1502097726736,72.89043379697455,135.77667337786048,Seedling,Low
Rice,Clay,20.220313440483725,70.63578908328863,32.61245222058757,29.171111776700908,Flowering,Medium
Cotton,Sandy,37.8227792516085,32.76747743287479,24.712964098626003,51.56078339839385,Vegetative,High
Wheat,Loamy,15.475142128346226,34.232266860950816,14.313334703181608,117.22142358744456,Vegetative,High
Cotton,Loamy,31.734303772063033,89.4875464283166,55.86509956572176,63.8054536746699,Maturity,Low
Tomato,Sandy,26.383841417803943,22.416152033777966,65.08796165403962,99.93858371419468,Maturity,Low
Cotton,Clay,30.196499997256417,54.69012074717796,36.09197736954893,74.80103987465785,Fruiting,High
Maize,Silty,31.884907116438086,43.51064674505761,59.08673478847013,128.1107593288096,Seedling,Low
Potato,Sandy,24.401030833718345,69.88080799988211,14.17257846826634,97.42907255616177,Maturity,Medium
Tomato,Silty,23.853265805528558,82.9722040676744,17.94346770374429,0.9219871946336333,Fruiting,High
Potato,Silty,37.002055480047176,47.02835911674272,66.14038178067986,129.9361675890768,Seedling,Medium
Groundnut,Sandy,41.13830964363471,52.01765654921279,39.445576417383904,84.42431141003635,Seedling,High
Potato,Clay,20.77744897375584,93.64383383760607,63.706722488240445,68.33966809804457,Seedling,Low
Wheat,Silty,17.92856281605447,78.79373822594022,76.53768962239344,18.82935045664471,Flowering,Medium
Maize,Sandy,41.93387419176078,87.29030981988436,78.20979499808935,44.0739381132983,Seedling,Medium
Groundnut,Loamy,25.49686390942196,52.90716654887223,23.773411637156077,44.754458316170684,Fruiting,High
Cotton,Loamy,31.539521719884426,37.55571529880864,48.90284578810772,187.07389988094582,Seedling,Medium
Tomato,Loamy,25.786294335600104,50.88975990398387,68.71413789059892,86.50259494930937,Seedling,Low
Wheat,Sandy,18.77407009038154,73.70689383736351,71.91844770135283,8.413169443034008,Fruiting,Medium
Maize,Loamy,32.67994934843184,28.207280362698448,72.77407845831021,27.763336448664177,Vegetative,Medium
Groundnut,Silty,30.75422555308889,40.28518292123816,28.253386750446758,15.806535146582412,Seedling,High
Groundnut,Loamy,21.089806775735916,23.49769253461928,25.402785417901868,117.77387804144226,Fruiting,High
Wheat,Loamy,28.556071339568334,52.42608037535987,57.200997461895675,37.32429831336535,Maturity,Low
Sugarcane,Silty,38.908425120469374,82.058430198471,69.28686381905757,99.71152805635519,Fruiting,Medium
Cotton,Loamy,32.71278309323674,21.84977662235081,35.531161242735465,74.0124125739951,Flowering,High
Wheat,Silty,17.907519812009845,70.64926451053745,18.376412548993724,160.77527542883988,Maturity,Medium
Groundnut,Loamy,31.440644916874053,89.93719058853047,67.3397106328062,64.09792745307246,Vegetative,Low
Rice,Silty,36.082148978687606,37.76958961333867,33.97582651040036,91.65309647936166,Vegetative,High
Maize,Loamy,38.78110217342254,72.02261305457361,23.309017944937747,144.25710971956516,Fruiting,High
Wheat,Silty,33.873527359028,93.13264258251503,21.817882271770532,86.67024138612787,Fruiting,High
Sugarcane,Sandy,19.579744936223513,92.17085451143474,35.19276380213731,158.64310720263782,Seedling,Low
Groundnut,Silty,36.30519799770482,37.619689477185744,57.41424527309964,132.33687124733297,Seedling,Medium
Cotton,Loamy,35.320255382445495,27.524828990905153,38.67217909550533,82.1058227893432,Flowering,High
Potato,Loamy,15.732806488218996,31.121190342193696,11.652948127474527,100.79638513727254,Seedling,High
Groundnut,Clay,27.352430027707296,72.65267513616067,17.752674774224886,193.4406911684387,Fruiting,Medium
Cotton,Silty,24.9885074088712,74.43191565899566,33.24025977588953,132.32229930167847,Fruiting,Medium
Wheat,Sandy,35.0823619276093,70.56774212211494,62.77635857176735,180.99904519446497,Seedling,Low
Cotton,Silty,21.484074369327622,45.205879080667856,17.881205877482707,35.75170069421287,Flowering,High
Tomato,Silty,32.726157689227755,32.73327048185916,54.85254828005455,96.64723124903038,Fruiting,Medium
Tomato,Sandy,42.39617885442517,63.557081896418985,19.59086966592034,181.7323339690101,Flowering,High
Tomato,Silty,38.934071166258235,56.27603343183999,26.92922618795052,64.52241228828353,Fruiting,High
Sugarcane,Sandy,42.643732086495916,74.66256103417277,23.77508220446102,193.53283962928415,Flowering,High
Sugarcane,Sandy,44.355179007980695,53.102005901421606,15.37829084566484,19.415498094731486,Flowering,High
Rice,Silty,15.320103810184882,45.397977101485125,63.706385390927224,180.53423405500737,Flowering,Low
Sugarcane,Silty,33.682238291324325,42.010893301926075,47.072283790882764,89.04242441317174,Seedling,Low
Potato,Loamy,27.385181932767193,35.86027400373099,76.48427527178706,14.748833028232134,Vegetative,Medium
Wheat,Loamy,40.79563471005365,39.93097821399961,17.911267198585357,175.9043185172175,Flowering,High
Groundnut,Clay,22.554441060273952,27.112282913307602,21.57863466704578,50.388042481822694,Flowering,High
Groundnut,Clay,44.43088467345228,46.014275819666715,34.516618508036046,4.450025099045041,Fruiting,High
Rice,Silty,33.41123908631242,22.742735927221865,71.26927895510465,27.161421113838458,Vegetative,Medium
Sugarcane,Sandy,38.80612206686493,33.98103853747451,34.4607058524559,131.82294837995232,Fruiting,High
Potato,Clay,17.567986584683048,76.00778334645719,42.67349659989541,195.56229782763896,Fruiting,Medium
Cotton,Silty,20.50373654276595,44.4101741507467,34.12828530377317,22.29242791670336,Flowering,High
Rice,Clay,37.75211019102609,70.11777627330079,16.417943344082396,92.3896096249524,Maturity,High
Potato,Sandy,15.659595661179708,73.76631316979581,85.154689831695,36.1273101895065,Vegetative,Low
Cotton,Silty,39.50633957681349,63.58890070490852,53.88311936569511,149.00730682031843,Fruiting,Medium
Potato,Sandy,15.418470560757344,91.90233060240489,73.02665505483974,23.61177995236283,Maturity,Low
Cotton,Silty,34.7135651718382,21.607989996733494,62.66856737482368,47.96834969617792,Maturity,Medium
Maize,Clay,25.952817606954177,75.39894879411065,51.140342324958006,39.281193529814274,Fruiting,Low
Potato,Loamy,33.344845581575974,91.90899829553061,17.17426053275041,110.50395607339559,Flowering,High
Groundnut,Clay,35.88094220967341,84.67037970147045,61.418683621624346,174.63681840012646,Seedling,Low
Tomato,Clay,25.274256575589128,32.591951885376,22.42962847494657,102.21804023128371,Fruiting,High
Sugarcane,Loamy,18.238873443325065,44.5115229688799,43.15065354850213,11.64869055429425,Flowering,High
Cotton,Loamy,17.08937603244797,32.9338879907349,60.32905147843443,112.67778611936625,Vegetative,Low
Maize,Silty,32.668080676876436,65.09812728610281,72.57832003776987,159.50419986360188,Flowering,Low
Potato,Silty,30.619660612023345,73.41409864846193,64.80361405668957,26.431239460864543,Maturity,Low
Groundnut,Sandy,37.26603027363397,43.780532702229365,63.722682324370304,14.542242868918343,Vegetative,High
Tomato,Sandy,30.292065300118114,60.46299304882216,21.9233767340166,37.56155551151381,Vegetative,High
Cotton,Clay,27.673373700926373,71.81904275533962,37.69028320572703,149.2172645643255,Seedling,Low
Potato,Loamy,26.942615347086928,51.60048624582863,13.432981812815532,118.33608390640032,Seedling,Medium
Potato,Sandy,15.793407077930024,84.05116478415945,67.55815145411717,108.11893079234977,Fruiting,Low
Cotton,Clay,25.066716050899714,77.8662451465863,86.20687850539353,49.89597892635367,Flowering,Low
Rice,Loamy,44.280604725734825,24.8499157887928,31.128831214326063,66.44731904937188,Fruiting,High
Rice,Silty,41.20666728681266,66.58439743181218,17.015736732984745,193.17700258866844,Seedling,High
Groundnut,Clay,24.881342011026533,37.64941632198122,48.045606140292286,48.12504534587714,Maturity,Medium
Tomato,Silty,32.63386215199117,61.81386985004565,78.5358578502055,180.3290846510177,Seedling,Low
Cotton,Sandy,40.41890236606481,91.76663319747247,54.157935621742375,116.10630089154732,Flowering,Medium
Groundnut,Sandy,28.238230102502058,85.92965034141876,13.742172015209064,24.65929327424956,Maturity,Medium
Groundnut,Loamy,15.538735912504528,50.33873023363488,87.94177924223568,93.4624756310136,Fruiting,Low
Wheat,Clay,17.2353138545592,41.863539375826505,76.29199279700805,189.70974347217518,Fruiting,Low
Potato,Silty,30.3117816404612,37.58043083061943,20.527526164120815,83.71311962747173,Seedling,High
Sugarcane,Loamy,44.08318127027635,59.93861523173901,83.7438205202807,172.67731295787246,Seedling,Low
Potato,Sandy,35.79628626656603,28.568633994354222,46.05506308841509,51.28573893034154,Fruiting,High
Rice,Sandy,17.127485743157088,61.195625609618645,39.7518392459953,114.1844303600746,Fruiting,Medium
Tomato,Clay,20.680826273755883,20.1000229618094,46.88426644217506,168.77041164039474,Vegetative,Low
Potato,Silty,38.139694296505496,44.288722305938364,76.76575654967577,184.1376882339391,Flowering,Medium
Cotton,Clay,40.243192798687346,36.49507353729359,62.758374262942866,97.16467343026014,Vegetative,Medium
Groundnut,Silty,33.53083758565772,92.84140924705865,14.739876191978203,127.93762042908581,Vegetative,Medium
Cotton,Silty,34.332695088894496,74.54317396774843,86.60834968929368,0.5960261564661895,Fruiting,Medium
Wheat,Clay,15.85012351150154,46.22400353466783,21.822730678265422,50.64466150267792,Flowering,High
Tomato,Loamy,39.855907787445254,26.96338148979654,69.64543613882809,55.742420749389154,Fruiting,High
Groundnut,Clay,38.648256245124884,58.7600446017968,60.890922434250484,18.69860233088616,Vegetative,Medium
Cotton,Clay,22.771054323100415,36.00859109945317,25.00224383572487,55.93900267139533,Vegetative,High
Rice,Sandy,36.26030159896521,60.23221594237683,23.658566089043973,64.22440661162783,Fruiting,High
Sugarcane,Sandy,21.445638192749943,82.65217656341693,79.62620749637536,193.75320791363865,Seedling,Low
Wheat,Clay,16.20990483154539,66.18444140760391,43.57559387996777,133.72047611216752,Seedling,Low
Tomato,Clay,21.03409627771132,67.53413146587516,62.36612113393108,85.20101588326885,Fruiting,Low
Wheat,Sandy,20.358866302628986,60.57727167971086,50.32568030853386,197.61089213910185,Maturity,Low
Rice,Silty,25.13243990204542,89.54492244735569,68.18828136607677,30.64646404692224,Maturity,Low
Tomato,Clay,27.553484915263745,89.89270133154525,48.33939000314644,95.21023878609691,Seedling,Low
Wheat,Loamy,30.256166744931235,58.45424008051641,32.99039322044547,129.41244140980987,Flowering,Medium
Maize,Loamy,29.302616265249846,42.93196153576283,39.070669679719714,11.116126896815404,Vegetative,High
Rice,Loamy,23.12023817895868,54.46902544095829,78.72621555602741,143.39977161662375,Flowering,Low
Rice,Clay,15.875120057222233,33.99184341467118,47.44277543381816,19.97347058439798,Seedling,Medium
Rice,Silty,33.15304866711452,67.7258236488567,27.075946579568743,28.05646171993539,Fruiting,High
Maize,Silty,26.872344895420632,57.50692518366749,84.76843104618025,31.937902492416814,Maturity,Low
Maize,Sandy,23.96016472162649,27.74753583599599,73.72803651987016,185.77796533110356,Seedling,Low
Cotton,Clay,41.00823128491537,34.82358358397115,14.45329168449593,136.64710902763355,Flowering,High
Groundnut,Silty,37.402299233944795,55.97239671496451,89.91543695844142,131.08550022062082,Flowering,Medium
Sugarcane,Clay,40.73296645117327,86.56917430391438,65.59413571520818,111.09869929299843,Seedling,Low
Wheat,Sandy,29.84948384137383,62.479304047332306,22.821327923246955,58.561199739020566,Vegetative,Medium
Cotton,Sandy,18.927937563803326,71.1151250156353,28.973414503887717,124.1779409198703,Flowering,Medium
Wheat,Sandy,35.88664308363818,45.427141230793225,65.39563849932375,82.02994397772795,Vegetative,Medium
Sugarcane,Loamy,21.18221339811526,62.85585447831757,72.38088442232976,29.083230018522976,Vegetative,Low
Groundnut,Clay,28.236890072751503,53.55348669785506,29.12287545198449,137.91945806554662,Fruiting,High
Maize,Sandy,16.950023668466656,69.43474344673706,30.557508311941668,25.916433585984542,Seedling,Medium
Groundnut,Clay,39.75925207268948,23.793167455925776,34.569655589764864,38.133716204234645,Seedling,High
Maize,Loamy,18.778219231425016,56.997516217921934,57.84146918693094,163.5398623695212,Vegetative,Low
Sugarcane,Loamy,42.09292521147929,42.19944688579752,23.745294264102156,132.0234192250308,Fruiting,High
Groundnut,Sandy,40.926918067846714,44.463879595843196,18.3394559107822,126.19823084272848,Flowering,High
Cotton,Sandy,28.93748293317738,92.0688073668546,64.30912712684108,83.64055686854482,Flowering,Low
Tomato,Silty,37.33104612911972,33.70211095335371,72.3278351834536,79.25610364787423,Seedling,Medium
Cotton,Clay,33.5833522145446,43.34339394339477,50.074352353320435,138.05252183708023,Vegetative,Low
Wheat,Sandy,39.09226927013235,58.24194317981538,39.10661682147083,148.00110772180915,Fruiting,High
Cotton,Silty,27.954153023577362,84.72702111122177,44.56341708211811,102.04264047286212,Fruiting,Medium
Sugarcane,Clay,38.574254527330496,51.25025624047778,41.07262670975615,193.85384886970525,Flowering,High
Rice,Sandy,28.87370451195444,75.78989606661283,86.79879265901403,191.13991178377438,Flowering,Low
Wheat,Silty,43.228973635283815,84.22805736611018,71.44719241753123,82.48589800255172,Maturity,Low
Groundnut,Silty,29.59116302475443,43.251226686638674,26.646977188008822,164.12445085663072,Maturity,Medium
Wheat,Clay,28.878578158011884,49.45626376540325,40.73513216431841,108.65356831968307,Vegetative,Medium
Tomato,Silty,38.55215584690538,46.74171677662672,53.52098330904879,102.3511775114349,Maturity,Medium
Maize,Clay,39.64733075282514,82.46418564634408,59.03886896509508,10.992812275730369,Fruiting,High
Groundnut,Clay,31.63467342963512,23.326014646520086,47.454711682301365,114.79494209366203,Maturity,Medium
Potato,Clay,20.39393440485226,43.13158166215101,74.81013080095673,180.1155861126329,Seedling,Low
Wheat,Loamy,29.032746928727384,70.95564181963474,71.40848155665853,156.0267698390184,Seedling,Low
Groundnut,Silty,44.04217508729035,62.408262467400704,50.41263349025334,157.26342893985242,Flowering,Medium
Groundnut,Clay,37.58958579117555,52.72170194702707,78.35435094253843,31.985807715267846,Flowering,High
Groundnut,Sandy,39.334878116373964,60.496117041603824,70.08716243539087,71.68988942671272,Vegetative,Low
Maize,Loamy,15.984764964577204,34.81884393712387,72.28654789765146,46.640983330047156,Seedling,Medium
Potato,Loamy,29.035783879024798,52.303746620600776,86.51206235467333,63.18305649112719,Vegetative,Low
Sugarcane,Silty,34.39863400972666,57.62772381322618,31.317355296736213,115.90786869874508,Vegetative,Medium
Cotton,Clay,39.90098050884224,87.58918414659513,31.411852989347935,72.95676267404959,Maturity,Medium
Groundnut,Silty,16.478209607483144,39.56263721029822,81.11618045525121,112.13956349285321,Flowering,Medium
Rice,Loamy,40.57316656925619,85.08713766236994,71.77810987085437,87.70024965491541,Vegetative,Low
Sugarcane,Clay,31.45202810225735,68.31810506194864,84.1236433148502,57.32311168994553,Vegetative,Low
Tomato,Sandy,20.919419117281798,21.525562330070073,15.050412825956245,19.080686841031724,Flowering,High
Maize,Clay,24.517656493491,74.34735026745452,60.220566180927726,178.36769146895654,Flowering,Low
Wheat,Loamy,23.457886552546825,22.66639081617913,21.570267049875795,2.2746732009297332,Seedling,High
Maize,Sandy,30.925771028654275,94.80358451103598,50.31177586340661,0.3304976283942329,Flowering,Medium
Wheat,Clay,16.550570397333956,85.44775157683983,22.45975454827554,165.3595479527092,Maturity,Medium
Maize,Sandy,19.756084754997705,42.30078106550343,20.24628071879034,199.362188065158,Seedling,Medium
Wheat,Sandy,39.380791301273476,39.30584226475291,10.973467630562652,145.42056554273125,Vegetative,High
Groundnut,Loamy,18.978119722404333,48.608081157920665,60.41910499063235,3.0547676125769474,Maturity,Medium
Cotton,Sandy,22.001888083743808,46.71252239858323,38.721809335206885,45.33804533370267,Maturity,Medium
Wheat,Silty,28.60111816812472,47.92533637890358,18.415062790317734,194.36454005239224,Seedling,Medium
Potato,Loamy,30.513626643399913,43.870740958961036,35.82702221850479,161.72085043476696,Vegetative,Medium
Wheat,Silty,37.908314388424756,66.58500551362485,23.515527316126796,113.35996876094221,Seedling,High
Rice,Sandy,28.419972799985633,32.319774779046796,85.33558652013275,47.372141888071795,Fruiting,Medium
Wheat,Silty,38.69593863106616,83.44859693345099,35.60039086090785,2.874041185349796,Fruiting,High
Rice,Clay,33.55038921136372,80.93018630234866,36.71628186315119,4.172294527481801,Seedling,High
Tomato,Sandy,18.392992182714675,55.73624058914528,77.18864027196685,122.39617270604532,Vegetative,Low
Groundnut,Clay,19.689943151785158,83.95474739589108,61.820460902880335,4.366375270484624,Vegetative,Low
Rice,Silty,28.111011763493124,38.535880252271994,66.81372859224011,198.72602838507453,Flowering,Medium
Cotton,Clay,26.906681792671186,21.317409177797522,60.880144319116845,36.67676669874762,Maturity,Medium
Sugarcane,Sandy,37.306328089118836,66.44059437723672,85.69570271588523,142.14147237385546,Seedling,Low
Groundnut,Clay,32.42211419392056,54.34320552235366,26.560066524643613,31.011944282482684,Maturity,High
Rice,Silty,26.643992430067478,62.5373409721903,89.12313934046365,108.0186842195429,Maturity,Low
Groundnut,Silty,20.12280850351157,87.45045567638023,76.47649420452106,16.12225769324351,Fruiting,Medium
Potato,Silty,21.805113069764854,92.74441801744575,57.11780711010738,153.35568490664863,Fruiting,Low
Groundnut,Sandy,32.26503055407177,67.58398548167023,62.989729951699914,116.98421894496593,Seedling,Low
Groundnut,Silty,27.703164146993775,77.30416923893287,61.90607012004912,17.233338680283005,Seedling,Low
Tomato,Sandy,30.447825265820164,26.285632511537322,14.671697924732312,169.7172378400011,Vegetative,High
Cotton,Clay,20.12032305906701,32.05366886686292,27.44131988255509,109.4037229553404,Seedling,High
Maize,Silty,34.88718757033698,74.99036037147324,86.91767076197993,184.3184620026636,Vegetative,Low
Maize,Clay,40.57616222567901,52.35240922910015,52.74915430875034,183.32467473562252,Vegetative,Medium
Rice,Loamy,22.738185203607017,53.447395280330426,40.268288260952964,184.10155789731647,Seedling,Medium
Groundnut,Clay,29.745426774954797,43.145576122657744,70.96307707112601,15.557040040093595,Vegetative,Medium
Rice,Loamy,44.265819870627055,65.55172876083078,51.96151541246476,24.191552350904686,Maturity,Medium
Tomato,Clay,24.99725221652183,33.88737840621519,11.053021714551807,197.5411619432396,Vegetative,High
Tomato,Sandy,32.85139034771284,67.01872094854217,68.89900773720943,97.5201642797412,Maturity,Low
Wheat,Clay,17.70587100600733,33.034914285142975,68.5774048042289,47.64281056582953,Maturity,Medium
Potato,Sandy,33.180450074383295,24.78695260322852,23.21189696879795,153.9328976997316,Maturity,High
Tomato,Sandy,17.68895319913854,44.77682665242958,86.53280707393706,52.8570442424964,Flowering,Low
Wheat,Silty,43.77706305971466,37.335525650738575,27.912650523289145,145.44313760372847,Flowering,High
Cotton,Sandy,36.46987956216934,86.67437289172493,46.61994939057594,167.45715556995222,Vegetative,Low
Rice,Loamy,38.64479364407119,24.121509040146996,19.178876900873174,156.85267545905612,Seedling,High
Sugarcane,Silty,36.123130823149104,33.24602694305921,58.26258555604707,54.80956163958708,Vegetative,Medium
Cotton,Silty,32.69187108229397,61.15397041872871,40.036089604577,80.32371481584741,Flowering,Medium
Tomato,Clay,28.49738343256516,56.08003931356052,38.25387697677644,82.65020064665526,Fruiting,Medium
Cotton,Sandy,40.751201392831874,23.438901378102614,76.15815017767578,98.25458362089437,Fruiting,High
Cotton,Sandy,43.70507002629189,20.543932101135837,10.76493702803826,33.47457030802721,Vegetative,High
Potato,Loamy,29.97108518712244,94.10509564708624,73.8357416713938,90.49401008286848,Flowering,Low
Potato,Clay,42.946051474657864,69.41260252691286,55.715885259846296,102.15659810309594,Maturity,Low
Potato,Clay,32.49998729965553,47.40545981761676,88.88788107841593,106.34179931621048,Flowering,Medium
Cotton,Silty,31.151525606892996,55.2824185747431,57.15545764833992,163.98008599689163,Vegetative,Low
Tomato,Silty,28.634481988660703,39.99125903407152,14.430330731836634,103.46689969589904,Flowering,High
Sugarcane,Silty,21.278632845903594,45.86553377699073,14.051626115498106,46.156784502735036,Fruiting,High
Groundnut,Loamy,15.111589824541776,68.67833504511606,80.65223890974656,132.62574764883743,Maturity,Low
Cotton,Loamy,22.24518680568184,86.2108849150528,77.29713164088425,159.46282881732503,Vegetative,Low
Wheat,Silty,30.291695148106953,33.809751731088866,37.671206046561856,63.87433328765235,Vegetative,High
Tomato,Clay,26.398798567792575,83.02711290389891,59.44259873449098,129.06118580352103,Seedling,Low
Cotton,Loamy,28.454556840079015,29.11674721387018,49.16730856444802,29.38759918920253,Maturity,Medium
Sugarcane,Clay,44.41944658692149,36.12441676912934,87.37312441088417,68.3852609156128,Vegetative,Medium
Groundnut,Clay,25.50817112007983,22.788146603723447,85.99687207015133,181.84478590992683,Flowering,Medium
Potato,Sandy,28.565488180803236,30.560889656974958,88.70712068326196,182.26163263251416,Flowering,Medium
Tomato,Silty,19.005466540584585,88.79773590980379,79.31590245074113,115.06491574861273,Flowering,Low
Maize,Sandy,16.43873197310963,54.45790599637839,82.7641272620081,140.47029217302133,Flowering,Low
Groundnut,Silty,38.262285437774835,25.824939633376516,27.382302301370913,170.80308304118827,Vegetative,High
Wheat,Silty,32.12049525215936,91.9795128529221,76.48054311918196,191.71063706252534,Fruiting,Low
Cotton,Clay,37.82114418131685,85.92442308189875,66.70856905634197,97.9772880579539,Maturity,Low
Sugarcane,Silty,19.495883966596548,76.60118906511059,87.02292070624561,112.31514732520687,Flowering,Low
Maize,Clay,32.154863135480724,90.01045939606684,55.70094627540955,83.12831332956605,Vegetative,Low
Sugarcane,Clay,22.609274230241265,36.50970656268231,16.813373336844506,14.39638741128575,Vegetative,High
Maize,Silty,21.841854507000598,82.72769697575647,57.79191129497224,84.56069448976369,Flowering,Low
Tomato,Clay,15.345780421589557,71.74933972657297,64.92647424170302,158.12546787661543,Seedling,Low
Maize,Clay,18.910221707072157,85.23194371757663,27.625682296994263,160.97709959830573,Vegetative,Medium
Wheat,Clay,24.278043344990863,79.76836743069723,41.52907068101827,178.47542291865994,Maturity,Low
Wheat,Loamy,18.50636281772817,45.98712973826187,57.8802731241344,10.293341035193816,Maturity,Medium
Rice,Clay,44.575753212328124,78.07989027629418,39.92845898532045,105.43091791612677,Seedling,Medium
Wheat,Loamy,24.25897945571852,39.684222723866775,39.99581737909311,21.484897587415254,Vegetative,High
Groundnut,Loamy,18.909718401069846,44.64441222710411,20.64693113382379,40.14843663314866,Seedling,High
Maize,Clay,20.972469384838732,28.09292879172321,85.25973784621328,180.0433004761213,Vegetative,Low
Wheat,Clay,32.63109685024429,90.13074619853516,70.03955075960772,99.35825168593917,Vegetative,Low
Tomato,Loamy,16.921305715943657,41.82525225502111,10.09947510928816,151.70898417932273,Seedling,Medium
Sugarcane,Loamy,40.87302390423471,59.04668488785889,71.24906272177321,12.876821185736166,Fruiting,High
Potato,Clay,43.84499037711442,49.34996273496445,69.1835994126287,83.3653007849704,Flowering,Medium
Sugarcane,Clay,22.402422620021426,91.99460904376261,10.77847681244184,134.84805613286755,Flowering,Medium
Rice,Silty,28.50285805772578,45.128687820386176,39.568343809101165,26.68129625564266,Flowering,High
Sugarcane,Loamy,15.664033530884913,78.39093660670167,58.53981522604245,65.16357582113663,Seedling,Low
Maize,Loamy,34.22130674181665,84.1562115973385,46.22005214864287,12.909561004776648,Vegetative,Medium
Rice,Silty,27.417781741577667,52.67048731107244,72.23888949764059,130.2679881739021,Vegetative,Low
Maize,Loamy,23.10175398304667,48.36288608396984,44.03666661075472,194.1782518116237,Maturity,Medium
Tomato,Sandy,21.205113318498256,76.0809365699471,22.30903755630696,165.40909822856594,Vegetative,Medium
Rice,Loamy,34.62069232976282,88.46719852296755,88.11324994190629,194.9246233615131,Fruiting,Low
Cotton,Silty,27.486510930969434,76.61987998041786,29.363199422083728,169.1209590196793,Flowering,Medium
Groundnut,Sandy,20.38977867089736,37.034477419389916,67.41538484330658,171.03916123939572,Fruiting,Medium
Groundnut,Clay,35.67327244460472,86.6230810578279,21.452504933125756,115.43543907426852,Flowering,High
Maize,Silty,31.95216849110081,49.06862505776248,36.32100910271461,103.65046228264198,Seedling,Medium
Sugarcane,Silty,40.760161647884885,63.21720588334507,45.3622086744339,81.25085328556551,Fruiting,Medium
Potato,Clay,18.524276966294785,82.35767144695333,25.37856036216511,163.618979009176,Vegetative,Medium
Potato,Silty,38.56999805833368,34.12960755503691,45.99676610948876,36.41352245560492,Flowering,High
Cotton,Loamy,35.20550360451777,78.83826017581649,22.573025839339998,11.24498316483864,Maturity,High
Rice,Clay,18.450328104842935,64.71220984330081,54.72052311887121,189.578764536935,Fruiting,Low
Cotton,Silty,35.84462189615162,87.00062313707062,63.09706020161552,0.7556370406954116,Seedling,Medium
Cotton,Clay,28.246418666394913,32.89778013826572,14.994742722240861,195.36586437517036,Maturity,High
Sugarcane,Clay,43.349543566675294,51.55116777806963,79.69056968657344,145.77067397475315,Seedling,Medium
Potato,Clay,19.248340518536978,82.46323196501281,24.81127080336284,65.69978393956552,Flowering,Medium
Rice,Sandy,34.28500172447214,21.442377759257013,28.028994025625906,139.56396861726205,Fruiting,High
Tomato,Silty,26.45940136388838,28.415102507423214,62.90798720664504,163.57503143702547,Seedling,Low
Sugarcane,Sandy,43.704440117726335,94.2923909567551,47.500084834753125,49.07241119728718,Maturity,Medium
Cotton,Silty,24.899246858708295,41.029563394276295,49.95164793368525,154.17913665591638,Maturity,Low
Cotton,Loamy,43.865577284754,93.1657395292965,20.252398765050614,160.87392500164805,Vegetative,High
Tomato,Loamy,42.044575533022474,33.68986632565054,74.45886575011266,49.87092602506908,Seedling,High
Cotton,Loamy,23.11149705931969,47.08208322555017,59.3643396883368,8.385270875596706,Fruiting,Medium
Cotton,Silty,39.10625330479283,76.46520833776779,20.83056346475648,40.824456911619535,Fruiting,High
Cotton,Clay,44.868126054105176,69.33338054286338,39.91994936204768,40.12928177787889,Vegetative,High
Groundnut,Clay,22.57989006513847,63.58417999467917,74.83279461880241,13.048090835096637,Maturity,Low
Sugarcane,Sandy,28.10331507969959,59.74243818537557,55.468403678929654,145.20147693103917,Seedling,Low
Wheat,Sandy,30.60542209700279,83.25803327485552,18.691902330634438,75.99498489168164,Maturity,Medium
Sugarcane,Loamy,23.84793407411593,37.62114221250445,39.82216366314294,176.87723349077166,Seedling,Medium
Tomato,Sandy,15.457945189380894,53.18531952451388,29.415551876458768,50.43422113303719,Seedling,Medium
Cotton,Silty,21.6038773259258,31.658921911734296,51.39724429229811,90.64643301998547,Seedling,Low
Sugarcane,Silty,23.458106530252753,64.69561967980283,77.46889030975916,127.80348578535256,Maturity,Low
Groundnut,Sandy,28.307991039545612,38.79083182034901,44.90137078435359,175.4929899343556,Maturity,Medium
Potato,Sandy,20.133074352402055,45.038154825753935,44.66736242946585,104.92422032387496,Maturity,Medium
Tomato,Sandy,41.19763070075018,55.34380374676461,82.42807218616295,74.70492556247656,Flowering,Medium
Maize,Sandy,36.14733398194008,22.00779392773459,56.094833000581794,173.40301569440177,Maturity,Medium
Sugarcane,Loamy,17.55601432678986,26.895345194062823,55.29528699179255,62.04928493752211,Vegetative,Low
Maize,Loamy,34.50277353419794,71.44469155311647,30.95279135003115,15.88473992651529,Flowering,High
Cotton,Sandy,34.60969429216861,52.172748553813044,58.617819826970106,89.008421502048,Seedling,Low
Groundnut,Silty,43.68663520930883,84.85926664999215,56.07283739339171,157.0186612995984,Fruiting,Medium
Groundnut,Loamy,15.090626140684837,72.10040027331496,41.74811762734912,6.156166350704617,Flowering,High
Sugarcane,Silty,22.437973494174216,20.607570623549183,89.25564527193444,117.17644899791841,Flowering,Medium
Tomato,Clay,42.833744381259464,66.25342480753511,80.55127719584694,118.89280970544722,Seedling,Low
Tomato,Silty,42.96401746194849,27.02936495447873,69.96690320614525,185.7083526854763,Maturity,Medium
Groundnut,Sandy,36.617592581119126,78.56998848428707,52.98764707304004,57.29296342900436,Maturity,Low
Tomato,Clay,37.9728996314262,94.36307662088765,46.96478415157042,55.76732264213924,Flowering,Medium
Groundnut,Loamy,17.744488737889412,59.83990956811336,24.79179161785595,88.09673026793563,Maturity,Medium
Sugarcane,Loamy,30.416275043347007,71.20846251455978,34.458997921169896,71.38298029430304,Flowering,Medium
Wheat,Clay,21.947489738669983,37.79856206710637,71.91686398585682,147.26917253786536,Fruiting,Medium
Groundnut,Silty,20.43654130840852,52.81983078153452,46.29991631500411,128.35041542630992,Fruiting,Low
Maize,Loamy,39.309098973699975,84.20714991772877,80.5815613255601,151.78420758125327,Seedling,Low
Tomato,Sandy,19.051144100416423,32.55672108096884,21.8328909076423,164.00835823973782,Vegetative,High
Groundnut,Clay,29.059549109891556,39.91517042103216,50.66776768109092,184.59622654682954,Vegetative,Low
Groundnut,Sandy,43.157347187580996,53.407525646452264,61.7572547217047,86.18734635692952,Maturity,Medium
Sugarcane,Clay,20.574961666960277,73.41866688830105,51.34787650463408,196.9394778943099,Vegetative,Low
Tomato,Loamy,44.33980271214703,48.19129660967553,81.13815132679898,43.132162680730545,Fruiting,High
Wheat,Silty,44.828639572831776,89.57992098372529,89.16506254633119,142.87303238946572,Seedling,Low
Sugarcane,Clay,31.668514640472086,27.08427884515394,19.26677266730958,106.80186346143785,Fruiting,High
Wheat,Clay,20.10428220531474,47.81031481586356,20.39639232615368,163.3801189369767,Flowering,High
Potato,Sandy,24.48314663822687,73.17155925713163,20.425929084809688,95.3541041212852,Maturity,Medium
Sugarcane,Loamy,27.734784980296055,36.949007424611935,64.4941676856422,156.78772707248626,Maturity,Low
Tomato,Sandy,24.279726730746688,69.23098506722548,39.81408763966704,186.0337429295356,Vegetative,Low
Rice,Loamy,23.419067396295475,32.31627186705094,68.66517290127248,146.45885322801746,Flowering,Medium
Tomato,Sandy,44.16689127649073,24.19852136462648,42.4377178309583,155.21885724366487,Vegetative,High
Tomato,Clay,19.60094482247237,29.076178756148664,60.20853770656509,13.435086253171225,Vegetative,Medium
Wheat,Sandy,36.99983726150587,89.7488587350601,71.58864045431147,40.99153244645613,Vegetative,Medium
Wheat,Silty,15.012308683175245,61.38131622046635,53.85727285239365,194.86074810071875,Flowering,Low
Tomato,Loamy,32.885480082071304,79.72593316097368,53.160287236000485,138.63740075747887,Vegetative,Low
Tomato,Loamy,42.47829011862157,44.94908756787884,17.058746022850755,112.28980346220092,Maturity,High
Tomato,Clay,23.63802282279657,64.4493985914085,42.86253943275479,73.39527467929001,Vegetative,Low
Wheat,Loamy,20.565779257731577,57.12141002787437,53.66217225799501,8.877800241383582,Flowering,Medium
Tomato,Silty,34.550393846352804,90.93034695517206,46.9584660533128,73.827181592827,Flowering,Low
Tomato,Sandy,36.37804221895179,76.06809770405827,82.06256001507404,99.78257465791518,Fruiting,Medium
Potato,Clay,35.640915568559436,74.79069736224344,82.52245056955915,42.29190187737735,Vegetative,Medium
Cotton,Silty,24.579506400641222,23.476495207570963,75.75339044710094,34.627358254766506,Flowering,Medium
Rice,Loamy,22.566072064779927,61.22522517527683,40.0238460298496,101.68331027150337,Vegetative,Low
Maize,Loamy,43.67756399886133,55.024359042636114,67.38393213500274,117.18084712550878,Seedling,Low
Rice,Silty,42.698985248097884,89.58816999546458,41.623076885568786,47.98358377090497,Maturity,High
Cotton,Sandy,28.719498296784607,39.30064911421492,28.607487918060723,117.47789489124261,Maturity,High
Maize,Sandy,40.38581598463121,40.23750899683208,37.43221148407053,180.067992774859,Vegetative,High
Sugarcane,Clay,28.56970432902888,50.85096866611253,15.677170662842839,94.63465160427076,Maturity,Medium
Tomato,Loamy,27.731670542175312,38.2527285054782,36.542200720371774,171.47803391743628,Maturity,Medium
Cotton,Silty,19.70288842797884,29.688793835656213,46.859377380893726,185.4542889066637,Seedling,Low
Potato,Sandy,27.792181694759186,84.30611349881006,86.4384715824664,18.47880578741714,Maturity,Low
Sugarcane,Clay,31.12250815799421,61.87073933029369,35.072846897569995,19.162315931359398,Maturity,High
Tomato,Loamy,15.675129822860594,84.60220392174251,82.19628313644165,95.20883657752029,Flowering,Low
Wheat,Loamy,28.323390155262192,82.3351074052772,28.308662065879766,117.62048886354053,Maturity,Medium
Groundnut,Clay,38.44068655185601,41.15317660922533,25.277511820739953,85.17669289300585,Vegetative,High
Cotton,Clay,35.401381691228096,61.08030832432055,51.51963651457319,65.29015408350061,Maturity,Low
Wheat,Sandy,34.054709665918054,26.241327705505284,63.80090954379248,128.19882322523117,Vegetative,Medium
Cotton,Silty,42.28666285311607,88.64389130230688,13.546580064182514,0.4163024699840534,Maturity,High
Potato,Loamy,15.5409602947569,50.31970362988648,27.685269203777338,193.61465617274848,Vegetative,Medium
Cotton,Silty,31.711427585767026,49.5257137916766,46.454693320105314,46.41581763760443,Maturity,Medium
Wheat,Loamy,38.620465452291214,42.70665279634649,36.480346878654515,183.4197537166014,Vegetative,High
Potato,Loamy,31.24006148103802,54.549780853302785,67.00968634786575,21.8029489069012,Maturity,Medium
Maize,Silty,24.716866577411373,38.8819539909086,50.89284768330535,47.617436408914514,Seedling,Medium
Rice,Clay,19.087516952759337,48.11392045976034,22.828728448312017,46.97474021750008,Flowering,High
Tomato,Sandy,41.62689215448574,79.99602864386614,81.55723034520724,199.23058084012922,Flowering,Medium
Cotton,Loamy,29.12287177162809,82.56916276888789,33.432454038668766,0.9201091451768839,Flowering,High
Tomato,Clay,41.34345590957104,42.81368582213871,68.49048871715388,127.92764186069915,Flowering,Medium
Groundnut,Loamy,32.575563672995045,55.176082291459096,72.3932623284328,173.93731621217057,Seedling,Low
Wheat,Sandy,35.22576349845002,85.53648322100392,87.05261602048817,134.45473080494733,Seedling,Low
Tomato,Loamy,39.1278346313535,23.950499887227284,49.88059732192811,72.54676364338883,Maturity,Medium
Wheat,Sandy,34.77466633800403,86.6858721496839,59.26684123715457,191.66187254058698,Seedling,Low
Tomato,Sandy,26.94164522036813,36.43882592392488,36.790103478362695,178.7041509178082,Flowering,High
Rice,Loamy,30.40900151785953,70.89044331607819,64.25434347296532,86.79098404990356,Fruiting,Low
Rice,Loamy,39.091365740276395,63.69137722884502,47.07067886930558,114.6656985222327,Maturity,Low
Potato,Sandy,26.209508891189525,61.470556114193904,45.01218917795378,193.50383756104813,Vegetative,Low
Rice,Clay,26.643643703054913,84.4520168564616,78.43740232928843,196.51207238529403,Flowering,Low
Potato,Silty,17.870703481740033,27.617910773349596,14.013507479895093,89.96465514359045,Flowering,High
Rice,Sandy,42.43753305665243,46.0271018994227,80.55699422654948,169.4700056286177,Flowering,Medium
Rice,Loamy,17.731089448363253,60.36895597585742,78.16558702628456,60.396045390787265,Seedling,Low
Rice,Loamy,34.446275323456675,80.84666404595299,50.50930028494313,74.36257458613294,Vegetative,Low
Wheat,Clay,27.39583436408393,36.23323125587537,49.21622833645026,32.964376598045256,Maturity,Medium
Cotton,Silty,27.16858170766327,80.21973810307071,38.94458944283922,41.83691855534606,Flowering,Medium
Potato,Sandy,35.38655509718052,49.97288618704518,89.53390333453875,131.3746604518718,Vegetative,Medium
Tomato,Sandy,17.012811978896362,34.16853923252715,18.893546620307298,102.15632360141618,Fruiting,High
Rice,Silty,32.811173488543034,76.9239830332612,57.21721885028856,46.22637212512058,Seedling,Low
Wheat,Sandy,38.160953579170645,26.817417610591086,64.53452720899335,80.58192327233051,Flowering,High
Wheat,Silty,39.846382736597825,58.60755305565822,84.74640065735555,74.63669197273634,Vegetative,Low
Wheat,Loamy,20.11591168181326,24.79068378964163,72.41627974854092,197.47204090706686,Vegetative,Low
Potato,Silty,41.92257150234521,46.731339136834066,61.507776224923745,170.71316744227587,Flowering,Medium
Cotton,Sandy,34.684382755423265,65.08075992547944,19.344985344969814,77.59326667676486,Vegetative,Medium
Potato,Silty,41.45564402462048,61.70866561154098,39.89868134651739,182.78331577920662,Vegetative,Medium
Tomato,Clay,29.558421513305948,50.349156342849994,21.10733140383882,68.52707832563422,Maturity,Medium
Cotton,Loamy,31.26100035291606,52.178599547908675,80.4970185972411,133.5803025469719,Seedling,Low
Maize,Loamy,42.57114831086014,37.00771650130749,69.96969244509144,193.3299993364225,Maturity,Medium
Sugarcane,Silty,41.997286300640155,54.19119413180772,70.60294294377834,78.05577279771046,Seedling,Medium
Wheat,Sandy,28.44482620107006,91.49411417906256,62.180521421883526,135.97699302098675,Seedling,Low
Potato,Clay,23.23237894907045,83.78396883378429,50.563482954936774,59.18476221252664,Maturity,Low
Maize,Loamy,26.795113036927923,30.892465180725786,21.997684757079774,53.262463119594926,Flowering,High
Groundnut,Loamy,26.632929855892492,22.23355904906907,36.37559093640414,114.83133328631038,Vegetative,Medium
Potato,Sandy,23.60600624948382,90.0143234537473,20.953263398151243,195.85291960664364,Fruiting,Medium
Rice,Sandy,23.057388129988997,59.50623124105607,67.99305142818746,90.626769744034,Maturity,Low
Sugarcane,Clay,40.83188809439159,60.33783673619808,22.8183020817604,187.52739406331614,Maturity,High
Rice,Silty,17.09585762053985,78.55384967798918,66.16908401373485,182.87270404895233,Flowering,Low
Cotton,Sandy,35.32833546298782,43.601673040349496,65.38043116767238,50.75252246899895,Vegetative,Medium
Sugarcane,Silty,20.184601543693567,56.14306766270016,46.74435831930311,80.36388141686548,Maturity,Low
Potato,Clay,25.335176801821895,92.64971848600531,20.818292329444184,128.66049569883663,Fruiting,Medium
Tomato,Silty,16.846291024045104,70.41115151993054,35.184066090722936,103.60917688227833,Vegetative,Low
Maize,Loamy,23.09920910566386,31.530877399683945,35.60744872604411,19.191705972634864,Maturity,High
Tomato,Silty,38.052632133517264,29.992006098826497,66.03081065146347,198.73960602543167,Maturity,Medium
Potato,Clay,41.55045973641776,35.3198568749754,19.099441553097947,150.530800242256,Seedling,High
Cotton,Clay,21.645814557071013,77.50337558155381,76.32549169728726,87.53880764494235,Seedling,Low
Rice,Clay,28.906435177767655,42.1532752880462,70.88058321487311,123.63370993325826,Maturity,Low
Sugarcane,Silty,29.109721438116193,21.604163500630985,24.904553453941915,17.514563453246023,Flowering,High
Tomato,Loamy,41.20725917279202,90.81307726292464,67.53315054231115,99.060330737922,Seedling,Low
Potato,Sandy,37.88397158627416,32.728506229618304,63.48105451742575,186.16648316349756,Maturity,Medium
Tomato,Loamy,30.392316551041496,20.716863961105144,69.8496640088741,179.32019161099566,Vegetative,Medium
Potato,Silty,35.1224160141532,37.78487017874922,25.114284435895556,67.47616909662912,Fruiting,High
Rice,Silty,40.42065161728101,37.627159033860025,22.607225772517488,106.27357276426777,Seedling,High
Sugarcane,Sandy,15.286168620766349,51.65039381342923,28.91871887382034,139.47670481752937,Maturity,Medium
Maize,Silty,27.086700931501458,89.02923736250277,39.269736251918054,68.00185338158107,Seedling,Low
Rice,Clay,42.217295018312356,85.93886883343234,73.4931984828641,12.975843618787696,Vegetative,Medium
Tomato,Clay,37.209390925318544,54.26709162368209,69.033914998308,101.08833134356094,Flowering,Medium
Maize,Clay,31.28524123002224,50.817492874385486,84.03612738228264,120.32714716466728,Maturity,Low
Potato,Clay,30.889335811054003,61.625681485613846,14.690364727889236,1.1683200243020497,Vegetative,High
Maize,Clay,25.43310292813313,38.25905089788243,10.924502481134848,19.115074707706125,Fruiting,High
Potato,Silty,30.615616009245436,23.913874397477212,65.93110637606392,41.45812871883046,Maturity,Medium
Rice,Sandy,34.6614959839036,90.44181021284051,32.342999663533256,69.61045739818684,Fruiting,Medium
Tomato,Sandy,27.55089115286379,34.002423865787954,36.726311642705404,108.21024456611607,Flowering,High
Cotton,Clay,36.42459439176522,34.88005469342873,53.74416207316098,58.76858375193306,Maturity,Medium
Tomato,Silty,40.83696681781157,55.43452466404607,18.19304985014388,55.23676288130075,Maturity,High
Potato,Loamy,19.640545445545836,56.871000863024804,61.41555332384398,173.86986876261636,Vegetative,Low
Wheat,Loamy,28.546410684522733,21.382565727555647,36.011795698492016,29.010128160285255,Seedling,High
Sugarcane,Silty,27.240602738552433,31.0966054080478,60.617209944079335,99.09202663447205,Maturity,Low
Groundnut,Clay,35.623944121491846,48.36161139205563,76.72055304587087,190.5649433872272,Flowering,Medium
Cotton,Sandy,22.496023957737883,71.27980201329044,23.688906666994374,125.00264982320917,Maturity,Medium
Maize,Silty,34.207527448568285,37.13138426239519,84.46984743316162,143.4410959788877,Maturity,Medium
Cotton,Loamy,41.324677251944635,51.7260834681322,52.455051284995506,86.24739827812142,Maturity,Medium
Sugarcane,Loamy,27.54394799380868,61.80087985373501,83.83422121391747,3.9864334239439136,Maturity,Low
Maize,Loamy,42.3304709993766,86.6444370967469,26.61840657614225,129.22607367344108,Flowering,High
Sugarcane,Clay,44.79491216800435,44.45528767453425,58.365013168339004,126.3848562856248,Vegetative,Medium
Maize,Loamy,18.182761498438563,30.016869939761264,42.31096938588838,22.08552729266662,Seedling,High
Cotton,Silty,21.991595639545757,56.69541694232062,71.93777529248106,92.4319427249263,Flowering,Low
Maize,Silty,43.511392544462794,76.00412012630466,58.47271545706371,183.06578893313008,Flowering,Medium
Maize,Loamy,43.749830594441605,28.239481778955007,49.56123655666548,41.01696639439503,Fruiting,High
Wheat,Silty,17.931218261602755,51.85126187727203,83.03883251448069,92.21975092682206,Seedling,Low
Tomato,Loamy,15.4499550113141,21.333885594686258,40.169365133734416,92.22063704010408,Vegetative,Medium
Tomato,Loamy,19.83300069769267,22.516938623543837,27.59841639185452,162.1522936295277,Vegetative,High
Groundnut,Sandy,44.88038350146745,56.22150224124992,58.64809494816733,164.91517406588892,Fruiting,Medium
Groundnut,Clay,20.399988498320607,42.3647973613197,59.9222749738251,151.85388393267837,Fruiting,Low
Potato,Clay,30.076428201660693,83.38304742540592,45.127569725750035,73.09083183765475,Flowering,Low
Potato,Sandy,40.45253179291533,65.16157295948406,48.92880349515059,14.407385003704022,Vegetative,Medium
Potato,Sandy,15.61204832064619,54.044972130724275,86.764273143992,69.89659544480283,Vegetative,Low
Wheat,Clay,33.13466946775378,50.59515282907223,68.6148553117441,135.95824025426793,Vegetative,Low
Groundnut,Loamy,23.31076346608873,57.29341101421725,18.84814011860616,140.5493148978153,Flowering,Medium
Sugarcane,Loamy,40.87004749319195,23.0329123409496,26.970405669648876,193.0000418953438,Vegetative,High
Potato,Clay,23.503834477922375,86.9595017315495,88.04613075484471,90.7282462887417,Maturity,Low
Potato,Loamy,35.60267160845727,94.87273668004687,68.1172443034825,126.48711658805807,Fruiting,Medium
Cotton,Sandy,35.22658897342191,33.6115343644024,83.20361009157226,107.83817414450634,Fruiting,High
Rice,Loamy,21.644806465789202,29.02872235809648,34.308917119097764,30.123712022647474,Fruiting,High
Sugarcane,Loamy,16.043975996050502,30.76830975864464,69.34934880692738,92.2404944264272,Fruiting,Medium
Potato,Silty,27.27748721356192,69.57702936757754,67.12021668188092,108.96703093779885,Maturity,Low
Potato,Silty,23.67579455897609,69.6080628838081,33.575198835150005,190.1499212084517,Seedling,Low
Potato,Silty,39.26933248841126,83.59431217088081,54.06530603605643,73.30781088179121,Vegetative,Low
Rice,Loamy,39.01092565366036,76.38697913196899,60.19320890162362,196.01982062159556,Fruiting,Medium
Rice,Clay,28.710718565778762,53.72672550270048,48.490544866197204,108.46001480481688,Vegetative,Low
Wheat,Sandy,33.19536675969657,65.96415211739891,76.17429653264102,48.493848660611505,Vegetative,Low
Sugarcane,Loamy,33.12778547960775,71.62135027760058,76.62952334383915,38.33287740316156,Maturity,Low
Wheat,Clay,39.814744452828705,58.455235271391885,78.04804386412454,28.33898345204635,Vegetative,Medium
Maize,Loamy,27.750072423695926,55.67382383387275,74.27388552785303,90.58657411469059,Fruiting,Low
Rice,Sandy,23.263400393715273,68.38230842319899,49.04667817577157,4.385285957784646,Vegetative,Low
Cotton,Loamy,22.951047544216422,61.81059117317403,40.51506385192057,89.00905666297308,Maturity,Low
Groundnut,Sandy,31.085768378466124,68.29567290019327,76.51010269714965,197.68093843118925,Fruiting,Low
Cotton,Loamy,28.474446081966377,65.9641080472523,49.216116684501344,134.02135914445333,Maturity,Low
Groundnut,Sandy,28.203623129548085,73.9397420385241,29.709711890238548,151.95722424008093,Flowering,Medium
Rice,Loamy,17.734120172691217,68.2102631587157,50.5874825857773,23.80107814365251,Seedling,Low
Rice,Sandy,36.558112220705866,58.98068648279504,21.34798575353937,94.62017229801816,Vegetative,High
Rice,Silty,21.41210063945732,71.13476084632899,65.33035924790391,57.24462020514278,Vegetative,Low
Wheat,Loamy,20.90860890626164,53.7111473889071,36.87370252991251,178.81950559780586,Vegetative,Medium
Sugarcane,Loamy,27.382749608321802,38.125341947945074,30.852703875796344,36.2584944027825,Flowering,High
Groundnut,Clay,21.833350248534042,20.10636651004366,86.5206996987796,91.74666542734839,Seedling,Low
Sugarcane,Clay,32.51574801924046,61.99731103593824,72.15047966066462,117.60954366912755,Maturity,Low
Wheat,Sandy,26.143900180034144,64.29914199564809,72.96556021791453,102.80821831570653,Flowering,Low
Wheat,Loamy,28.467351677783704,92.90367235817858,59.89775754233467,166.04870559408147,Flowering,Low
Tomato,Sandy,31.115079648120865,47.110875057070665,77.13382484082376,46.29063426392808,Fruiting,Medium
Cotton,Silty,21.106065674454143,49.55999321212338,70.7329984930705,75.47822208473825,Flowering,Low
Cotton,Clay,19.672548685965893,35.134968600664266,57.901896330689326,158.4168593147905,Flowering,Medium
Maize,Sandy,41.41265708620814,25.290072142799144,86.88995214813738,105.61428234736097,Vegetative,Medium
Potato,Sandy,28.011711084942633,77.96033696463054,25.32759597475384,80.42347712959146,Fruiting,Medium
Wheat,Clay,27.362808288976176,38.726079825449375,85.47037751958008,5.888502948966301,Maturity,Medium
Groundnut,Loamy,16.068364508185244,65.66786457725284,42.11505295990919,150.6770848031219,Seedling,Low
Tomato,Sandy,29.939289077621797,71.58297766591112,52.27191867211893,194.43641559335205,Maturity,Low
Tomato,Clay,31.625091648330002,55.34275154687358,19.819145563544716,124.05740189770201,Fruiting,High
Potato,Loamy,31.765226128639995,85.72640847703937,53.20859511374327,171.30824413775892,Vegetative,Low
Sugarcane,Silty,36.21093507968653,53.284613073479655,58.896540148655475,103.37514863898522,Seedling,Medium
Potato,Clay,20.324455049730354,41.36814672813239,89.81612334468193,46.336193084672914,Maturity,Low
Potato,Sandy,22.566694026918565,87.20116422212168,88.01539288572212,2.888420847029094,Seedling,Low
Potato,Silty,39.32191395691238,84.61732131874673,87.31178334994298,130.67965351799785,Seedling,Low
Cotton,Loamy,43.41511850530182,32.302996030730974,37.87104480816459,98.62176964964893,Seedling,High
Wheat,Loamy,19.07798242101962,21.94707637654407,89.30131989960347,156.4196294175203,Flowering,Medium
Maize,Clay,29.929486635156547,26.74891672622155,46.43825212760887,138.9364834870609,Fruiting,Medium
Wheat,Clay,21.425287582187607,41.49105489153628,78.14690070095205,197.59047364131294,Fruiting,Low
Sugarcane,Clay,16.802195050649473,92.9194851306283,27.30559752151776,102.06251668240796,Vegetative,Medium
Rice,Loamy,24.76510014378406,61.888711487061876,50.46665437252819,85.43495793460187,Maturity,Low
Potato,Silty,19.31062875552638,47.99462990219516,87.28096769020843,57.34793788785899,Vegetative,Low
Wheat,Loamy,36.29799220302739,86.65370709595598,85.76251175387421,95.3722583582549,Maturity,Low
Sugarcane,Sandy,31.011762410143334,53.98522486088747,64.69879022571413,174.5742956245844,Seedling,Low
Rice,Loamy,19.315034129709325,43.642897130076584,73.82514580424478,8.487945158348253,Maturity,Medium
Rice,Sandy,15.277247652165432,90.5914646559243,24.11413572819211,195.58000945723774,Maturity,Medium
Potato,Silty,39.24471147072638,83.71382496445085,67.7326839587326,198.6614388615596,Seedling,Low
Maize,Clay,20.285832184927425,83.27512815645807,59.44406466682978,119.56427571758034,Vegetative,Low
Groundnut,Clay,33.18649926662298,58.42135572876598,17.324138860099687,66.30884073908028,Maturity,Medium
Cotton,Loamy,25.107657392302368,79.20787991115913,19.052720527174102,44.60979366440476,Vegetative,Medium
Wheat,Clay,32.564578149451066,33.45150194484139,18.675489420100952,55.29807913697575,Vegetative,High
Rice,Silty,24.46960880946972,62.991721816718275,67.94855478638685,10.02108530099437,Fruiting,Medium
Wheat,Clay,17.608186820767624,93.78844421356592,21.337216659805797,95.02219169667177,Seedling,Medium
Groundnut,Loamy,21.68850025673261,41.82188228884712,47.418581689157634,11.464854172881168,Seedling,Medium
Cotton,Silty,20.64175699437227,79.57642469357563,38.55854447022062,143.69484295518504,Flowering,Medium
Groundnut,Sandy,27.840580573189314,56.78588054060504,54.040331261617425,74.38589110657081,Vegetative,Low
Cotton,Loamy,34.74851350278472,22.98542624165655,66.51811897755223,39.87294634943264,Flowering,High
Tomato,Sandy,22.914182248390727,77.22645483617507,64.77780297770656,108.97071156720767,Seedling,Low
Cotton,Silty,15.362098059018539,32.64268582940846,51.24159327315013,194.75186144860274,Seedling,Low
Potato,Loamy,30.568120927942708,67.36051753495626,47.14678988883084,139.02620980368366,Flowering,Low
Maize,Loamy,33.17278468076916,26.424814553522967,41.825247609780696,98.34937002083204,Seedling,High
Groundnut,Silty,43.88611482005429,91.01505481219736,78.95279586435035,155.38285985090127,Seedling,Low
Rice,Clay,32.684124092797404,41.87929153852707,36.4681443898116,147.49529437979774,Fruiting,High
Potato,Loamy,29.135176781344256,36.98485187580462,30.749265693399586,178.34709221155873,Maturity,Medium
Tomato,Loamy,32.202048776931115,29.68523030497507,69.4652394924217,40.933789518789496,Fruiting,High
Maize,Sandy,42.83701889586081,90.95016450042858,38.78107693573811,171.77551525174638,Maturity,Medium
Wheat,Clay,39.85134436804938,73.3927806830979,77.75988798058148,60.20521740833977,Fruiting,Medium
Potato,Sandy,24.68936200091424,75.62456665385665,36.23109749097158,188.19978556501943,Fruiting,Medium
Groundnut,Sandy,22.117630909714116,57.45534210351834,66.15558596596705,56.21302978934703,Vegetative,Low
Sugarcane,Clay,22.87900837098221,55.604583895286254,13.608720502826888,185.36970863253524,Flowering,Medium
Sugarcane,Clay,30.13263119145639,28.251593224360747,40.8450304088256,192.758142892816,Fruiting,High
Rice,Silty,37.32148353685733,61.98808216879938,37.45841399740412,29.098271491402848,Vegetative,High
Cotton,Clay,30.096576215488863,38.518737133159284,75.33429914207387,194.8999766525566,Fruiting,Medium
Rice,Loamy,17.033891874843377,93.28589996003043,87.3644322582648,17.144593685856456,Flowering,Medium
Sugarcane,Clay,36.70742101319942,79.74357050113605,46.870502135436915,43.71355732250439,Vegetative,Medium
Wheat,Silty,39.17910386012862,50.97440451446657,75.98690217230065,88.8337561745609,Maturity,Medium
Tomato,Silty,23.68493595359159,31.350594401864978,65.9755760765892,198.71947314234203,Flowering,Medium
Tomato,Silty,34.92377217850051,78.8998768354088,87.39087901309546,97.71261023307586,Seedling,Low
Groundnut,Clay,27.797757031631804,29.1540325310987,74.88868114742598,110.08188863569717,Vegetative,Low
Tomato,Clay,41.67358067182329,34.20003151228029,16.198245277098444,138.8849899047297,Seedling,High
Groundnut,Sandy,40.356766744822195,35.86403883081706,67.06253779057889,193.65871165459026,Vegetative,Medium
Potato,Sandy,30.762959949289268,61.76679787048208,52.83997723378989,156.6702800248489,Maturity,Low
Groundnut,Loamy,35.74516637440783,79.02924904927747,11.314884634586173,44.830800884739716,Vegetative,High
Potato,Sandy,41.50049103066312,43.57361590435191,30.105036698035494,60.598186132870936,Fruiting,High
Groundnut,Loamy,29.871510302348266,26.350236070646705,83.74041960215143,19.52564792170488,Seedling,Medium
Sugarcane,Silty,24.397522214664658,54.84038476433144,84.08490982294023,128.89047283294798,Seedling,Low
Sugarcane,Sandy,37.60998413728744,76.10826808699517,73.90803681605075,36.148061307844316,Vegetative,Medium
Cotton,Clay,21.601987643540753,36.62478823155412,88.54236826223915,51.48097769587314,Fruiting,Medium
Potato,Sandy,26.655934440181262,36.494341102953065,74.5236179699364,177.6227310360754,Fruiting,Medium
Maize,Loamy,40.97181711320381,91.04202705100332,10.816334982819615,65.35113506640305,Vegetative,High
Potato,Sandy,36.732670208079455,91.56152953393834,33.02674722412094,113.32934367083341,Flowering,High
Groundnut,Silty,27.114330157424977,94.28492990461822,12.44993457902103,79.5132017578354,Maturity,Medium
Groundnut,Clay,21.44233507225072,80.57447011810851,17.528637499004756,14.806257481182715,Vegetative,High
Maize,Loamy,25.679051724967096,34.11381268759592,27.507265356062085,72.57276597934101,Fruiting,High
Rice,Clay,23.52312447682299,35.898614059944606,50.2846837060418,81.61364060718617,Maturity,Low
Groundnut,Clay,20.282678638315616,45.516893114179396,77.80256027696142,179.14022038230365,Vegetative,Low
Cotton,Loamy,37.2999874069697,43.85993985001181,78.95734049256865,64.89013072926791,Maturity,Medium
Tomato,Clay,22.562096605505147,91.73958118085068,59.29614868458372,75.84822395241358,Flowering,Low
Tomato,Clay,28.625024105032914,79.18054871612702,84.2540751252988,156.5793537344669,Fruiting,Low
Wheat,Sandy,26.57578340508327,74.30065941211654,50.00498612721665,151.7913302423196,Flowering,Low
Wheat,Clay,44.46232135906892,33.947241804359884,81.12288353065613,159.65705532969815,Flowering,High
Tomato,Clay,26.732767324446616,88.21441695217472,46.32522050656097,190.7541480152008,Fruiting,Low
Tomato,Clay,17.399474483902644,82.09027846296303,32.17800059375058,159.11149967895685,Flowering,Medium
Sugarcane,Clay,17.69477257716252,32.27313809959428,83.31303344803422,81.52164064357818,Vegetative,Low
Cotton,Loamy,32.72261164059194,85.33777489707293,41.03480605430954,164.30170337961837,Vegetative,Medium
Maize,Silty,32.98090655214797,40.41856522778535,50.27232870755693,101.73492641798767,Maturity,Low
Wheat,Sandy,27.56276971447965,26.065230937407954,36.30885060245418,55.54280650371306,Vegetative,Medium
Sugarcane,Clay,27.955310769360892,69.26167298856575,63.02700802325838,60.58341362620248,Vegetative,Low
Sugarcane,Clay,16.617977485226135,69.03534945382481,89.60249800048284,44.76847771267967,Maturity,Low
Maize,Loamy,30.496395311677865,27.11990071742136,12.041083909181571,28.998591563950683,Seedling,High
Sugarcane,Silty,30.14218426141055,43.91388567024368,81.98784048056811,36.898082370730066,Fruiting,Medium
Potato,Clay,19.486479556708336,94.4610846691654,10.314084559141232,12.635609990763875,Vegetative,High
Cotton,Loamy,18.11518158332783,70.88200002565526,39.13823049169689,177.69017298647728,Maturity,Low
Tomato,Sandy,18.707174717984714,74.75563749524969,23.488544503161144,186.20156192982463,Flowering,Medium
Groundnut,Sandy,18.030847394737755,35.968796420322924,70.5873424538041,117.3540784987791,Flowering,Medium
Maize,Clay,33.2912458661028,25.908655325293573,14.048867260573878,168.097911321737,Vegetative,High
Tomato,Clay,20.89447957208756,40.76762673057033,54.278796286746235,36.714220530629426,Fruiting,Medium
Tomato,Silty,22.542904565623903,38.6673788894894,33.594090707625014,180.33476504539703,Maturity,Medium
Rice,Silty,20.207164324543193,37.59080755610398,20.69361990917617,101.27231192610166,Maturity,High
Potato,Clay,43.735059133455096,34.456574141527966,71.74545696821127,13.432998521111017,Maturity,High
Maize,Loamy,40.638523894555064,63.10667679915532,27.393346740420537,28.26254889883204,Maturity,High
Sugarcane,Silty,21.91484512054563,44.607760688136636,27.894016964395114,61.795292157363434,Maturity,Medium
Groundnut,Clay,24.826988817663782,81.52587612856479,32.00614281103384,8.711516070950287,Fruiting,High
Maize,Silty,21.296785269149915,33.7960563385538,56.94134110624219,61.85867560348872,Maturity,Low
Sugarcane,Clay,29.756278783824712,54.847030315140834,62.77327453525986,11.986086623778359,Fruiting,Medium
Tomato,Sandy,15.588315974227609,21.024337731956,11.408201896107597,47.20552103856504,Fruiting,High
Groundnut,Clay,35.14104026690387,56.1261741841394,29.349570889103227,53.13395117128832,Fruiting,High
Sugarcane,Sandy,30.69474449452925,24.18786656573558,44.477667400422625,198.87379527335878,Flowering,High
Cotton,Silty,41.95916784903309,93.32926339044828,36.55815617289865,47.10933475273289,Seedling,High
Sugarcane,Clay,19.931780529852425,79.29440964878097,80.73365268087089,47.83728978771607,Vegetative,Low
Rice,Silty,39.12327738183395,56.75836074773415,73.0166984709135,137.357793671677,Flowering,Medium
Potato,Sandy,38.75883043400147,26.49405186345127,60.071217243106204,171.87149570329038,Seedling,Medium
Tomato,Clay,18.81543567650661,64.43340805928108,37.04339327976318,77.41108252041731,Flowering,Medium
Sugarcane,Silty,26.956776724323827,76.90728130264081,66.05378758769278,175.12360398813848,Fruiting,Low
Potato,Sandy,20.104579234335507,34.303793975355894,77.49104102766356,68.02840414955142,Fruiting,Medium
Wheat,Silty,22.641615013726465,62.61562555906181,57.586430188718936,39.403175923003865,Maturity,Low
Wheat,Loamy,22.89738524491633,81.0658173787151,72.75691735147034,65.9277648655447,Fruiting,Low
Potato,Sandy,31.687091820773183,77.61858332347373,69.92839691197983,121.87127478559847,Flowering,Low
Potato,Sandy,27.342327952813967,80.22440134003647,55.738984892825776,73.42863186241475,Vegetative,Low
Rice,Sandy,43.431984120189156,85.94925686522899,34.97465734572088,134.57876079785777,Fruiting,High
Cotton,Clay,18.791104258410154,90.32615766196027,69.66257264010174,47.38717588449648,Seedling,Low
Tomato,Clay,44.21076404550597,50.4140866402652,26.543709308608516,140.19857879782975,Flowering,High
Maize,Clay,21.91915920642792,62.6576826892158,72.3590677177227,69.48767264969334,Seedling,Low
Rice,Loamy,38.18621809145559,79.29946445342081,74.36373537140264,91.1736743203869,Maturity,Low
Cotton,Loamy,25.16909778518464,72.28548604593374,75.77159036562985,111.54902808857918,Maturity,Low
Potato,Sandy,19.292441862519418,94.66401711982842,47.83327767827661,137.24500063719873,Vegetative,Low
Maize,Loamy,40.7366755573872,21.02582383284831,25.398461421633733,47.74273836974674,Flowering,High
Potato,Silty,24.265826977093894,46.6349911486843,17.9778880052855,167.1891074821621,Vegetative,Medium
Potato,Sandy,34.76566212680527,41.07709447026518,69.46890003903394,144.36854995104795,Seedling,Low
Wheat,Sandy,31.993310552598796,39.6736887624151,80.90091076238505,46.81958380479989,Vegetative,Medium
Wheat,Silty,29.15268928172623,36.689733687416435,62.06706870695253,194.99491252058206,Seedling,Low
Maize,Sandy,29.87458417945617,73.18428806114218,21.53280483106957,132.9593982060917,Vegetative,Medium
Rice,Loamy,36.96713742276863,26.35696049564914,84.79171588140592,90.48537729334112,Maturity,Medium
Wheat,Clay,17.633187423703216,75.62066254575038,89.12816116314556,31.50546511070327,Flowering,Low
Tomato,Silty,35.045419858737155,72.00693815122051,44.670288794793755,106.64420046162628,Vegetative,Medium
Potato,Loamy,41.87436304195736,38.810309937567226,57.5860231419017,32.95517736542364,Seedling,High
Groundnut,Silty,16.733645910595925,38.96253373738709,72.17828160013262,85.89833573956875,Flowering,Medium
Sugarcane,Silty,19.21960017701,67.16454390083766,68.91118320400358,81.74250454790378,Maturity,Low
Maize,Sandy,36.49895810106094,77.16283291127584,87.42297535467594,143.98792886949204,Maturity,Low
Maize,Sandy,28.118449447338527,85.73642098155241,19.19064728630311,38.476636244849956,Fruiting,High
Wheat,Loamy,27.10645862441065,83.91046728908569,56.457989291424454,164.37427097416918,Flowering,Low
Rice,Silty,19.108999036327077,92.36622456228899,65.35451357384737,65.22646540323316,Vegetative,Low
Potato,Sandy,30.203101221533643,63.60386715023834,81.20787393501361,88.79772539375502,Maturity,Low
Tomato,Sandy,18.796359335891317,88.14916710052697,79.92877021745205,154.4681951107685,Vegetative,Low
Rice,Silty,29.298613689316213,80.63849549453082,88.23998348490319,125.07847994270296,Vegetative,Low
Cotton,Loamy,37.9084589688497,87.10007182355102,50.966276315014326,61.60507036038747,Seedling,Low
Cotton,Loamy,22.747930736614904,20.871995096402497,76.46086934505813,77.2405849091762,Vegetative,Low
Groundnut,Silty,29.423585045391818,92.44272438993582,44.182536650186215,61.15736279792203,Fruiting,Medium
Wheat,Loamy,44.760479081905075,55.514762213485874,43.78511022848258,118.95403345543143,Flowering,High
Wheat,Sandy,35.59951270062112,79.86372421811322,30.26786915782872,66.52490664136795,Flowering,High
Wheat,Silty,40.240703139155954,29.540308950333564,75.45898296153838,145.13953895662817,Seedling,Medium
Groundnut,Sandy,27.445428196816373,49.69558218604806,88.86520846508125,115.95743171674522,Fruiting,Low
Cotton,Clay,38.03582769377566,40.359549726574315,30.507338267780632,29.1413223495018,Fruiting,High
Rice,Clay,16.215275188239655,41.87440778757028,14.490527041685786,62.05372373597648,Flowering,High
Groundnut,Loamy,18.68733547626735,29.24417149631613,75.24339499352058,44.28948838203115,Fruiting,Medium
Groundnut,Clay,21.092117787601865,80.43228744072553,59.618404202780496,78.06264251029707,Maturity,Low
Rice,Sandy,27.058557738456585,20.693173593580863,86.77590404408035,103.19681724187262,Vegetative,Low
Wheat,Clay,40.3723463497729,43.437909273890185,30.17913752615618,101.35257145682198,Vegetative,High
Tomato,Sandy,25.387981523637915,33.08079074123113,15.682212640102486,150.9047353126578,Flowering,High
Rice,Loamy,34.638635805463885,64.17792054562554,49.39538086932012,37.83437272034187,Flowering,Medium
Cotton,Loamy,36.2794288441045,39.06893019609079,16.837281837211798,189.29456585948935,Fruiting,High
Maize,Sandy,32.58547062265024,39.424884089607474,30.943200088216596,68.56902137643372,Seedling,High
Potato,Clay,25.717259045104086,56.6253607996489,20.07822886553346,60.049769383227705,Flowering,Medium
Maize,Loamy,32.31160025140633,68.95167795056943,27.930574372806298,137.03571563604396,Flowering,High
Sugarcane,Silty,25.267967783692384,29.097852842387272,18.491572225711348,161.1033257366125,Flowering,High
Sugarcane,Loamy,17.516212156560364,33.16335893491221,86.31247995418283,75.69435296273068,Fruiting,Medium
Groundnut,Clay,44.784119345580436,38.53810584458882,32.28501707597884,149.3693949787954,Maturity,High
Potato,Silty,18.815473608975328,93.03111605884703,45.511806879405235,176.74719122721095,Flowering,Low
Maize,Clay,17.17045151508172,49.78643749571903,81.88894461073778,153.36073304139148,Maturity,Low
Tomato,Sandy,41.35592247621467,64.92425679732699,64.18572703691794,6.839297114166598,Fruiting,High
Wheat,Silty,24.055039826786853,38.11571095369834,59.44299844494195,165.47378227323765,Seedling,Low
Cotton,Clay,34.50890922220523,56.78446438681159,66.44505522886698,154.89619169087348,Vegetative,Low
Sugarcane,Silty,24.870171889866985,25.558938078946852,76.30578056843055,133.8580476306372,Vegetative,Low
Tomato,Clay,26.743628123834135,22.60566094417452,80.21354142814087,152.0044838175807,Vegetative,Low
Cotton,Silty,22.863389160503896,55.155014511609515,61.41117365320212,195.88507916638778,Vegetative,Low
Cotton,Clay,25.291320173790304,49.8994465638809,81.20058197552461,86.22257756366993,Fruiting,Low
Wheat,Sandy,27.321012017596296,30.266023976887077,52.83180219403815,13.444646990919562,Vegetative,Medium
Potato,Silty,36.61248207277029,71.57010716905504,32.183268501473876,92.17799392554333,Fruiting,High
Groundnut,Silty,30.346085827043755,94.46776181744484,80.40613671070756,9.286731078209588,Seedling,Medium
Maize,Silty,43.30695651470931,49.67351158975343,53.31782619304697,58.850081617692226,Flowering,Medium
Wheat,Silty,16.256411815163265,66.84189769380458,82.49100700537875,117.3759583593518,Flowering,Low
Tomato,Sandy,30.092049678960844,92.22319567733642,13.213425116046498,61.92457858523126,Flowering,High
Groundnut,Silty,32.52674366495154,82.36512293351564,41.801260123298846,137.07904918190772,Fruiting,Medium
Tomato,Loamy,42.60590958222822,54.766416747701435,85.82440146899745,164.39726553714422,Fruiting,Medium
Groundnut,Sandy,16.474755708642828,75.31171133449395,29.97200742066422,84.08783585590737,Fruiting,Medium
Potato,Loamy,32.20498754805648,29.610128018789304,85.32289968307941,180.02759025860072,Seedling,Medium
Sugarcane,Silty,40.60889785583871,58.40778915978494,86.31219689033999,15.967786270080042,Maturity,Medium
Tomato,Clay,22.257831843577097,40.92952078849524,80.57138513806888,168.02263284008995,Fruiting,Low
Wheat,Loamy,41.28877045571812,32.08727659221208,55.0934436074639,165.71462908785978,Fruiting,High
Groundnut,Silty,15.571302278228755,51.971067969090115,61.75515592645108,64.39877926535299,Flowering,Low
Groundnut,Loamy,36.97363887401189,29.82609158252108,79.56935987598953,59.743037424922996,Vegetative,Medium
Cotton,Silty,42.99339663505959,72.42388311308642,72.07176659113475,61.01899623070253,Vegetative,Low
Cotton,Silty,34.71592984920187,54.21800330400016,60.40750795643292,162.2787424688822,Seedling,Low
Rice,Silty,28.17087731941344,59.83584744234979,88.58075262965622,166.33069752203903,Vegetative,Low
Tomato,Clay,16.34643049418154,30.978195400111776,64.85413090669553,65.94449176553351,Maturity,Low
Cotton,Loamy,42.60341439967886,30.482874582012087,88.0385593958209,118.51806948889237,Flowering,High
Rice,Sandy,29.108886680747244,63.75615764450931,14.591077968567259,27.7866458880909,Seedling,Medium
Sugarcane,Sandy,15.86990233007844,93.87573108720846,21.116829659376997,93.75574765620442,Vegetative,Medium
Sugarcane,Sandy,35.69463213986286,27.21879374282942,46.11670768003925,199.75857017110766,Vegetative,Medium
Cotton,Sandy,29.455117607287747,41.42985714243359,40.790356870745214,31.76782954124937,Flowering,High
Tomato,Silty,18.730359523272323,85.20943374034157,72.61878730856222,189.5125279920118,Seedling,Low
Groundnut,Loamy,21.428154279307787,25.42040091914277,22.8491221175363,164.85094439300155,Flowering,High
Maize,Loamy,16.93472041367539,85.69142910252135,88.08761432891909,194.44293018925399,Seedling,Low
Potato,Clay,32.228806191257206,59.32144875310634,35.20527002087312,35.9157521221066,Vegetative,Medium
Tomato,Loamy,33.66088437756028,50.620008044481935,44.313896619212755,42.70369808867285,Flowering,High
Potato,Loamy,30.17226895066333,43.22604232635919,31.979602595201833,3.3734363469717366,Flowering,High
Wheat,Loamy,39.51306399007845,42.28378685958815,56.34908938612378,144.9403625831211,Maturity,Medium
Sugarcane,Clay,40.83026463924041,42.93519368371091,14.690296033806716,128.81893868723714,Flowering,High
Cotton,Sandy,33.4687319004938,86.36023107201468,21.9742004456359,35.61308766494642,Seedling,High
Cotton,Loamy,15.382694391222916,74.2846422631089,69.66381627349793,158.2289931084144,Maturity,Low
Potato,Clay,35.85688967243207,70.22922558733629,24.920046672384313,59.83910122634508,Flowering,High
Groundnut,Clay,27.539976507610547,79.90618617140007,28.84115612453303,26.999113866127033,Flowering,High
Potato,Silty,31.96672449679161,39.28359972531088,73.43857885798701,84.51253300386963,Maturity,Medium
Wheat,Clay,34.47241806056653,66.35321090613168,17.46409426858029,18.193969685371215,Vegetative,High
Groundnut,Sandy,25.507098429812302,54.50496792184632,44.997905821667274,52.64873125464933,Flowering,Medium
Wheat,Loamy,42.51295515515383,78.6831226400145,11.845070959778159,74.26667168546923,Fruiting,High
Maize,Clay,19.019246002493436,43.194208285496416,37.744591945432305,170.37283490282996,Vegetative,Medium
Sugarcane,Sandy,35.14535421843112,68.23839626524219,65.91851220886036,158.50974825864427,Flowering,Medium
Cotton,Clay,15.130787398697413,86.16593088629851,17.208262377378265,88.55085715012365,Vegetative,Medium
Cotton,Clay,42.739533162155425,50.16128571461965,81.06677014230081,144.91501155047752,Seedling,Medium
Maize,Clay,18.375123997142744,24.996656552559607,82.75992343525728,113.729927235801,Vegetative,Low
Rice,Clay,17.84652690442724,58.703811675634455,18.399230010010807,68.16837101561362,Maturity,Medium
Sugarcane,Clay,24.990228991567328,45.947936585526946,89.25859491006213,145.17486869905696,Flowering,Low
Groundnut,Sandy,26.206988581172418,70.41690354103812,33.802364271639114,136.6998308932756,Vegetative,Low
Maize,Loamy,21.42900216968636,91.32746935614546,16.728133690528484,123.81888843872039,Fruiting,Medium
Groundnut,Loamy,32.55364982781374,56.42062384976352,10.405369159780982,123.59110420865011,Seedling,Medium
Potato,Loamy,28.287422941258907,54.964267261665036,42.68183166110901,136.59639846539534,Seedling,Medium
Tomato,Loamy,16.025267671232623,69.09386001435952,60.38479885648941,76.90910252850765,Vegetative,Low
Cotton,Sandy,24.589561867659018,27.762312769517578,36.57433999226506,173.81516301354048,Maturity,Medium
Groundnut,Silty,39.312987407195116,39.0129641693761,76.93738923796982,32.46156909929216,Seedling,High
Wheat,Silty,35.691046045856055,88.92344941252989,67.328502045204,176.7770926478308,Vegetative,Low
Groundnut,Sandy,36.746125607396415,70.24569600228247,38.012922557442614,68.45636860639888,Vegetative,Medium
Tomato,Sandy,35.94350772250571,21.008303298756218,68.74477332868837,25.006323121724506,Seedling,High
Sugarcane,Clay,24.329190641491,35.34691044192649,85.23901895753998,120.00548053582598,Vegetative,Low
Cotton,Clay,17.989917662303277,71.21279495216743,17.447679883441367,75.19733381408105,Vegetative,Medium
Potato,Clay,23.17401552099288,77.32994019219306,34.48831681260935,163.09994542070385,Fruiting,Medium
Maize,Loamy,39.95355900555478,82.98946795055315,47.06607512933546,86.15709370575347,Vegetative,Low
Potato,Clay,44.414123933492135,41.91326025365336,49.83921022038149,133.71250511242195,Vegetative,Medium
Tomato,Silty,29.81541044224684,89.8271447208172,53.375651590885894,61.65159790096511,Maturity,Low
Cotton,Loamy,15.291010647691266,61.47101701834193,34.05015252309188,41.89047500506802,Seedling,Medium
Groundnut,Clay,19.201344364026873,72.24042667909197,63.38077167858793,77.60980618976477,Maturity,Low
Sugarcane,Loamy,24.662417259487974,64.7554147084931,61.606760282386375,121.3615669204867,Flowering,Low
Rice,Silty,32.357560457788495,29.205504100596535,56.225720501729114,131.38934784227035,Maturity,Medium
Sugarcane,Clay,17.25280937415942,92.23359945386599,19.10093773687013,115.64133305960367,Flowering,Medium
Rice,Silty,43.30071896129645,29.215668492061447,48.157431287675564,197.61114372482177,Flowering,High
Wheat,Silty,25.95251019853202,39.11614673083877,38.49815099915005,138.21803729903306,Maturity,Medium
Sugarcane,Silty,42.377526537744686,81.02209101672352,49.28307758704981,186.30392551938354,Fruiting,Medium
Cotton,Clay,38.41565408271065,66.39477211258261,83.74931484120208,23.586638979034902,Maturity,Medium
Rice,Sandy,37.66311817546743,82.86118740322678,48.442507452672665,12.274585962695772,Seedling,Medium
Maize,Clay,33.20158739346696,58.680214128053365,11.118463347160947,62.19894040239073,Maturity,Medium
Cotton,Silty,33.803514511555335,48.274492652497614,45.106939046730474,27.317787675284787,Fruiting,Medium
Maize,Clay,34.14009705648745,89.13841246608386,75.65185440395057,105.17370564565354,Maturity,Low
Sugarcane,Silty,33.861641610767464,22.718923813609614,72.40487385745345,103.79625070465575,Fruiting,Medium
Maize,Sandy,31.611846941950837,84.20976652647845,51.07120588225448,115.00943328879004,Seedling,Low
Rice,Loamy,44.592420554486665,37.31133388908362,29.981521028745224,149.04557616621454,Vegetative,High
Cotton,Sandy,36.96871702277088,83.65522458154759,47.20709303316361,194.26594004246397,Fruiting,Medium
Groundnut,Sandy,38.308391651775636,30.439746006266418,55.096177553455334,175.6517382878293,Fruiting,High
Tomato,Loamy,41.17388445251022,63.516422276790536,89.98971506193071,23.67344791511632,Fruiting,Medium
Rice,Clay,21.469192881775477,86.6080939258604,61.53424721355019,67.70273775413145,Seedling,Low
Rice,Loamy,17.514124772851822,55.51547351741679,65.54119440500908,51.16460500960838,Flowering,Low
Groundnut,Clay,29.48683309795796,75.99250053525446,49.31633148544415,35.36347155595856,Fruiting,Low
Cotton,Clay,30.422420868578193,80.35037133916688,38.35916406260239,108.9449753311569,Seedling,Medium
Cotton,Silty,39.87545339849753,75.23706565375844,75.03623869177648,110.6528804065461,Vegetative,Low
Potato,Silty,28.31350737847007,89.39973026559487,49.594585947138896,45.44896557761226,Fruiting,Low
Sugarcane,Loamy,32.12559076632938,53.512567288994646,89.57521039716201,142.3794500613371,Flowering,Medium
Maize,Sandy,30.812128155403748,32.984407937386685,46.569645941443525,146.58285983390104,Seedling,Medium
Sugarcane,Loamy,16.14608351272173,23.585829777685984,15.44002269180619,4.195998966786663,Vegetative,High
Groundnut,Clay,33.45644689790742,38.48449022281288,64.60625096720662,79.15154074446332,Flowering,Medium
Sugarcane,Silty,39.84129857322757,30.73981279101816,13.731316074064885,178.0281282403242,Vegetative,High
Groundnut,Loamy,19.725016442274114,61.846155607586034,30.040127750776264,104.06372164876765,Flowering,Medium
Cotton,Loamy,32.82995201779787,33.8709002908799,38.29906022239227,69.52556028779885,Maturity,High
Maize,Silty,32.808316333392426,22.92002804670284,69.15868684970621,50.73523031902602,Maturity,Medium
Sugarcane,Silty,19.925548921690762,22.69923716515009,49.53887411260902,48.67090398365646,Maturity,Medium
Rice,Silty,18.70390721192208,82.36771237736463,12.291674504820529,19.95360677016127,Vegetative,High
Wheat,Clay,44.40155828929454,64.35874485822686,59.34798810207377,163.44528381861844,Maturity,Low
Potato,Silty,26.811575089591127,46.85639764200336,42.91489899413299,17.331481078834244,Seedling,High
Tomato,Sandy,21.82265186170588,87.06710320551852,83.74676079736857,58.45895317236316,Seedling,Low
Rice,Loamy,20.139736333631248,25.26474585557852,49.96498489121883,9.13514771327064,Maturity,Medium
Cotton,Silty,35.02805140749705,93.52415545458695,66.71801167514712,156.2773139447401,Flowering,Medium
Tomato,Silty,33.28335891981837,66.22188426908457,27.50947938636375,7.856736445358092,Flowering,High
Wheat,Clay,34.30656368962252,33.75981904766363,70.87788516253227,61.66022077364168,Vegetative,Medium
Wheat,Clay,17.640180825343567,70.93018242327264,67.67642483869379,114.65947401733281,Flowering,Low
Maize,Loamy,41.80603750495311,77.25359448376719,82.32653668330465,81.91227205868876,Fruiting,Medium
Tomato,Sandy,26.67799190427145,52.20070875280808,12.705731337535937,56.45421344982009,Flowering,High
Maize,Loamy,24.40108219291074,84.62244546841606,45.80005580939609,55.03781448550833,Seedling,Low
Rice,Silty,28.870843417432177,31.304930547235273,64.33243221917041,159.55806120124987,Flowering,Medium
Groundnut,Sandy,26.701981972428847,40.912818768320626,17.613112006417204,194.795619017449,Vegetative,Medium
Groundnut,Sandy,40.90731009417438,27.011927118799232,42.84832537191299,69.60821408975868,Flowering,High
Groundnut,Sandy,42.87782925593676,35.81583804555141,85.37172824529563,7.829102721803305,Vegetative,High
Tomato,Sandy,24.103596493488187,37.90466089333587,44.87475927129026,7.313155581821684,Fruiting,High
Groundnut,Loamy,40.91807422379864,88.82248931912827,88.83238267845051,151.84268304214362,Maturity,Low
Rice,Clay,38.445693885992014,25.858226656336715,14.54712488638557,110.47396432182539,Fruiting,High
Maize,Clay,42.92423017034285,52.05613401407821,67.42638209127131,156.71853148346608,Seedling,Medium
Tomato,Silty,22.372509365576633,59.92990154201847,56.48129889986156,139.49940205771497,Fruiting,Low
Maize,Clay,32.30877450362937,87.40197903516206,50.04317417057003,181.5012698530793,Fruiting,Low
Tomato,Clay,23.236337542213338,94.82721639959101,87.66779211880075,177.1648582093247,Seedling,Low
Maize,Clay,39.72283471453123,76.50410861898769,20.37203203929029,157.66547912423547,Seedling,High
Wheat,Clay,15.159725717131927,92.80932429267722,81.67991613447307,95.03783200842875,Maturity,Low
Maize,Silty,31.944574886591884,79.03258494019053,65.29923289092882,61.62528152077049,Maturity,Low
Groundnut,Loamy,25.17610293815754,92.24019807285624,30.719685863970618,101.40535748892799,Flowering,Medium
Wheat,Sandy,24.680511212334608,73.04530444583415,82.13353165058348,100.41432146396471,Vegetative,Low
Maize,Clay,34.34718971594751,25.98225690883033,44.343593428881064,122.05510977786753,Seedling,High
Tomato,Loamy,40.54453347941982,50.14401402445074,75.13818624584567,37.21951355658082,Fruiting,High
Tomato,Clay,33.27586174179979,68.49479628518529,41.106921363792,131.12397608899775,Fruiting,Medium
Potato,Clay,40.59518935940167,46.30388820906882,78.07446619465928,91.32018484116315,Maturity,Medium
Tomato,Sandy,22.937913356430897,40.5037938585334,60.93032947560389,124.04096638817184,Vegetative,Low
Cotton,Sandy,30.585055642949435,63.30494503498182,21.28373068669817,47.92096458390913,Seedling,High
Rice,Sandy,28.516096172012283,90.01264075268261,61.973053077562206,86.878978775471,Maturity,Low
Tomato,Clay,15.349346985092886,22.623640513711518,25.30758101614981,42.040242890504054,Vegetative,High
Wheat,Clay,31.704364294222202,77.69234026560783,42.95381023153301,175.06103135136033,Seedling,Medium
Potato,Clay,34.84572972438525,74.20454585334704,23.623646740162698,97.59220900830752,Fruiting,High
Tomato,Sandy,32.757432132572106,92.29650690412153,11.761289253369487,44.99628311476243,Fruiting,High
Cotton,Silty,37.088396963502646,89.80334167494077,26.9509231559966,8.241739148309257,Maturity,High
Groundnut,Loamy,32.140185853592314,77.16744215331447,52.90976189793006,135.14773293070837,Vegetative,Low
Wheat,Silty,17.00250764552271,59.0306573511949,48.524877422187686,42.928942797951144,Fruiting,Low
Cotton,Clay,18.49336572254134,35.32006649251399,50.119767642885094,197.91643846375567,Vegetative,Low
Groundnut,Clay,32.894237326318574,60.89267887441808,29.814950275728105,106.74007468303432,Maturity,Medium
Sugarcane,Silty,23.249375759209205,77.40139954397404,64.81289604913489,57.79539924960642,Flowering,Low
Sugarcane,Clay,17.389353871042974,87.17519094784198,66.34106294562767,131.53548675852608,Vegetative,Low
Wheat,Loamy,27.888082303456404,79.22840069079118,38.63742604477324,55.04398468761711,Vegetative,Low
Maize,Clay,31.629677942509662,34.64502013932905,80.49360707793394,164.0548587819493,Maturity,Medium
Rice,Loamy,24.862379650488197,64.97647356710445,61.52185733084383,61.64721018598838,Flowering,Low
Potato,Silty,36.61301106677334,44.913009464851775,67.04314202069054,197.64954647918185,Fruiting,Medium
Rice,Silty,34.31311824303734,20.690425054298224,32.187193435115155,121.02895708905872,Seedling,High
Cotton,Clay,24.98455083275016,35.016570184149955,10.048930812446963,168.88222978853267,Maturity,High
Groundnut,Loamy,37.646175867256815,28.491548745008693,79.23004896816876,14.563093915684444,Seedling,High
Rice,Clay,34.46085127599106,83.20393426546013,75.79395076638468,69.65988347723764,Flowering,Low
Groundnut,Sandy,34.123361361537064,39.3879689110859,19.855351043426417,147.49741723322992,Flowering,High
Groundnut,Sandy,31.60283102361204,41.35234766656666,39.92841079650452,131.01180346811654,Vegetative,Medium
Cotton,Sandy,15.341690042656584,91.99524288491632,62.907144671086606,38.84862428675155,Seedling,Low
Cotton,Sandy,35.89521550430668,48.43150422866391,62.16886857749826,71.24058610194197,Seedling,Medium
Cotton,Clay,26.281253733274696,20.71892301082959,78.82802678468452,52.688681497508185,Flowering,Medium
Rice,Sandy,43.27829130475966,41.28846112596024,21.221452930834282,122.6740339523686,Seedling,High
Sugarcane,Loamy,39.53954313231616,28.947468545135933,44.3951798228095,68.913645891755,Fruiting,High
Cotton,Silty,32.63083408593937,27.710642130189047,17.777953434113982,61.810848400069965,Flowering,High
Potato,Silty,22.565459454578082,25.811546760181212,41.16761987509025,41.47559608726834,Vegetative,High
Rice,Sandy,21.111521798329996,64.49446026315329,11.20859564701635,81.80542418292967,Vegetative,Medium
Cotton,Sandy,25.211545130326474,34.2010792722394,81.86184520881015,39.100518039310714,Vegetative,Medium
Tomato,Sandy,29.297038307400555,47.09320955307578,52.16351974629448,192.51391747552645,Seedling,Low
Groundnut,Clay,23.881965301168414,84.65132870975125,77.98418086418829,30.90036229906068,Flowering,Low
Potato,Silty,30.447884861774483,51.825360484720676,14.7923760802691,182.66094299175526,Vegetative,High
Cotton,Sandy,19.961112765395576,88.67685125387283,28.19664883783365,85.6946196313164,Flowering,Medium
Wheat,Loamy,44.331384384765,57.34535400467047,30.75039961769445,75.57319831234442,Seedling,Medium
Groundnut,Sandy,18.237736648949816,49.91274611298168,40.935319571103044,46.26396018096977,Fruiting,High
Groundnut,Silty,42.95832418963116,76.27916953180262,74.22930979180369,127.15126687350381,Fruiting,Medium
Cotton,Sandy,42.40734034208084,25.48813240760016,40.92462989851941,137.10560300216727,Fruiting,High
Sugarcane,Silty,30.76081445458494,26.710878723681304,26.37228237170616,93.51419245048349,Seedling,High
Maize,Sandy,36.747308155082536,68.89802854422206,15.199220827101474,11.141379138684826,Vegetative,High
Sugarcane,Loamy,28.081448939177633,56.52055349294362,16.359339868214995,183.70203013770998,Seedling,Medium
Cotton,Sandy,33.90103732627314,79.28114377394077,70.8037764768782,196.0658265752762,Flowering,Low
Groundnut,Loamy,25.21727812263356,88.72031280076486,45.58423928293064,86.208683042367,Fruiting,Low
Potato,Loamy,24.03477059356336,49.12751582536606,68.09448976000122,122.73216148186543,Flowering,Low
Wheat,Sandy,32.34689358508541,64.73075199384847,64.58296974109581,90.05972524874934,Seedling,Low
Potato,Loamy,29.94389022551941,57.55224708464824,20.828996940820623,64.37593017722412,Maturity,Medium
Potato,Clay,32.38609107449943,93.62079917318246,21.431034735381374,15.463758571561526,Maturity,High
Groundnut,Sandy,23.59981743861069,82.33133055174463,70.42736123473071,91.21354607945977,Seedling,Low
Sugarcane,Sandy,26.00873495450986,88.38032812080152,67.70146347883338,163.6769112718903,Vegetative,Low
Wheat,Loamy,17.51693881886728,39.075506568320314,40.24246134994483,3.406292217600715,Flowering,High
Rice,Loamy,16.568291168166173,77.93948173719457,16.193781066627206,116.42153663604446,Seedling,Medium
Tomato,Sandy,22.603713890190487,39.91049187482367,10.967841735876176,176.15442174533777,Seedling,High
Groundnut,Clay,17.227405779916374,35.65569000712924,33.052555956939585,43.5098860028716,Maturity,High
Cotton,Loamy,18.11324125904222,90.81996197416632,10.737781886978155,36.65117293781244,Fruiting,High
Rice,Loamy,39.38785216181812,21.447831253839997,28.405809688296273,154.45532514038862,Fruiting,High
Tomato,Silty,16.16621091050068,92.40415277475722,43.560059216907085,51.01728622385866,Vegetative,Low
Cotton,Clay,34.76828381804228,31.194642274160465,19.713261224956334,38.396853512129695,Vegetative,High
Potato,Clay,23.176732464462013,81.4578561344951,18.342220626523698,75.59785011384702,Vegetative,Medium
Maize,Sandy,41.146370421243795,40.69419148010773,81.71499485749892,78.5004024540436,Maturity,Medium
Cotton,Clay,29.549768537324987,46.302674557304556,56.83760232183114,174.8202126033132,Seedling,Low
Wheat,Sandy,24.167293779834772,36.256828349148876,84.75645494102251,123.68869438673538,Vegetative,Low
Wheat,Silty,30.529168070683035,63.913553186080975,37.66609310285433,81.19229126791787,Maturity,Medium
Maize,Clay,26.458740571358064,46.10716606309056,64.17159498633305,106.87759285715337,Flowering,Low
Rice,Loamy,31.929031940094905,69.30447796209974,26.37533396974323,190.79304666505485,Seedling,Medium
Tomato,Silty,18.435986049790447,21.17354884565495,59.4672253823953,22.642935321979074,Flowering,Medium
Cotton,Sandy,44.90971508437653,24.828116263627972,20.366858400798755,41.543104344938286,Fruiting,High
Wheat,Silty,27.766676330901525,27.47458645484365,10.16645113410286,192.50574131731105,Fruiting,High
Rice,Sandy,25.44691919122106,51.42452639826733,84.52254411276633,191.46496970544084,Seedling,Low
Maize,Silty,36.30629544948795,81.1097129494982,54.39155009401674,35.43308425295453,Vegetative,Medium
Sugarcane,Sandy,25.916982194859976,86.61334327837871,84.15525302256316,29.021763425059643,Seedling,Low
Groundnut,Clay,39.99822915086273,38.36080550456756,36.70652189616576,84.21702686772396,Vegetative,High
Sugarcane,Loamy,28.628121730812758,63.07772931792605,36.222885532940545,9.943658497593821,Fruiting,High
Sugarcane,Sandy,36.586752397963046,77.62737445194503,42.05240014184254,130.98070645702802,Seedling,Medium
Wheat,Silty,18.223596493256597,41.662207243970656,66.48327871665346,15.499204332348437,Seedling,Medium
Potato,Sandy,40.38357556665335,50.675580255220495,55.26469073489394,11.605925418856145,Vegetative,High
Potato,Sandy,37.0715396033433,59.29806520142854,84.02839256792943,97.03738724176985,Fruiting,Medium
Maize,Sandy,21.35150335385897,30.115613480603578,12.035272090595148,191.5573272220203,Fruiting,High
Cotton,Silty,19.3585802923736,21.948672029433524,66.65567503780292,85.35918721263191,Vegetative,Low
Potato,Loamy,24.48877046176873,31.460435698871244,36.42621514932435,71.29623173211021,Vegetative,Medium
Sugarcane,Clay,44.282117580957134,67.014021594015,24.418692145476896,199.59134310045718,Vegetative,High
Potato,Loamy,22.70494723701176,25.521369615026124,50.83164980160792,106.39379215583669,Fruiting,Medium
Sugarcane,Sandy,28.683816268399,34.227227363759624,50.40510273439968,75.04828137804971,Fruiting,Medium
Tomato,Silty,15.900606771520089,45.33904142714778,20.96088229507427,77.17216266832037,Seedling,Medium
Wheat,Loamy,26.916825886986977,25.840254822977474,26.15168449063119,38.991899206702094,Fruiting,High
Wheat,Sandy,32.13960046299309,34.37744533712258,42.65317319212439,102.44461148950779,Flowering,High
Cotton,Clay,43.59373837523896,88.34523417376333,42.70491299138523,87.77100563360116,Flowering,High
Potato,Clay,30.502081348201934,21.447434917023855,35.40465116957478,54.15905926948268,Vegetative,High
Potato,Clay,39.573219785330636,69.00739431307716,21.883612120798475,32.108017320351955,Vegetative,High
Groundnut,Sandy,31.413829277067016,48.83066981863887,10.349894328078362,62.24777373351073,Vegetative,High
Rice,Silty,16.223550403065545,70.44865545742783,87.61880499424164,101.73666553754586,Seedling,Low
Tomato,Loamy,24.45024825569322,64.15187902725535,85.47993837631415,11.666654456960334,Flowering,Medium
Wheat,Clay,32.2664852349331,36.76240657659832,48.692030334090816,30.748805716791196,Flowering,High
Tomato,Sandy,43.51781897793373,83.54071156800414,89.60414026200046,189.53145339381908,Fruiting,Medium
Wheat,Sandy,40.773910792536995,56.89552869570175,63.89234646257946,108.57107020626779,Flowering,Medium
Tomato,Loamy,21.850668425365427,81.69020141851038,15.508603008603323,12.689860732007574,Fruiting,High
Maize,Clay,21.603294900574905,50.45094021411644,19.417455926610188,138.6175517539146,Seedling,Medium
Sugarcane,Sandy,21.035189013417025,93.85141654364293,83.28886750957102,12.360574015806947,Vegetative,Low
Wheat,Loamy,42.674966889075094,77.78670188759722,60.40417617197028,147.7748454092746,Vegetative,Low
Tomato,Silty,40.57998459305162,92.446265383443,77.4546901325881,149.99254434400538,Fruiting,Medium
Potato,Silty,38.24650296758846,58.57448591823941,81.86157197070754,130.21579514985052,Maturity,Low
Rice,Silty,26.782053426726826,55.52683492180254,45.835360902590885,146.44090892386993,Fruiting,Low
Maize,Clay,30.131421128963005,76.65903569939434,13.882076126135443,17.59315620261155,Seedling,High
Maize,Loamy,28.929952343854584,86.02184472600726,25.06242791178576,145.3561104710535,Flowering,Medium
Rice,Loamy,22.60194322678118,92.31093468991685,15.325755784194808,27.33766394477659,Fruiting,High
Tomato,Sandy,30.150841384463007,44.34139295243748,25.099187655880584,67.90118145436877,Seedling,High
Potato,Sandy,15.914896435582634,79.90284303819791,42.842634116470144,188.54905070012657,Vegetative,Low
Cotton,Sandy,18.954311204923776,35.79841982266525,19.455744841198836,100.57509553182801,Maturity,High
Rice,Loamy,41.597687885068396,60.9180760059084,23.33865982442746,193.48528641660278,Maturity,High
Tomato,Sandy,37.5503930109427,33.48861113068994,45.665742565734334,17.78449177734751,Fruiting,High
Rice,Loamy,27.68605227177261,46.054802131275416,37.21367603107916,95.51131991263601,Flowering,Medium
Rice,Loamy,30.514510868516318,89.85187754048444,47.41264993504328,12.48046405537413,Fruiting,Medium
Wheat,Silty,26.099966578799325,30.95680248298146,44.333762220724964,126.04205247985696,Maturity,Medium
Tomato,Sandy,37.223396014820175,67.43006713513974,61.55824207839068,15.741400273703277,Maturity,Medium
Cotton,Silty,38.52561537696239,64.47157046955525,84.97516391006836,35.07356050807546,Vegetative,Medium
Sugarcane,Clay,37.89855570609477,29.055376453173984,18.6291470755394,51.76606201385609,Flowering,High
Wheat,Clay,36.67835174503349,44.44842828266091,17.940811944735593,149.74877033289664,Flowering,High
Rice,Clay,21.135130160783874,62.22361283864493,78.22448888727216,32.792423763614956,Maturity,Low
Sugarcane,Loamy,25.139099377214364,34.038395674136765,50.51173637219673,169.32641065861355,Maturity,Low
Groundnut,Loamy,29.095363049510247,80.04677423096115,71.31240188547537,26.380787766160175,Fruiting,Low
Sugarcane,Loamy,24.92378974282967,92.91173821510624,27.233752288582515,7.048889814031267,Fruiting,High
Rice,Sandy,37.648206004749866,36.106954997185404,76.30900585340414,79.00908379393357,Vegetative,Medium
Rice,Silty,24.88060572749864,34.018397359293196,83.90772993541567,195.88832839425902,Maturity,Low
Potato,Loamy,19.146962603560116,54.12013038480835,60.83864124371906,22.068445557755446,Fruiting,Medium
Tomato,Silty,26.971213561449122,76.08239578550241,18.470321717904177,20.34368880792581,Vegetative,Medium
Tomato,Silty,44.39743298347141,41.12004576764386,81.6235851325071,150.23330215912478,Flowering,Medium
Wheat,Silty,21.776442388007275,21.49099315229603,73.3990181896057,62.43233879871306,Maturity,Low
Cotton,Sandy,33.36475976829687,60.59154710246705,70.07022212115919,143.4563234451434,Seedling,Low
Wheat,Sandy,27.98919149519119,91.74504258254807,12.938255112473245,40.00211788867267,Maturity,Medium
Maize,Clay,17.1307370294798,49.34576415552092,73.9170020205577,92.01439883963258,Fruiting,Low
Rice,Clay,29.636298179941782,51.51009156373253,21.03608083746856,53.05797554978358,Maturity,Medium
Sugarcane,Silty,36.06492985944938,92.66762878355284,27.79089409575107,90.30564297581738,Seedling,High
Groundnut,Clay,30.396599274834564,72.09557087200463,56.1707867895406,153.81941851706077,Maturity,Low
Rice,Silty,41.163181912397434,73.93789421315938,31.198461833350642,152.40198809553235,Fruiting,High
Rice,Sandy,23.66811049972748,62.20265040283007,62.90785650495358,103.15445753474472,Flowering,Low
Wheat,Sandy,17.587475139118947,93.09569081474312,58.645635815926525,185.6743687442102,Fruiting,Low
Groundnut,Sandy,43.09696834974018,71.66498633191671,18.65196784106101,52.7568204896548,Vegetative,High
Groundnut,Loamy,26.34589048584657,87.1274563703877,62.481166367320505,48.06227022384662,Fruiting,Low
Groundnut,Silty,32.292166543609,72.4534149299916,83.9163927859944,122.76128023508674,Vegetative,Low
Wheat,Sandy,38.76009378390588,75.1336868630297,22.88879241486665,124.25940684335781,Maturity,High
Rice,Silty,24.729409916267418,41.780819160668486,57.764961675430996,9.308007912994798,Vegetative,Medium
Wheat,Clay,36.484936145328334,42.76090235103642,37.34922975493553,121.55554247737952,Maturity,High
Tomato,Clay,19.06256549453484,78.72384871820219,46.76893374188832,74.88723146980287,Vegetative,Low
Tomato,Sandy,23.73881241616516,42.25297168774247,32.96001432631759,149.48850506411182,Fruiting,Medium
Wheat,Silty,19.3413190840956,62.20775531011487,38.33045090781562,161.62113290905458,Seedling,Low
Groundnut,Sandy,39.336916752040736,38.70142331800265,12.312945861324582,110.43076390940732,Maturity,High
Potato,Clay,21.679477056803563,81.2737535606802,88.52413903337765,0.3410063004530173,Vegetative,Low
Rice,Sandy,36.522106662156304,28.287601342076748,59.98399376581986,127.27316203332842,Seedling,Medium
Wheat,Silty,43.29895191736958,82.20849798212484,50.056447239510824,149.77625593318686,Vegetative,Low
Wheat,Clay,30.83316627206631,65.20473503807014,40.69722796002614,49.796653246302846,Vegetative,Medium
Wheat,Loamy,31.20087576782063,34.018215112030795,53.14996470592221,92.92920022815775,Vegetative,Medium
Potato,Clay,28.83100704293436,60.65265391295886,40.408479897264314,193.14532468235765,Fruiting,Medium
Potato,Loamy,24.776704301809282,41.18741276355053,38.79263419949386,59.62311067882069,Vegetative,Medium
Maize,Sandy,29.269650927747513,44.26005010478725,47.11572333776105,44.63065020834816,Seedling,Low
Tomato,Sandy,33.084225968002784,46.364603119766024,32.078642693695265,42.17095809560203,Vegetative,High
Sugarcane,Silty,44.579747165119784,24.748943522924073,24.403991997342835,111.76016687079925,Flowering,High
Groundnut,Loamy,43.132936779546725,93.9471263301063,54.52847185442348,189.9574202616013,Maturity,Low
Cotton,Sandy,40.86458874879365,22.365097109841805,77.42123489202409,121.73802584007095,Fruiting,High
Potato,Loamy,41.673916071145754,69.68726548882088,22.226254218071382,60.66462404753199,Flowering,High
Sugarcane,Sandy,29.035475498761286,47.84207358180729,12.618747248337492,127.71395561349081,Flowering,High
Potato,Clay,34.72332981532394,68.45077182100242,29.74493961232289,124.96845951955748,Seedling,Medium
Groundnut,Sandy,41.852001688086425,46.71861898156878,88.37765147630486,119.38502714593085,Seedling,Medium
Cotton,Silty,26.788522949740592,70.5312984694144,76.30064589946714,31.8852413776604,Fruiting,Low
Maize,Clay,43.85287435036406,74.69266321012705,57.66928428228773,126.91335986899884,Fruiting,Medium
Wheat,Silty,27.47358186207549,71.79144802997337,84.33991321945088,86.03289050289993,Maturity,Low
Maize,Clay,33.03247996179647,28.547148601861423,45.62232934697957,3.718411724606674,Vegetative,High
Potato,Loamy,36.294141398171156,69.26699259910134,88.66244820601392,107.95289742949903,Fruiting,Medium
Maize,Silty,43.51776039227815,40.999066209057304,33.704163609542725,197.85334904368352,Fruiting,High
Sugarcane,Sandy,22.33848822156798,22.160102792700012,29.224459961275127,69.9479181687967,Vegetative,High
Rice,Loamy,37.38392934715927,51.112300391671546,61.04385609176088,193.11184366373163,Maturity,Medium
Potato,Sandy,30.624467584322467,52.51573271028508,40.25231743602883,19.24114833251891,Seedling,High
Potato,Clay,23.056714218619234,55.038060001433486,60.10924335810063,146.49002317346125,Maturity,Low
Sugarcane,Clay,38.29820519389172,72.86181240430372,34.39964146421487,22.865998932567067,Vegetative,High
Tomato,Sandy,31.566668405215395,43.163285685684436,59.43346054703929,54.71431471105483,Seedling,Low
Cotton,Sandy,34.82921461949027,43.6460384827942,32.05970084680291,114.16816706442488,Seedling,Medium
Wheat,Loamy,24.68703205733703,24.541419218094546,14.077765505511195,118.55593879534977,Seedling,High
Sugarcane,Sandy,29.43821855482815,71.5115911994222,82.97087215385467,155.04226344683426,Maturity,Low
Cotton,Silty,33.52062752964201,62.5869568549688,80.65641614987697,123.06228144548786,Vegetative,Low
Groundnut,Silty,27.14732442809532,46.206883452034106,87.66385194181376,118.72294087611215,Maturity,Low
Cotton,Sandy,20.95117619543104,72.88917341880159,67.32217409771238,182.47061739782765,Maturity,Low
Groundnut,Silty,43.849214769459124,60.30183119201579,64.61769421882423,90.43215044183144,Flowering,Medium
Sugarcane,Sandy,30.344026201278524,55.19337094029048,54.72024560598646,45.05315573901101,Fruiting,Medium
Potato,Loamy,37.017611108631016,58.34934077458448,20.075393308201814,32.35771700472605,Maturity,High
Potato,Silty,27.331415806681743,67.72610939502924,25.1388248759416,79.99891936189995,Flowering,Medium
Tomato,Silty,25.653952920771488,69.50019534309496,33.1575750938029,142.55055103873914,Vegetative,Low
Sugarcane,Sandy,27.21492895401375,41.671836435553786,81.21250900587155,8.50869698598018,Flowering,Medium
Groundnut,Silty,27.275899313569493,30.555752254336493,23.83756196824601,25.810677301881224,Maturity,High
Cotton,Clay,31.325403478258607,31.74756358928891,83.82985395903125,21.222692020727884,Vegetative,Medium
Cotton,Loamy,31.304096099440894,67.95431644272512,51.822858644113374,117.05003061029176,Flowering,Low
Groundnut,Loamy,29.91461447648615,85.46549643253445,67.24557083784578,48.57293010625325,Maturity,Low
Maize,Silty,19.043573547523142,50.71222087591639,18.819558934445322,33.2518856602793,Vegetative,High
Tomato,Silty,29.882264355015934,32.714012024709675,31.52268390207287,118.55414394860446,Vegetative,Medium
Rice,Clay,20.073117012619544,76.7451873720391,86.68148865451411,152.26198309047584,Fruiting,Low
Potato,Clay,18.784073588872957,82.43671058145864,31.29199575437851,66.43098329053288,Maturity,Low
Wheat,Silty,42.979371520235034,86.04368323407249,33.72173763129169,115.64092113531923,Fruiting,High
Cotton,Silty,33.148500394431125,65.51235716852999,25.807790787286358,19.62488263989204,Vegetative,High
Wheat,Clay,34.78470174373753,84.55464195410634,20.325893224546363,187.038206091514,Vegetative,Medium
Rice,Sandy,27.053810110000914,21.156121883630576,28.660611316319837,67.37923706295457,Flowering,High
Sugarcane,Clay,42.26942675744593,28.04268513271426,61.38615135606387,199.50113863470025,Fruiting,High
Wheat,Sandy,34.137914687389966,26.943205028907407,46.42941868028508,195.7175511699564,Seedling,Medium
Rice,Loamy,38.07509608570763,73.44535131910497,54.30046690703189,155.7646898671623,Maturity,Low
Potato,Loamy,26.056874070831416,25.218633765768427,19.789186301281944,4.0134190813933435,Fruiting,High
Groundnut,Clay,43.80035642457376,57.227327934973026,74.16931577303201,108.69498407687266,Vegetative,Low
Maize,Sandy,39.613838704749455,55.45301739772168,72.72757604638784,17.3672840880023,Flowering,High
Potato,Clay,40.618453890436314,43.30276426686807,11.727192891414031,179.02760519230324,Maturity,High
Cotton,Clay,20.16582802277263,85.28038774565749,40.6812075608244,157.92725052948057,Maturity,Low
Rice,Sandy,23.128896236136583,32.7824901409997,15.501648157691825,194.4680753191366,Flowering,High
Wheat,Clay,23.568797990507314,46.43470882994299,73.36846235319665,121.67659062995908,Vegetative,Low
Cotton,Loamy,23.127276697406135,78.06286250171968,68.98157465005636,104.4345608968676,Seedling,Low
Maize,Silty,40.662244863128635,22.281673579496317,82.15904754345249,103.79477118887752,Flowering,High
Groundnut,Silty,15.956543856257763,70.47128001847764,28.91231671624917,77.28967489086898,Seedling,Medium
Sugarcane,Clay,17.28299966942323,81.22982947711779,46.50367065022391,93.73801344582819,Fruiting,Low
Cotton,Sandy,23.21744611889711,89.92008791286254,24.75903017315182,127.08251662707006,Maturity,Medium
Sugarcane,Sandy,20.996189239483307,85.72224803686137,39.69879475792956,186.58952151125544,Vegetative,Low
Rice,Loamy,21.95578841648545,43.95380876252639,51.779460125350724,119.17686765120621,Seedling,Low
Maize,Sandy,38.938295677599,63.97731059922144,14.266463187087117,171.42318846347345,Vegetative,High
Wheat,Sandy,31.893797816761406,25.79701198628494,67.18963285419082,172.55598226050012,Fruiting,Medium
Maize,Loamy,15.17311983878904,39.34025026610065,53.46346882968602,103.76653516965185,Seedling,Low
Maize,Clay,27.87968297112586,27.066678406063055,76.31672137685386,69.49392829952433,Vegetative,Low
Tomato,Silty,27.236547805510767,43.63904676154729,31.742440095295777,127.9147746664162,Vegetative,Medium
Maize,Loamy,18.418358083336305,85.63904100940468,82.26568842154036,89.17546838296855,Fruiting,Low
Maize,Clay,35.28425365804371,46.03751297557194,89.89554024243547,16.28817346438658,Flowering,High
Potato,Loamy,36.06291565138473,62.14235772510698,83.54387507021396,75.56182008648673,Fruiting,Medium
Cotton,Clay,36.626796571562934,52.50356360862056,72.23139806665233,198.814427609865,Seedling,Medium
Wheat,Loamy,36.85412836675776,54.418739322405145,74.98950422990247,9.702374005257441,Seedling,High
Potato,Clay,15.001584807968904,92.71790388774187,55.89953940356692,139.33338238018533,Maturity,Low
Potato,Loamy,43.61762411540167,42.21158511978935,25.21230903300884,168.23774101424942,Vegetative,High
Cotton,Clay,39.42626301163989,67.04933521423786,64.16325481181738,129.74518069507576,Seedling,Low
Cotton,Loamy,42.11945089767856,51.504700218458524,67.02024016479453,113.949646232658,Flowering,Medium
Rice,Silty,15.469298859223024,24.585963578576465,88.83081122143246,141.5108833957515,Flowering,Medium
Cotton,Silty,43.01576387357218,56.6998123718177,53.304105300505746,85.86854745993114,Fruiting,Medium
Tomato,Sandy,39.29365586064314,81.00074967838313,31.70952120200451,18.27234746177535,Seedling,High
Tomato,Clay,40.11657428876096,27.406472651126627,64.69380173916053,192.47435086067634,Seedling,Medium
Potato,Loamy,17.798621541659056,25.219388554723174,88.35006557331637,86.46015399683921,Maturity,Low
Sugarcane,Clay,37.163340867557935,31.522364029495,24.17711266152752,133.07784743360352,Maturity,High
Rice,Silty,43.79750068926273,77.33000835419796,36.079833482848215,106.26208737785905,Maturity,Medium
Sugarcane,Clay,35.356420242544814,74.29965381085535,53.35047630181449,10.934614395510911,Seedling,Medium
Sugarcane,Loamy,32.11684213873819,62.376332667958295,23.617170790560387,190.5493201985077,Fruiting,High
Potato,Clay,43.36889033246991,55.116980306947426,11.777651161595069,158.50744522286467,Fruiting,High
Groundnut,Loamy,28.28811365203308,86.62443610269665,36.95864979530005,29.819578893878983,Fruiting,Medium
Potato,Silty,32.978806989314364,77.50233678751118,79.22966412008465,196.32977525765335,Fruiting,Low
Wheat,Silty,29.290148804830984,80.89566884763539,13.477471945897186,147.38027443434157,Flowering,Medium
Wheat,Silty,42.985386640808976,80.99467260129907,44.3143247213534,94.46433008566177,Seedling,Medium
Cotton,Sandy,17.28254180296522,68.20378660591686,70.9760618340866,122.27401131191465,Vegetative,Low
Cotton,Silty,30.033591024760447,54.35109682369594,86.25460775287083,21.347336402919503,Seedling,Medium
Groundnut,Clay,35.60857324156315,84.85083144392378,88.83803192035458,112.0823020031222,Fruiting,Medium
Cotton,Sandy,38.757196152667106,89.4505563202438,43.757550448699334,14.73221440341188,Flowering,High
Wheat,Silty,32.490559423324086,21.785453244375727,86.0307435503294,108.97105142386039,Flowering,Medium
Sugarcane,Clay,42.26753232364362,23.866615494968848,12.8335178624691,110.53913775255708,Seedling,High
Potato,Clay,43.25974340651615,91.9057472681328,69.67335503988451,174.88775703214878,Vegetative,Low
Maize,Clay,16.929576695807505,40.78704603831461,61.419682770689036,145.0115000544588,Fruiting,Low
Tomato,Loamy,27.07111618624123,85.5027079737064,29.961748606892186,49.91047844302401,Flowering,High
Maize,Sandy,15.703770651634633,49.1596339221052,50.585480054371914,177.68522843757137,Fruiting,Low
Maize,Clay,24.882499721233287,28.932504320701668,20.36429902083965,114.64853296960116,Fruiting,High
Wheat,Loamy,31.106046539118065,26.03324001570007,79.72777207612488,121.27589571480675,Fruiting,Medium
Maize,Silty,42.323847915298465,31.738092431034236,38.631846843651836,33.79627384443567,Maturity,High
Potato,Clay,40.39662967396208,38.741989615052354,60.08355763725732,171.5547191938228,Fruiting,High
Groundnut,Loamy,18.824991800159573,56.638876544811964,22.702102902980982,186.1930230033088,Fruiting,Medium
Rice,Clay,17.79091124222687,72.61234254243377,26.493187570496566,154.99812989898163,Vegetative,Medium
Cotton,Sandy,32.67802016270001,93.9798932363975,89.35650966425216,188.15049052900125,Vegetative,Low
Rice,Sandy,30.96353917376348,53.11300574668783,70.24691155530634,60.45998082446917,Maturity,Low
Sugarcane,Silty,22.991329242900715,58.86387067573324,86.95774958192567,172.22383367255424,Maturity,Low
Potato,Clay,41.983592536615056,59.13617760374417,33.66809321696353,97.7786285727485,Fruiting,High
Potato,Loamy,42.82099228384661,60.457576661595205,23.16503012958563,32.783440588716985,Flowering,High
Tomato,Silty,27.07834315020488,58.83054928283467,50.24547707830648,133.76011980668022,Flowering,Low
Potato,Clay,41.70907671340561,20.658106629643836,49.573462578187474,136.82405414117576,Seedling,Medium
Cotton,Silty,26.518466827889178,20.129361658238054,23.99572110063903,57.38490275133803,Flowering,High
Potato,Loamy,37.104504954891006,27.32497385945922,68.65756556651282,5.498666325514012,Flowering,High
Maize,Silty,29.278266526431725,27.616745257188413,38.94220275509873,39.96945181711267,Vegetative,High
Tomato,Silty,18.67749469521549,72.86726817160971,24.90921847444138,79.95550953477735,Seedling,Medium
Cotton,Silty,42.838026037110644,35.368702438699984,36.55867156346307,33.51258221197371,Seedling,High
Groundnut,Clay,28.622897801326097,87.10355785667096,55.09269597080121,38.80598964792084,Vegetative,Low
Groundnut,Loamy,37.03461120967211,89.64547471827646,68.11767457443545,78.27813287645391,Flowering,Medium
Groundnut,Sandy,26.015214432938762,93.1920003421924,48.551270884598765,192.35732286171208,Flowering,Low
Groundnut,Clay,15.566426357287039,90.43109786652651,52.04759918626988,152.84870308152966,Seedling,Low
Maize,Sandy,18.015910760755077,40.391624143889345,21.11567487541987,63.94968024531282,Flowering,High
Potato,Sandy,29.886584384697734,58.23326335276344,83.17527397665857,190.32081378370964,Seedling,Low
Rice,Clay,35.69893071379087,33.15912276477057,84.29793583936356,129.12935845174653,Flowering,High
Cotton,Clay,25.04205979737837,80.46572413793248,64.67412723344029,91.08992892802803,Fruiting,Low
Maize,Loamy,35.864653775329515,86.6323778858072,11.410512714721976,93.66003979102942,Vegetative,High
Groundnut,Loamy,35.95906768295868,83.84666294731362,52.96593727226608,82.14889356707837,Maturity,Low
Sugarcane,Silty,36.11807721983493,52.50252115226262,60.33751776708908,46.598410509187936,Fruiting,High
Potato,Sandy,29.775655620615254,76.90054135150856,89.5723378366488,77.32643844274114,Flowering,Low
Rice,Loamy,42.44658450364512,27.31843771822021,89.68535641558374,105.57927680867851,Maturity,Medium
Sugarcane,Silty,29.67589553941847,23.0183577964438,78.6088988260446,105.6054701460442,Fruiting,Medium
Tomato,Loamy,28.507955804899147,76.49273107315707,15.106479362089082,152.3473804425036,Vegetative,Medium
Sugarcane,Clay,20.981424570318808,51.901645574651276,86.26211126229839,71.75957143147052,Maturity,Low
Tomato,Loamy,24.229652620690096,94.6661948554677,59.012899772159926,143.35960586079048,Maturity,Low
Tomato,Sandy,16.2700347755491,27.29406618916493,74.07094163833436,115.61836775373693,Vegetative,Low
Groundnut,Loamy,34.00605880848511,84.17207611514253,42.57542797486828,192.36908090536687,Fruiting,Medium
Tomato,Sandy,22.456072317812787,55.99872991467438,35.57355769876718,77.05698520679654,Maturity,Low
Wheat,Clay,24.124657634563953,82.03626466279078,47.05953163870464,180.24329285215805,Vegetative,Low
Cotton,Sandy,38.12443564992964,81.28454616276086,21.749961037506154,164.1285094596579,Fruiting,High
Cotton,Loamy,24.816635494843617,88.6994001021558,38.56529110026449,127.53285691789138,Flowering,Medium
Groundnut,Silty,22.265876760394264,42.33875084645771,78.60939998146229,130.90289334842345,Seedling,Low
Wheat,Clay,20.07173247401117,91.23495150965023,13.036038900870519,16.929986921282136,Flowering,High
Sugarcane,Loamy,38.245752065458674,31.37502202682152,22.07024374596836,190.04492111868646,Flowering,High
Maize,Clay,18.891187739700808,26.14765831951179,20.00929277195884,21.387212699148783,Seedling,High
Sugarcane,Clay,28.612612807510608,52.37116380292618,42.246043416018246,112.64666174870142,Flowering,Medium
Potato,Loamy,30.20790348231583,82.1242226481382,89.75895207126894,66.0141600898309,Flowering,Low
Maize,Loamy,35.62169738057143,55.50658479750842,23.868634416910616,85.97039565797036,Vegetative,High
Tomato,Silty,33.99850446998987,82.19650081478855,21.63861196794081,122.03660216736341,Vegetative,Medium
Rice,Clay,39.32162018835524,74.7265104345729,83.20445838209235,181.77027557646431,Fruiting,Medium
Maize,Clay,16.342543017787143,35.707128960420015,80.56404135727726,91.51342471446029,Maturity,Low
Rice,Loamy,23.893221743381915,91.1661218674598,12.579229599724355,197.54591106128822,Fruiting,Medium
Cotton,Sandy,23.40402356326139,24.558587647205258,70.1364768143452,118.56241307029995,Vegetative,Low
Rice,Loamy,19.38050716776325,87.37097806578463,62.43725611811436,32.110788528434895,Vegetative,Low
Cotton,Clay,23.675347615693294,42.83325867427805,71.41926478821672,38.00185896625046,Seedling,Low
Wheat,Loamy,24.292959424287105,57.51110623732995,49.56019638367377,143.22220711785022,Seedling,Low
Wheat,Silty,30.65653385782435,51.67639045255508,89.31033747586365,10.079558848676351,Vegetative,Medium
Groundnut,Sandy,34.91113436778768,32.887591768768715,13.507761496877055,96.06831524444537,Flowering,High
Groundnut,Loamy,26.43301540835442,46.86101498012698,28.74972691230446,29.64382196070332,Fruiting,High
Tomato,Silty,36.58410693940144,34.47008272195964,41.723678957889206,86.643727035569,Vegetative,High
Maize,Clay,25.0849601573874,35.29148565953929,45.982235325256255,149.9834844143439,Vegetative,Low
Tomato,Loamy,23.70851031944281,34.029262701978524,83.70939221596149,91.76258564828683,Seedling,Low
Cotton,Clay,31.23564167571073,56.67630352599457,54.800349126180706,32.69022179618539,Fruiting,Medium
Tomato,Silty,15.711490809173718,79.84485256334867,13.60887964163151,50.38507407132848,Fruiting,Medium
Rice,Clay,17.39367370902001,62.67275253209308,42.629037074052945,73.50791773043647,Maturity,Low
Cotton,Silty,27.53908630759581,86.99049414131314,43.319232989525595,13.912236697282943,Vegetative,Medium
Groundnut,Silty,43.28738134175269,67.74083664325431,87.23927507502279,116.86752721622437,Maturity,Low
Wheat,Silty,36.645353395302706,71.70050867244532,57.935767281688655,121.50675825561004,Seedling,Low
Groundnut,Loamy,17.643797085016732,70.07054222952524,60.85208569271511,12.43038542651349,Maturity,Low
Maize,Clay,40.38954038342621,53.70943948878059,67.06024250010167,80.4622642348324,Flowering,Medium
Cotton,Clay,36.96902311824543,71.70041166500621,71.60314525456985,82.80013657694498,Vegetative,Low
Cotton,Sandy,33.3283957710796,25.228080985172088,60.80408561619913,66.76391371052024,Vegetative,Medium
Rice,Sandy,39.60878881827532,84.48886039367474,28.975548090714838,111.54794806622238,Fruiting,High
Maize,Sandy,27.123295432288714,78.3359107582938,79.92367314729313,69.19149801202235,Maturity,Low
Wheat,Sandy,21.645031525615583,38.39224686737591,68.56958403285041,83.28185589556121,Fruiting,Medium
Sugarcane,Clay,30.36070167326278,77.60243406905619,69.34963880775646,159.5047094883211,Maturity,Low
Cotton,Silty,31.465252667804215,20.948195105001385,89.72453913877993,32.42187108604029,Maturity,Medium
Cotton,Silty,31.14979116029736,36.29349293606603,74.20212278906527,123.82293906068418,Seedling,Medium
Rice,Loamy,31.95221374440316,24.885292900317197,76.33211225241226,101.11888033816912,Maturity,Medium
Tomato,Silty,43.46114754717543,78.5170187463421,86.11244125681267,61.014327495869814,Fruiting,Medium
Potato,Clay,42.067368692886944,76.69056133837904,22.09071998791151,145.50693129808215,Maturity,High
Wheat,Clay,41.27151109676818,81.0227017851373,49.818190118245425,110.2376719082296,Maturity,Low
Groundnut,Clay,39.04250432725881,20.336126999414663,56.445361887263005,95.47230539213906,Vegetative,Medium
Maize,Loamy,43.30284321795856,57.5924545008806,36.34205833779661,133.53386295424002,Vegetative,Medium
Cotton,Sandy,17.954839250382097,72.86271481380024,77.15226751156044,160.45806159627216,Vegetative,Low
Cotton,Silty,22.953697843372183,31.65508465542616,70.99356973165787,194.53375800671523,Flowering,Medium
Groundnut,Clay,29.851678369637547,68.73430456344684,67.67064596064992,125.8700736752747,Vegetative,Low
Wheat,Clay,40.39603479370216,26.308257448226428,89.77195518065335,174.8879970800766,Flowering,High
Potato,Sandy,30.154971345681975,33.59943920782349,30.75050987267124,0.21830820459138867,Flowering,High
Tomato,Clay,37.44104218024766,55.68476112459508,68.83658013403371,106.04713854517824,Fruiting,Medium
Cotton,Silty,19.168797157467488,69.01738645108264,54.11235799247205,42.92950975403962,Vegetative,Low
Potato,Loamy,22.572414389296807,30.940184521542207,35.039134599510085,18.838491416627434,Maturity,High
Wheat,Clay,36.95328285113017,33.89174981232034,22.846949657850068,106.39420341287843,Seedling,High
Groundnut,Silty,19.942020266631722,35.33347752992472,81.67070696540377,149.3653012298188,Maturity,Low
Rice,Clay,25.5406780396478,37.902560352423386,57.63643861662763,82.45450449487595,Vegetative,Low
Tomato,Sandy,22.945987734407144,36.99153863947184,75.99470701126357,134.021489868887,Maturity,Low
Maize,Clay,25.495850826674356,49.63618313732276,53.627598720123586,97.94385076818999,Vegetative,Low
Cotton,Clay,36.24972147233911,69.03422381275422,27.598166452321564,87.4171731918852,Vegetative,High
Wheat,Loamy,26.03541543428403,52.852383735085226,37.00390504802602,58.051328087172124,Maturity,Medium
Rice,Sandy,31.657899678238206,78.19804315624161,40.52310739788372,76.5187029002009,Flowering,Medium
Maize,Sandy,17.99795631163229,73.9451379461461,87.83478500029618,69.95912615888558,Fruiting,Low
Sugarcane,Loamy,39.15053079703883,29.489518553680675,10.4506622705106,129.2374368029763,Fruiting,High
Wheat,Clay,26.096658769443746,23.663121749055794,88.85328184196057,23.203702255827906,Fruiting,Medium
Wheat,Silty,34.45602477100027,85.84561729997046,88.43693080878646,18.527273737561202,Fruiting,Medium
Maize,Sandy,36.76168804985498,25.987329992215507,89.69206324241092,132.00259884169208,Seedling,Medium
Rice,Sandy,21.289827663351012,31.125438553978483,48.127054313570774,109.25961397577615,Vegetative,Low
Sugarcane,Clay,41.5402495486005,21.659995666858855,87.10471756967996,86.04001934853152,Seedling,Medium
Potato,Clay,33.48672754820859,67.12522739739903,41.64793454798619,30.48857688158071,Fruiting,High
Potato,Sandy,27.861754252544443,63.677792236876144,12.103555253470937,82.2054223738623,Fruiting,Medium
Groundnut,Clay,20.470055507346586,94.01777498264417,27.947774909741163,157.94635266400232,Maturity,Medium
Rice,Silty,43.2690281370362,86.5199297237879,85.62369959499077,177.9242471578514,Fruiting,Medium
Tomato,Sandy,37.65204612394875,50.81323831106823,11.101175466831998,140.51531399284403,Vegetative,High
Cotton,Silty,21.240736881997467,47.86893806844012,53.679530833838,11.982435176176164,Fruiting,Medium
Maize,Silty,25.131323241726733,42.26390257099888,16.048127111574324,134.0819553202237,Fruiting,High
Groundnut,Clay,39.2902277426422,31.430519002841102,32.91172627420628,48.197117909258914,Seedling,High
Sugarcane,Silty,35.87032989646017,30.35627424515068,17.047428056950935,63.05024860528101,Vegetative,High
Maize,Clay,37.97352878147173,29.921278100720407,78.76228968904451,39.1746415919969,Flowering,High
Maize,Loamy,28.23603306638797,28.55860678900839,57.28565677181646,155.15115812404093,Maturity,Low
Rice,Clay,36.494287879265,38.03840318041527,82.16851725746503,129.7204245274558,Flowering,High
Cotton,Silty,26.594811685917414,43.000147273483734,65.06825596321826,122.36701091983618,Seedling,Low
Tomato,Loamy,21.337887508145894,92.11842282791869,87.68233049960797,133.59452193385522,Fruiting,Low
Potato,Clay,33.980311045240796,63.38549382514143,50.79021238083253,47.35445228078068,Maturity,Low
Wheat,Silty,44.280417767963826,94.06968308849608,61.09684654102996,88.92888286507232,Vegetative,Low
Wheat,Sandy,24.31802914185989,47.935021086925495,56.10470559112453,126.65074430979783,Maturity,Low
Maize,Sandy,28.82908776637619,54.32199744420808,48.74083435572902,127.31880552366009,Seedling,Low
Potato,Clay,35.22004113209561,44.34339943739594,77.67674923384101,158.3703725510261,Fruiting,Medium
Potato,Clay,31.245188463674637,33.71657381724145,61.56201085362881,57.420793337622115,Seedling,Medium
Cotton,Sandy,40.302833871271474,30.73735308331844,74.10498118843782,154.0672243393645,Vegetative,Medium
Sugarcane,Silty,37.85228119408548,90.8809398355874,72.90911492819305,88.03689612338714,Flowering,Medium
Sugarcane,Silty,16.74891611587071,94.01080113490669,25.283612852423623,134.03453841178697,Fruiting,Medium
Groundnut,Silty,44.95263701771322,23.368212238154868,62.0130826014115,91.14387601305735,Fruiting,High
Rice,Clay,37.57207361158402,31.27594060488249,25.97184153450673,189.72203395818866,Seedling,High
Cotton,Loamy,40.917099488823396,51.764306922576694,56.66563825950167,35.86045294832889,Seedling,Medium
Cotton,Loamy,34.535931362860396,33.97501072583055,64.19477475570403,135.0010177164714,Seedling,Medium
Rice,Loamy,40.688553841402864,47.291029522016245,89.77880572700695,115.30700015363178,Fruiting,Medium
Potato,Loamy,18.371489247861284,29.682226239472502,12.443358251979069,34.54620818954892,Seedling,High
Sugarcane,Loamy,25.432135066779466,54.23838175413427,17.299391529097676,13.201267162333586,Maturity,High
Sugarcane,Clay,41.29262830813478,40.37709621269445,16.162135709698518,159.82887779433273,Maturity,High
Potato,Clay,21.049656338006766,46.39287918189956,41.868902901339204,31.490266729253037,Maturity,Medium
Sugarcane,Loamy,17.34726295740068,27.07344885970607,75.7270689188651,37.301336557155196,Fruiting,Medium
Maize,Clay,38.64356819835657,52.109603803260626,77.52450662297085,195.68684479780788,Seedling,Medium
Cotton,Clay,40.06458466929888,93.74432082211774,68.95836765769214,143.45217029532614,Vegetative,Low
Wheat,Loamy,19.879566545697017,44.66247851608927,81.75025934639581,50.0973683202445,Seedling,Low
Rice,Silty,40.63037948348146,85.73219561318263,35.8287955335562,118.18979203032025,Fruiting,High
Sugarcane,Clay,35.60303386791509,83.23993562177638,17.05237154018393,106.82236768050267,Maturity,High
Groundnut,Silty,30.602480496497517,91.4043813722908,14.65224223918801,168.8946535027695,Fruiting,High
Sugarcane,Clay,39.90750578344155,79.25821342003209,78.1706175695509,145.86414956652487,Seedling,Low
Sugarcane,Clay,27.577477479568973,69.46976202941113,68.4349035482953,166.34422509863717,Fruiting,Low
Tomato,Loamy,20.819818686701915,84.24383331705933,65.88922448088967,42.30131759547249,Vegetative,Low
Maize,Clay,23.54558029831841,25.673351049301225,37.1741070836535,128.04384087340105,Fruiting,High
Rice,Sandy,30.154920548799446,54.71229928991058,40.3924150894581,8.048171683676063,Flowering,High
Tomato,Sandy,30.939923780195272,94.19421789612942,86.64908231194553,13.788122455844022,Fruiting,Medium
Tomato,Loamy,39.16742479323701,77.72001134710493,15.104379527834801,142.70540654091945,Seedling,High
Groundnut,Silty,38.74058170957004,92.15565335279173,71.89853895502341,4.88402052878627,Flowering,High
Cotton,Silty,32.44099671613725,78.47257671001094,34.77066589667145,115.95300178010184,Maturity,Medium
Groundnut,Silty,38.42356450096429,85.61614755816082,13.124369473004487,168.081019688906,Seedling,High
Cotton,Sandy,20.75320374881013,72.98972242273933,69.40560885939648,75.98836168360572,Vegetative,Low
Cotton,Silty,16.50193581279883,77.03765033129298,36.47295085426997,8.968087367982559,Fruiting,High
Rice,Silty,41.209014679041005,59.23835073796255,67.77180149942373,142.76948992574538,Fruiting,Medium
Sugarcane,Loamy,17.266634812883087,89.31782756105997,66.61235064944961,185.93729049283016,Seedling,Low
Rice,Silty,22.40065289231992,81.87791829675211,52.782950034649204,143.43427841165357,Fruiting,Low
Maize,Sandy,35.85956848873154,83.29137242492241,72.1898503368439,115.68944860055505,Fruiting,Medium
Cotton,Sandy,27.283438128819274,70.47568257222892,56.48306593369948,46.00576597581201,Maturity,Low
Tomato,Sandy,41.28941909746526,42.84349603154368,32.93094822786085,3.0751248088993988,Fruiting,High
Sugarcane,Loamy,23.939393839868085,22.67223465426045,68.72922408515352,138.93442169581064,Fruiting,Medium
Wheat,Loamy,15.356140400080779,90.17413470571584,57.131185270217884,46.20523516885859,Maturity,Low
Maize,Clay,24.019669216822322,63.959026160412265,11.018182535193644,171.6325354364715,Fruiting,Medium
Rice,Silty,32.34225147554495,42.36072283611052,82.13153422162475,93.27282376652227,Maturity,Low
Groundnut,Loamy,26.278151262098802,31.185133088565337,53.651489465945076,106.12711647449125,Vegetative,Low
Maize,Sandy,31.046182672762658,82.2142374125566,79.49018123836254,150.78730885327334,Fruiting,Low
Maize,Sandy,41.29794356505056,82.7390145835684,80.61894711857957,155.88612156066864,Seedling,Low
Sugarcane,Loamy,42.37455162691106,81.08809760978986,45.59733253880708,128.53016661611363,Flowering,Medium
Maize,Loamy,22.979221939623365,68.38120189750896,50.61279971609848,187.6863630825486,Vegetative,Low
Maize,Loamy,28.864214198097024,47.4511540693907,43.260351014048155,196.45968726408387,Fruiting,Medium
Wheat,Clay,31.474320457243536,42.80527135851928,45.95494202464364,189.37708887492337,Seedling,Low
Potato,Sandy,43.47337370664741,20.641607758862765,81.61177271773822,164.8358370687887,Flowering,High
Groundnut,Clay,44.95851957493154,82.52056690161803,73.05152111743288,141.1250440488503,Maturity,Low
Groundnut,Clay,22.0622174652458,26.557452312023184,20.12205410524624,132.6651715763335,Fruiting,High
Groundnut,Silty,36.80939614037446,67.30662485305757,58.82462252320767,20.75003538410678,Maturity,Medium
Cotton,Sandy,26.340931866995852,57.80562101300663,89.67253123090738,54.296869363822495,Vegetative,Low
Tomato,Sandy,15.243245906586397,59.50170191947634,57.64405609859886,1.137644705875407,Flowering,Medium
Potato,Loamy,15.27757567307707,89.503463398083,72.86973004744844,27.481974046798374,Flowering,Low
Groundnut,Loamy,28.81698022686767,22.37112584534316,71.52491787049368,87.84589543383767,Maturity,Low
Maize,Silty,29.65004739013004,78.00441684715793,38.02540206978628,29.30731015781467,Maturity,Medium
Maize,Clay,15.67709089720328,23.903929877548034,39.74794421631671,180.33268293535158,Vegetative,Medium
Groundnut,Loamy,35.60782250322907,22.86152044515329,67.92611374323226,161.1398370670564,Seedling,Medium
Sugarcane,Loamy,23.820101657848593,52.236327360603646,49.99868252838681,14.322382417903645,Fruiting,Medium
Groundnut,Sandy,31.79679304607848,24.730638075722503,55.64565673043104,49.782743093453206,Seedling,Medium
Maize,Sandy,24.027572194962563,79.1857963469684,67.03246322918702,163.81437692230176,Flowering,Low
Cotton,Loamy,20.014029446079213,59.71723202362529,72.20600216312403,160.6092253119747,Fruiting,Low
Rice,Sandy,27.215212157966256,22.177908699483083,31.721326218645707,189.09011002355777,Vegetative,Medium
Rice,Silty,21.968200943715022,23.037551486143965,21.743500754957033,199.50955232347206,Seedling,High
Potato,Loamy,31.04402930757504,65.95013973046096,33.34357173789802,195.25401264822437,Seedling,Medium
Potato,Sandy,20.964855908594398,80.45838632438037,50.60306600736604,82.0275971442883,Fruiting,Low
Groundnut,Silty,30.252179299338813,52.83496484560801,37.37130538376313,50.065688760406445,Vegetative,Medium
Wheat,Sandy,19.721355446066028,61.59355036517183,55.4690207078075,151.6820380854125,Vegetative,Low
Groundnut,Sandy,35.12924128457355,79.98720905374262,14.277257930050276,59.85457854880616,Seedling,High
Sugarcane,Sandy,37.61813053324272,65.78796305313644,50.78003292910138,161.28007202626594,Seedling,Low
Groundnut,Loamy,18.311827027498012,36.85701782441146,39.43879255501663,106.79094607958488,Maturity,Medium
Potato,Clay,29.034072361120174,65.9789019402109,52.773340391430594,158.78545504699076,Fruiting,Low
Rice,Sandy,17.12615101964621,67.12095942989102,43.802668390798146,55.175975943402086,Vegetative,Low
Maize,Silty,32.945473366260074,75.0580235660845,32.738068051003395,101.60546311076418,Flowering,Medium
Groundnut,Loamy,22.93212893788936,66.56556406676009,82.32863243661086,112.80475872043641,Fruiting,Low
Maize,Loamy,30.828733705161234,92.69315978435284,24.781199073708553,188.62161354402642,Maturity,Medium
Maize,Silty,30.523830281528735,34.79662315378013,64.50924604644477,53.31951536608346,Fruiting,Medium
Wheat,Sandy,42.73063038581401,91.33180096753073,83.97157700659312,187.33764785697892,Seedling,Low
Maize,Clay,31.472496677061688,60.37546177625122,53.093596774834644,160.97178309314316,Fruiting,Low
Rice,Sandy,32.48995439154947,70.3967105371184,80.11267908635857,146.17881081733907,Fruiting,Low
Cotton,Silty,27.04959377293141,27.45961980891424,19.98811827466275,157.37405383702503,Fruiting,High
Cotton,Loamy,43.472388095484504,48.54319560335803,49.50310162051265,121.0850091760114,Flowering,Medium
Tomato,Clay,38.31557728318829,77.70343598473795,46.562022438475154,48.81600209249717,Maturity,Medium
Sugarcane,Loamy,23.562158709085246,73.01832613242428,10.649504562959589,37.898993767970545,Fruiting,High
Groundnut,Silty,40.32628757328696,23.010454112405764,45.46058730874676,173.26828717007808,Fruiting,High
Sugarcane,Sandy,27.9718908055527,60.994569762293345,39.522380510607825,145.02788051916664,Flowering,Medium
Rice,Clay,39.86001430600782,26.620864472630707,63.58389822196923,42.64085655218981,Vegetative,High
Maize,Loamy,39.68664204880506,94.68923218836217,85.06638228612148,123.0186731748803,Fruiting,Medium
Cotton,Loamy,20.66610560288563,87.2972441399971,16.86328706096292,89.50929628284476,Fruiting,Medium
Sugarcane,Loamy,36.03423394150731,21.581049532140273,36.198110937169844,31.731033992618784,Vegetative,High
Rice,Sandy,23.71928907919593,84.39871841769731,45.52517899154015,106.37142187143287,Fruiting,Low
Cotton,Clay,23.924780099780044,88.95722004188057,46.41483024275067,56.30381849328345,Fruiting,Low
Maize,Sandy,23.89044230641742,46.51611669225913,71.9847776673803,19.248824831514312,Fruiting,Medium
Sugarcane,Sandy,36.76704742679844,73.96262412858243,45.47165326667526,93.39165970908216,Maturity,Low
Cotton,Sandy,21.89478125377608,53.15778096558342,12.172904116292269,118.02171041871236,Seedling,Medium
Groundnut,Silty,15.027175057382706,69.1424363432258,66.8083275674265,9.381282076230102,Maturity,Low
Potato,Silty,36.457105604479,45.52380532236436,80.78637561165374,80.41854988219936,Vegetative,Medium
Groundnut,Silty,20.13554231505376,44.191942747495126,51.112377003973826,51.53238396733706,Maturity,Low
Tomato,Clay,18.13447185923504,51.83254166431843,56.48868173588043,6.130118141446483,Maturity,Medium
Tomato,Sandy,22.125483617821804,30.917581898937584,23.03491511752369,25.13250992230116,Flowering,High
Cotton,Sandy,26.397015669681117,82.33542233265369,27.651675574316563,27.80683176367551,Vegetative,Medium
Potato,Silty,29.27718982419602,46.15234215212275,28.81361912996894,36.57484962359423,Vegetative,High
Rice,Sandy,16.337101221378923,50.011216542938385,44.45935799050362,160.67551428758424,Vegetative,Medium
Groundnut,Sandy,44.117199978820814,87.05409595266084,84.25161767165137,87.89837329562783,Maturity,Low
Rice,Loamy,36.48189160258674,57.24678605473785,51.742781337190884,29.417198454077376,Vegetative,Medium
Potato,Sandy,24.695821959730083,60.81904320131472,25.367811616108213,20.05939338557785,Flowering,High
Rice,Loamy,24.560917718561917,91.73735935828239,31.28701886951597,59.588091745807816,Fruiting,Medium
Potato,Sandy,28.45627648105378,86.50447873587419,40.72120237817474,159.60310374089048,Maturity,Low
Cotton,Clay,33.78734468289099,32.710003166632966,59.86071805542395,72.8919695879287,Fruiting,Medium
Rice,Silty,19.391191997669033,55.491127243857875,45.20265224032043,31.979472058787618,Fruiting,Low
Groundnut,Loamy,20.66789441294857,92.84721705714091,41.395587534154,80.82323630923199,Maturity,Low
Maize,Silty,40.78303748500653,47.9274723671452,55.17828803191958,111.0623114574115,Maturity,Medium
Tomato,Loamy,22.687647716672178,47.867983138715005,29.346799596357236,5.91683672760277,Vegetative,High
Maize,Loamy,26.405849939255326,34.627267384186574,16.312261806766575,125.52836028803462,Flowering,High
Rice,Loamy,41.13815552850351,28.57423355893439,11.95314518577777,79.02015060295786,Maturity,High
Maize,Clay,34.89443488199468,75.52285930669863,30.100733077370165,1.9451750262388767,Fruiting,High
Groundnut,Sandy,25.251356380250648,77.75228515261374,17.327362731557496,134.77787978927617,Maturity,Medium
Groundnut,Loamy,35.510986371738625,92.675972262725,36.90725108166134,142.47752711252963,Flowering,High
Rice,Clay,15.590496461442411,78.00636581790224,71.83468322878045,125.76795771173657,Seedling,Low
Cotton,Loamy,37.06927980034096,38.251437052519904,67.30354643894707,68.38604351968445,Fruiting,High
Maize,Sandy,29.610481215487184,23.00874337163866,58.87420982304231,105.92097081319223,Seedling,Low
Cotton,Loamy,39.395464418533834,93.90780382772452,78.2000195103583,77.43154122668707,Seedling,Low
Cotton,Clay,43.63912956019405,45.53380216577043,32.56540996354214,140.1243460319389,Flowering,High
Potato,Sandy,42.77365648483705,43.39786568243156,80.80430024239726,116.71603724673774,Maturity,Medium
Wheat,Clay,42.277951303660224,87.94664073120369,41.939133573534335,16.35982276548995,Seedling,High
Rice,Sandy,30.365098678016615,63.882492390873956,42.07146546133012,128.6187116437995,Vegetative,Medium
Tomato,Sandy,25.80426342416814,36.115338038685096,42.42812909004172,137.4476828675603,Maturity,Medium
Groundnut,Silty,28.951059741920183,86.68221820371797,17.847549299278516,74.14043612293987,Fruiting,Medium
Groundnut,Silty,35.69688009940082,94.50206412910575,88.03923986648445,175.15715619194089,Maturity,Low
Rice,Silty,41.5199333061356,26.500892086312305,21.080542226012735,168.60287096899253,Flowering,High
Potato,Sandy,21.209589090003586,84.66887212268654,37.27085795753476,35.03330477994757,Flowering,Medium
Sugarcane,Loamy,42.54579475385109,49.28867732632955,35.544025626140574,180.8532616971737,Fruiting,High
Sugarcane,Clay,39.45540695909668,59.305433488002826,15.97435462533677,88.1744742990155,Fruiting,High
Sugarcane,Clay,44.36568045534704,88.61119818237356,22.180810408950133,144.74993052685866,Fruiting,High
Potato,Clay,41.407553198450614,93.00343968313379,13.588666894830865,162.8194013934472,Flowering,High
Tomato,Silty,23.3981198907572,39.66229328065995,33.39235948484108,101.02248421393799,Maturity,Medium
Groundnut,Sandy,18.178677340321432,35.963807821993534,79.33255392231251,79.82038787416315,Seedling,Low
Rice,Silty,18.367232159747658,26.03874189436339,37.15537645899076,183.09027372301966,Seedling,Medium
Potato,Loamy,23.73669955734828,62.13483894966035,19.895346565390337,46.17071058708464,Vegetative,Medium
Groundnut,Sandy,33.425511719536175,21.020329658800122,61.65550947071344,51.3940155438289,Flowering,Medium
Cotton,Clay,39.129609782915175,50.89237232074524,89.72807296439284,72.32406280268742,Fruiting,Medium
Maize,Silty,41.97750920944694,25.503801248900643,28.585903162554203,171.89315559411313,Maturity,High
Maize,Silty,33.712601531076984,50.39193371970005,32.36568042964556,187.7576528426152,Flowering,High
Potato,Loamy,15.168939382441613,22.994914194920696,87.74776434246309,44.01354295097237,Vegetative,Medium
Groundnut,Loamy,20.589503295556007,82.64129454565767,24.30210300403897,172.77402952624908,Seedling,Medium
Wheat,Silty,17.991786115601037,35.73042454539244,50.89712539673311,51.64059189371386,Maturity,Low
Tomato,Loamy,25.8997342670703,44.6231532768434,29.172170641287593,194.1282493499776,Seedling,Medium
Sugarcane,Clay,30.040529809012376,85.25359974547939,84.58815183209951,119.48157839631645,Maturity,Low
Tomato,Loamy,16.301915357356826,75.96995459991538,88.52168116610352,1.4172934894764788,Fruiting,Medium
Tomato,Loamy,25.45433927386966,36.42787712315439,75.17582768960123,6.825980814235577,Maturity,Medium
Potato,Silty,20.375390238759678,25.392456399312202,35.18270526502484,29.496906160941695,Fruiting,High
Cotton,Silty,34.41210498776621,73.67553326415046,42.2789980224404,37.514631563751344,Flowering,High
Tomato,Sandy,28.9281710797302,49.3026913016082,29.384454693313707,153.52382456531933,Seedling,Medium
Maize,Sandy,29.859529408017263,77.4559999338666,81.26063736071931,44.553175283389976,Maturity,Low
Cotton,Silty,27.83075364100383,53.397107928140784,83.16466221505264,193.82832400997196,Maturity,Low
Rice,Loamy,43.68059131459701,45.950180972920734,43.50965297968378,127.22241144058766,Vegetative,High
Tomato,Loamy,21.442053753646896,53.84040561592974,62.52264559224015,138.50350185070354,Seedling,Low
Tomato,Sandy,30.499927795316232,76.14192392530074,23.24425438197551,43.563303857041504,Flowering,High
Rice,Sandy,37.08052105096008,87.66652149052805,44.79487202907272,178.54126281901694,Fruiting,High
Tomato,Sandy,31.705332394036876,23.732539744143164,60.519928533879806,133.56291456398628,Flowering,Medium
Rice,Clay,42.87062657150403,59.30836559202164,40.832249481441565,172.88112486837278,Vegetative,Medium
Cotton,Clay,26.339050669238524,22.46265718129082,38.6079620549168,191.2962194462454,Flowering,High
Maize,Sandy,28.91027417319534,55.130715876826905,10.079919381355413,25.128195421919287,Fruiting,High
Rice,Loamy,17.655669456441853,86.39621218226753,74.34347710216913,19.317446053789133,Seedling,Low
Wheat,Sandy,33.26997333155785,47.119269981523225,81.14700896171585,160.68156531792715,Vegetative,Low
Potato,Clay,23.64635905344318,89.93378158104824,87.55708236366657,173.22521181883405,Maturity,Low
Potato,Loamy,19.809271185467065,67.2956353737957,67.54171080553724,116.75228417559713,Maturity,Low
Rice,Clay,31.33593878713524,90.06165078447548,53.90338498959076,73.20010955010412,Seedling,Low
Potato,Loamy,30.96930790139732,76.78749690593898,31.54276158469675,130.52592721504476,Flowering,Medium
Tomato,Clay,17.276149236721427,27.75763749865717,89.94395807707987,61.132814518491465,Maturity,Low
Sugarcane,Loamy,35.94646360483418,37.33635256720078,57.18022836256844,47.67713843069363,Vegetative,High
Sugarcane,Loamy,33.71316571952559,49.562784093762964,64.4923257864357,97.6290419054531,Fruiting,Medium
Potato,Loamy,20.670518482394918,32.7580161509057,64.59249295642542,43.23076552127594,Flowering,Medium
Cotton,Loamy,29.083045864621315,57.118370358249535,77.62014366057451,96.74072166303458,Fruiting,Low
Groundnut,Silty,36.6096874943568,55.3526116776118,10.773803107753537,191.32130109271438,Flowering,High
Cotton,Clay,30.883072216238297,91.7194398520536,27.619755234509746,167.9568071234781,Vegetative,Medium
Groundnut,Clay,26.864672285507105,52.52959121719833,63.242720013601115,188.32618390000445,Fruiting,Low
Sugarcane,Silty,24.670153742428308,78.92201032159983,81.61165894596542,161.2657949694717,Vegetative,Low
Sugarcane,Loamy,33.31181599932161,90.64329086386098,64.8271025537085,70.95018718925535,Fruiting,Low
Rice,Loamy,43.17326094930722,85.77416232304891,43.079303319494414,162.40904771031182,Flowering,High
Maize,Clay,35.1523452143245,35.650071838369385,38.924439669620924,184.5831487106428,Vegetative,High
Wheat,Silty,17.242377109089464,57.20224206901582,69.03584066266563,189.40715756741088,Flowering,Low
Cotton,Loamy,28.820549204464015,46.08048367219443,69.29901577097547,136.63957013699942,Flowering,Low
Tomato,Loamy,41.72472394531883,49.98940213529116,58.56463940045523,42.27332876302263,Fruiting,High
Groundnut,Loamy,17.833872774032606,47.06051196843134,33.31736192778696,7.94583067293817,Fruiting,High
Potato,Sandy,44.6662713641263,81.97694076312531,84.01238547124349,29.440045632031154,Vegetative,Medium
Tomato,Silty,43.472081809362635,53.91042913418356,54.15039536949113,193.10938357878908,Maturity,Medium
Maize,Loamy,17.348234421896276,59.277074918351616,73.23938849986645,92.41936483855389,Seedling,Low
Groundnut,Sandy,43.002399613486645,93.6835517785306,27.144660972946532,170.9972029664115,Fruiting,High
Cotton,Silty,25.89397770778387,24.498445414363733,37.52326308917823,93.00883071165822,Flowering,High
Rice,Loamy,40.34127501227587,56.59682298430616,79.9663613109874,132.16351669196789,Seedling,Low
Tomato,Clay,27.551500131398146,78.05462802095872,14.008562395197472,4.828155424466729,Vegetative,High
Maize,Sandy,28.225653381075475,31.33714686411699,50.98522490053297,49.972988543873356,Seedling,Medium
Cotton,Sandy,34.02729272932628,65.86486959610804,48.53643838752072,87.25385600851784,Seedling,Low
Sugarcane,Loamy,38.2343225782795,37.959858465085006,70.09841511264656,126.12620943083263,Maturity,Medium
Sugarcane,Loamy,16.01367452844746,85.05530849184257,32.551501647946594,34.3042376106357,Maturity,Medium
Cotton,Sandy,32.79467986581403,44.53247490500595,27.525345748767958,152.910292854098,Seedling,High
Cotton,Clay,20.60198982292113,44.679711267568216,84.0906271018587,72.88094122724746,Maturity,Low
Cotton,Clay,25.37848553589609,64.86454088884201,55.73677215667718,163.4870538467769,Maturity,Low
Groundnut,Silty,25.439059984656495,33.767218108993156,18.375165462692358,19.59381807901346,Seedling,High
Cotton,Loamy,29.07181020663461,41.36664791772958,25.442892977145686,135.9513175364744,Fruiting,High
Tomato,Clay,25.024092356285202,51.247388758955864,89.90608476113987,58.66566664130204,Maturity,Low
Maize,Silty,18.220833553520034,46.52283973550828,25.64871970017539,159.07663482452358,Seedling,Medium
Groundnut,Clay,19.368862155763544,59.36579135041868,58.838040908294296,80.43408540848212,Fruiting,Low
Cotton,Loamy,16.00313956683293,64.97301080517246,43.61024631964945,133.0699264527133,Maturity,Low
Wheat,Silty,29.10747255986263,62.500059031262346,80.84792758798683,186.8610537272947,Seedling,Low
Potato,Silty,43.63343084558966,69.06262339939492,70.41348738362622,4.125326402752871,Maturity,Medium
Wheat,Silty,18.470256709443497,43.08121374558652,57.75611170094527,2.2233564668747263,Fruiting,Medium
Maize,Clay,43.38793479009246,29.481967036627104,10.8591185438386,154.05585043534268,Seedling,High
Sugarcane,Loamy,37.00084544196281,77.06056560733077,80.38361659947677,129.27861030161563,Fruiting,Medium
Rice,Silty,34.124964088024896,83.80852869730114,45.573397667097304,58.595944100886534,Flowering,Low
Rice,Sandy,34.35833265970689,39.27546741668242,84.52621224148612,98.87934055485248,Vegetative,Medium
Potato,Loamy,39.801829451888466,50.53189671185148,49.6431210283361,8.387133119773749,Flowering,High
Sugarcane,Sandy,18.207595931394643,57.392691272266646,65.53795913461803,38.48912107224815,Maturity,Low
Groundnut,Sandy,30.142629706966254,59.99951320647023,15.543411957331372,84.8992749054335,Fruiting,High
Groundnut,Silty,35.91273414782276,69.46176283157388,69.61213228214287,166.80888324429645,Seedling,Low
Groundnut,Silty,32.60461335220691,23.120242501649102,37.03968250495383,95.93343657201696,Fruiting,High
Rice,Clay,39.98337213069884,74.11078120505127,38.108721146542464,117.27250090519574,Maturity,Medium
Wheat,Clay,17.168151270340545,24.647825523455772,19.492467576751196,174.7507583987561,Seedling,High
Rice,Clay,35.721031184974976,55.12164257546509,21.74857189121618,61.763782717769054,Flowering,High
Tomato,Loamy,31.02083191154153,82.07533516768956,24.86072449649681,140.13986422041117,Fruiting,High
Cotton,Clay,26.374825919398305,53.84114849587972,36.25649348571379,172.33345173565067,Vegetative,Medium
Groundnut,Sandy,25.208249467020927,31.181731157618582,81.35759302204843,40.523140139235345,Maturity,Medium
Wheat,Clay,33.62497898322579,93.87753837544697,39.460819058406436,71.2956330295665,Maturity,Medium
Maize,Silty,41.729861239327946,86.69640965556975,67.94901652505747,195.96203477787103,Fruiting,Medium
Potato,Clay,29.88527778303346,77.84852249187605,16.619800311189714,196.6437129592422,Flowering,Medium
Maize,Loamy,39.7416949223076,50.86337021744078,57.28790394175941,44.64598605878758,Flowering,High
Cotton,Loamy,27.064691455319025,33.788429516697335,48.55129850163516,13.289167778525623,Vegetative,Medium
Wheat,Sandy,18.071833883795296,90.6058386063876,88.23663575636036,54.184322262010575,Vegetative,Low
Rice,Loamy,16.845172093759157,59.92633448878543,77.69662159031704,79.54639146073745,Fruiting,Low
Rice,Clay,16.540031139710326,83.92665952906138,46.38638179509198,88.20112018623274,Seedling,Low
Tomato,Silty,26.4045042587301,45.65712543195693,72.0114211236271,123.76126146608473,Flowering,Low
Tomato,Loamy,25.117132525075263,45.1466237809603,25.4430993035022,179.90055202630927,Seedling,Medium
Rice,Sandy,36.53811070867708,93.91553605055293,54.98690619134224,66.06960238143249,Seedling,Low
Maize,Clay,37.28464504754598,59.13747863711374,15.969524445496655,169.9969070998417,Fruiting,High
Potato,Sandy,16.525619065012194,30.552156789555973,37.847122580134645,18.69578418532538,Vegetative,High
Groundnut,Loamy,21.633697886670447,36.475600849603055,28.068974529773627,8.374939794642945,Seedling,High
Maize,Loamy,23.227855504766993,56.14582095445406,67.51278522601687,100.80903662469225,Fruiting,Low
Potato,Sandy,31.428359524284282,23.18531828663085,49.20725529714892,11.932444666120979,Vegetative,High
Tomato,Clay,19.33545671720851,54.690048903372535,70.08563830784084,78.49796024684603,Seedling,Low
Cotton,Loamy,19.01823658200001,51.42056315600957,51.22363501051565,179.35562337384687,Seedling,Low
Potato,Silty,43.31366667623874,78.45021989896152,16.91875537213108,48.29660724149467,Vegetative,High
Rice,Loamy,39.12608721893343,46.62064733669313,68.82941197860214,141.19515502498064,Vegetative,Medium
Tomato,Clay,20.41964706273511,93.69115711546995,76.65834111902444,60.47307847801338,Maturity,Low
Tomato,Loamy,27.19703423716473,33.55774394756774,82.2824980730234,8.98401104842712,Maturity,Medium
Groundnut,Sandy,25.668659977726968,64.32400137261013,55.75935562453665,111.33811628206188,Fruiting,Low
Rice,Loamy,38.73012222196222,26.7274472756191,70.2868287199596,166.97069810735036,Fruiting,High
Groundnut,Loamy,30.30638749434366,75.03979879954865,70.16354695061017,81.89368966852388,Flowering,Low
Rice,Clay,18.83549210980401,94.60652660464787,22.459980783915547,123.45876529161741,Maturity,Medium
Groundnut,Sandy,37.16976189468731,81.43539783137241,23.13765499676566,180.00471953154516,Vegetative,High
Potato,Clay,26.906639346747568,61.67776555402259,15.67084046473009,157.93890254739756,Maturity,Medium
Maize,Loamy,22.88772742896441,56.35560180497691,35.593090811224116,38.775279878563865,Fruiting,Medium
Cotton,Silty,26.264958660621605,82.62724709501352,47.88068701928516,146.67679187300115,Fruiting,Low
Cotton,Loamy,29.932696908206893,90.19805635330432,89.83182822033736,100.37860503203039,Fruiting,Low
Rice,Clay,25.293465492510283,94.19048943485697,44.47946736545356,149.19336157721693,Vegetative,Low
Wheat,Silty,22.257173177752733,49.74044206733631,68.09940708058967,98.90311010444364,Seedling,Low
Sugarcane,Clay,26.95506086411941,94.31881060958843,65.47176210180277,25.59163282166057,Fruiting,Low
Tomato,Clay,15.575187322496948,31.694468913037362,26.358556020046365,113.98188933784783,Maturity,High
Tomato,Sandy,38.174935382889416,39.01623319489319,14.680572115954913,98.42679847946798,Seedling,High
Rice,Silty,20.128346807027576,26.676209355042214,53.680540122687,103.58434672828835,Maturity,Low
Potato,Loamy,16.317138408919117,40.38038873633613,66.02444738515808,175.78049072917406,Fruiting,Low
Groundnut,Clay,34.61096078715238,77.59531637135083,89.86014321490048,178.9674093412503,Vegetative,Low
Wheat,Loamy,38.21808386471017,83.96932686338373,38.68888418249366,90.70742135314367,Seedling,Medium
Maize,Sandy,39.414873947785296,78.41694838269288,81.70916496648773,91.14640825601768,Seedling,Low
Groundnut,Sandy,29.805275479818,67.32993336257722,40.554596469534914,103.0373917745232,Fruiting,Medium
Groundnut,Silty,21.16104554069956,58.54748843919842,65.15293667444102,103.9178556668514,Fruiting,Low
Rice,Sandy,37.1168303174948,73.15282169102349,57.860234441364156,190.07742883582253,Fruiting,Medium
Rice,Sandy,35.99139231463012,49.31251619504164,14.238303464207753,129.88009347549868,Flowering,High
Potato,Loamy,22.388122023095196,83.09812636247764,16.27107415762068,55.49139897758879,Vegetative,Medium
Tomato,Sandy,42.10223267588379,70.7892570482589,11.661127177956878,106.30735939079798,Vegetative,High
Rice,Sandy,18.13114374248487,72.33535238708063,39.66672676751916,125.44471658159657,Fruiting,Medium
Rice,Clay,44.48064718773977,60.195199484680344,69.66408390128086,127.9543442027929,Flowering,Medium
Rice,Sandy,40.80743432932394,86.39217381583795,23.820431519257816,117.05084524763653,Fruiting,High
Potato,Clay,35.63695936437226,38.901105025928935,58.468237470711664,35.54723092430747,Fruiting,High
Tomato,Sandy,43.162496648394985,48.5860740020788,33.10622240248623,6.718637815901496,Vegetative,High
Maize,Sandy,36.669335049711236,78.32319272582669,73.75940991832577,67.56861047337088,Flowering,Medium
Maize,Silty,20.71370991090138,56.956167209700325,73.87169192023927,85.50443091205071,Vegetative,Low
Sugarcane,Silty,28.26468414338435,86.6910510068143,72.03316119731389,12.36084791521732,Fruiting,Medium
Sugarcane,Clay,17.14509072994906,45.97994898221393,51.98668110411014,162.99346760396924,Maturity,Low
Rice,Sandy,26.689722668643462,47.69976266147336,32.765336806388135,68.81548750205475,Seedling,Medium
Sugarcane,Loamy,37.248090592116256,86.6551842039969,74.75552351029077,182.72654923570093,Fruiting,Medium
Tomato,Silty,26.59330052792452,54.82777401365308,24.88804495513932,30.882021568453034,Flowering,High
Potato,Loamy,24.908825264044022,58.70934381518651,33.18076816229248,11.386991387462686,Maturity,Medium
Maize,Silty,32.860671675309355,44.95727865017595,24.71581649284973,96.46322087726435,Flowering,High
Groundnut,Silty,41.16613586996685,40.750245663431144,63.936812831011814,37.82586736514133,Fruiting,High
Maize,Sandy,16.427495776383374,69.1961533128794,64.89888224926545,187.47985511557224,Fruiting,Low
Maize,Silty,26.564113040992062,28.988049615590292,62.20079942294024,2.060679690747791,Seedling,Medium
Tomato,Loamy,19.74722225445788,85.9454480887182,43.24811734917343,82.523935011807,Flowering,Medium
Sugarcane,Silty,35.86062752195609,78.4402352573831,18.01368057611466,185.34955426903366,Maturity,High
Groundnut,Clay,18.171736812934046,34.30611977793521,82.8935667612017,76.88364134595366,Seedling,Low
Tomato,Sandy,34.944232757407335,72.0514959368424,50.61847712097905,18.62185612009215,Flowering,Medium
Rice,Sandy,23.585426123937218,65.19746909642262,42.55777559288732,60.57898857235742,Fruiting,Medium
Potato,Clay,20.96750441211674,33.84012880524831,57.10599145986346,99.60207876688669,Seedling,Low
Cotton,Clay,43.09057673474956,40.490262953767434,25.423234865528464,37.030337468666616,Fruiting,High
Maize,Clay,15.555737302378676,50.67398778003758,20.60390232838995,93.31234102865238,Vegetative,Medium
Cotton,Silty,28.133318156687068,72.44320514341054,42.44201771663548,167.26863915716748,Vegetative,Low
Potato,Sandy,15.648809773853813,67.90425566127544,28.17765552799284,174.5235940393226,Seedling,Medium
Potato,Clay,29.507791443129868,59.91761357575235,29.543223562973164,9.852146942146423,Seedling,High
Tomato,Silty,30.031421333832547,77.63079073355257,81.40091902228235,32.1806716105147,Flowering,Medium
Tomato,Clay,24.64987414184241,76.84533047046244,52.46073417486599,55.05802715336083,Maturity,Low
Tomato,Loamy,18.96485332575071,66.33943655466919,48.67752514586809,118.97317017752036,Maturity,Low
Cotton,Loamy,26.29162613203426,79.02425625386189,65.15836749828779,72.19895175849342,Vegetative,Low
Tomato,Sandy,35.16788819797698,45.06975310844069,86.12384909413917,168.8081826892151,Vegetative,Medium
Potato,Silty,38.471874259333774,86.09371462419543,18.975885157645127,143.33437365658753,Vegetative,High
Rice,Loamy,30.92251807164427,66.11825643514555,76.68276536874058,20.091204622701643,Fruiting,Medium
Tomato,Loamy,32.69503183319267,81.6772635359323,56.721534389427674,124.91150050241824,Maturity,Low
Wheat,Silty,21.01849113373958,60.9709328592713,21.69322830494698,22.602525069395686,Seedling,Medium
Sugarcane,Clay,23.619909996829485,36.38286837415103,33.77194549511933,51.00713392729202,Vegetative,Medium
Cotton,Silty,19.856868301570753,60.68075965087315,48.58891331717916,35.57412670684561,Flowering,Low
Wheat,Clay,22.47886050013834,47.83337478324411,65.29417156619384,34.61238984014099,Seedling,Low
Tomato,Loamy,21.746603406765953,72.31242770278209,29.408561356276177,123.27910495537185,Seedling,Medium
Potato,Loamy,30.58346359173713,55.684534380105184,52.79030523740719,112.7209845108323,Seedling,Low
Rice,Loamy,31.880662673721883,82.70846036957658,64.77373019326893,35.205630557545376,Maturity,Low
Maize,Sandy,43.34842262464514,70.85543842414376,45.8992600678005,198.03456108368636,Vegetative,Low
Groundnut,Sandy,20.867119413045693,71.3408324773493,79.04207688961407,84.36734647365876,Flowering,Low
Sugarcane,Sandy,34.25027130484488,36.28665001182988,79.55672822723236,19.413865630987324,Fruiting,High
Groundnut,Silty,39.517778069625685,93.81873248684678,47.65529741123566,24.113803391023026,Flowering,Medium
Tomato,Loamy,31.807243913491575,83.12564069536165,87.83405683271197,116.77874274531894,Flowering,Low
Sugarcane,Loamy,22.65010957503227,79.17536634205209,16.046807392435785,195.81388067669457,Flowering,Medium
Sugarcane,Silty,22.876506900600006,44.76614188700206,10.26899026583493,114.39022032383957,Fruiting,High
Rice,Sandy,16.177591592129996,60.17237396354239,40.453461104313526,189.80829532332743,Flowering,Medium
Sugarcane,Silty,24.16332679645445,30.28273910557465,58.08776490980074,88.82657015160535,Flowering,Medium
Cotton,Sandy,37.338110370101404,60.38569824970295,60.33601259597287,87.1682207304024,Vegetative,Low
Wheat,Loamy,16.42553271621331,30.941693486246546,48.11565890350629,100.00147186317645,Vegetative,Low
Wheat,Clay,21.57885847514492,61.47783829922009,19.990665059251693,139.48509163111106,Vegetative,Medium
Wheat,Sandy,36.18697495595346,68.65414101161792,23.63980174303154,73.52319329026653,Seedling,High
Cotton,Loamy,38.4795468846863,49.26469754374268,78.17183870816073,172.7772065357914,Flowering,Medium
Groundnut,Loamy,28.65955230185785,57.390865874846995,79.4328905391409,5.856276953629247,Maturity,Low
Rice,Clay,35.942230154359464,85.67400407559394,63.911883028857616,87.95283900568846,Maturity,Low
Sugarcane,Loamy,26.63856505964676,28.142235852710705,63.137437782310585,102.19836999598357,Maturity,Low
Cotton,Loamy,19.797397350723827,79.37996697497397,57.814570242224605,121.40644765261924,Fruiting,Low
Wheat,Sandy,26.944484805687196,32.80659132471473,26.234070856159057,55.21438247317265,Vegetative,High
Tomato,Sandy,32.39903460609429,22.75309871034713,44.260056020792256,85.49599419716706,Vegetative,High
Maize,Clay,43.44159845558671,33.918095205878586,65.6715721170703,96.90755004281132,Vegetative,Medium
Sugarcane,Clay,17.06252856266032,77.37823924778672,52.980181760267094,137.38199573664264,Fruiting,Low
Cotton,Loamy,30.221822815348816,50.3844555002645,11.486426724407934,154.7088369471628,Flowering,High
Potato,Sandy,24.867593346321733,85.43903876346364,86.28454453760787,147.56546546875745,Seedling,Low
Cotton,Clay,30.249350828300834,59.353065588669935,77.58528420577147,68.31661045791706,Vegetative,Low
Rice,Clay,15.71926342129595,21.668776394474822,30.843601128779028,199.89010459839272,Flowering,High
Rice,Silty,24.39076064104744,73.75352072014451,59.31671481330369,169.73306235743587,Maturity,Low
Cotton,Clay,39.59604442581015,28.267468154092455,83.85915069825502,52.00467462899378,Seedling,Medium
Wheat,Loamy,31.618252015639126,79.20347250964433,17.680880969092108,39.02116113456551,Maturity,High
Maize,Sandy,28.51747478448352,32.6076912353885,50.24235846373605,62.8042501166781,Flowering,Medium
Sugarcane,Clay,23.565752151460188,45.90847893541351,46.49944206770356,90.46897059992898,Flowering,Low
Rice,Silty,23.941275683740677,77.09535722190202,42.816400422682584,170.15987566392278,Maturity,Low
Sugarcane,Sandy,26.49304300771753,91.56735181073162,76.847088711434,155.6724527589069,Seedling,Low
Wheat,Clay,40.06712129893681,47.85754629850493,40.45169173579659,170.2492247011752,Maturity,High
Sugarcane,Silty,44.01639620424805,82.20501651492017,15.093066659280607,54.3914229820657,Maturity,High
Tomato,Clay,28.159661440511236,34.30941991068791,15.2670193731442,118.69224449036724,Maturity,High
Rice,Sandy,26.800585162432853,80.53848276518684,13.419568521968719,56.64981245547489,Seedling,Medium
Wheat,Sandy,40.396523274595886,69.31205444421883,42.73163374992298,21.80463214389863,Fruiting,High
Wheat,Sandy,27.807159619089106,34.455763040927636,67.4725022158688,136.83954869493613,Seedling,Low
Maize,Loamy,31.560545168869535,42.68779702635587,26.29779695444124,28.599510239087756,Maturity,High
Maize,Clay,21.928249937962335,29.882816644777698,61.717481634523956,133.5395523412943,Vegetative,Low
Tomato,Loamy,37.305076073372256,48.722525829823496,64.96707776829633,129.59286098108183,Vegetative,Medium
Wheat,Sandy,30.959649548123455,35.273648084245806,30.416169921247835,162.0496888848034,Flowering,High
Groundnut,Silty,39.271036507210255,68.29984652228552,58.04461248485034,27.91092091271288,Fruiting,Medium
Wheat,Clay,38.42198190086009,94.5878828165419,64.78946720214779,156.69602970176217,Flowering,Medium
Maize,Loamy,21.450143048100855,20.90068723131981,47.329089824170055,199.85530518924742,Flowering,Medium
Groundnut,Clay,36.46906651673287,60.5689859965474,36.93732778240761,170.20848971718044,Vegetative,Medium
Rice,Silty,39.00163223854114,63.02499481617573,59.53212412594618,150.36241526553326,Seedling,Low
Rice,Loamy,25.383217223471853,88.56565922606089,88.22776698624455,132.4330709389415,Flowering,Low
Sugarcane,Sandy,20.178273387068238,57.950400107520316,44.14731274951825,84.35629693708589,Flowering,Medium
Cotton,Loamy,15.078964667387645,60.77760647336881,41.33880770280968,146.10003357832045,Fruiting,Medium
Maize,Clay,28.527109592794446,55.373960099629144,47.141352194089066,144.83560702809064,Vegetative,Low
Cotton,Clay,25.57298194616525,40.16782284211111,16.097471475603857,126.29965653745765,Seedling,Medium
Groundnut,Clay,31.647295014762268,24.202184993668524,54.2530623737112,159.2556756595657,Fruiting,Medium
Maize,Clay,20.641232777663575,50.649326165737705,36.29579097738109,89.75277768536694,Seedling,Medium
Tomato,Sandy,40.78996642999425,23.94436034305089,19.713769786500997,24.250542426478127,Seedling,High
Wheat,Loamy,22.732656468843288,61.286935209943834,47.30053928938987,111.81354552184747,Flowering,Low
Tomato,Sandy,21.7928881526295,43.047023243171985,10.270718925918194,53.008705742268525,Fruiting,High
Groundnut,Sandy,29.42142169453068,60.02018011440708,42.14281961302071,76.88661948583004,Flowering,Medium
Maize,Sandy,29.965530712328228,30.072272329639,18.45882143411604,3.4829807882452046,Maturity,High
Potato,Clay,21.452556863552786,89.94724743045197,11.943416271982423,76.55811758357667,Seedling,Medium
Groundnut,Clay,23.15582180177747,87.08909326624511,75.95800369956017,161.76022122709094,Fruiting,Low
Potato,Clay,20.091157174657347,34.249738190171335,83.29990426261078,108.54447338765097,Vegetative,Low
Wheat,Loamy,36.553805349695004,45.758321247050745,26.613971868728534,1.9601053867942086,Flowering,High
Rice,Silty,38.102670937622456,66.01195788889848,53.1438611067409,93.96876404796946,Maturity,Low
Rice,Clay,28.869854923778476,27.17646554794297,32.236652570478796,58.29032952908149,Maturity,Medium
Groundnut,Loamy,36.42261068055052,46.59258658371131,49.486195093774576,95.51013107943422,Maturity,Medium
Cotton,Clay,37.07806175812337,38.833421511425456,44.93050567153282,80.9385442895754,Flowering,High
Maize,Clay,19.148265830334257,88.66375465375225,31.524084406438853,186.3958439114763,Vegetative,Low
Maize,Sandy,43.9853407450361,83.93829772169039,66.03148637082381,8.235459792603162,Fruiting,High
Rice,Sandy,39.63095841289293,63.48745559501479,20.11927674562034,136.71760225638644,Seedling,High
Sugarcane,Sandy,21.134503835874703,59.02597526536806,14.24582257370937,170.2053192603483,Vegetative,Medium
Tomato,Loamy,20.584951072382108,89.80443459090479,71.41403464298233,191.8477169300951,Flowering,Low
Sugarcane,Silty,18.76983436738748,89.93208372341115,63.274402497654386,35.52724530885918,Fruiting,Low
Wheat,Silty,19.15135687625755,92.69975940137454,49.88208993171184,106.26096039323878,Seedling,Low
Tomato,Loamy,37.44485397086088,29.403416308114075,47.423181637803324,8.717915463442383,Fruiting,High
Tomato,Clay,29.089627708548704,32.04183580723777,49.7929103593141,99.8367048910177,Seedling,Low
Groundnut,Loamy,38.48802518219601,70.7552524009915,44.96192608789383,25.091617908196383,Seedling,High
Rice,Clay,37.387646830506164,60.60758574573837,41.43138366649433,167.5793349397427,Maturity,Medium
Sugarcane,Loamy,33.13838140515665,21.3849428669927,49.975248230889626,22.774000521072967,Flowering,High
Sugarcane,Loamy,35.590998197360385,24.64812769921395,52.28121369278084,102.65767207729905,Vegetative,Medium
Rice,Loamy,15.550671731374253,86.60602866941039,65.35218512668968,104.21921379855075,Maturity,Low
Sugarcane,Silty,24.353329404150657,85.16530966545398,66.89657285872181,194.33009958632107,Maturity,Low
Potato,Sandy,34.134665377782305,46.79531914970339,40.21032641121157,130.99613880777764,Fruiting,High
Rice,Loamy,15.280348604587326,86.8287962697901,43.0832418194791,57.568058615360385,Seedling,Low
Groundnut,Silty,15.989308310477803,64.52563057984264,39.895773578897845,48.15986198762769,Seedling,Medium
Cotton,Sandy,40.55663947411149,80.44292352641764,52.92286189005683,25.649641129012977,Fruiting,Medium
Tomato,Sandy,35.520745850762154,52.05733033701607,46.268283033135624,151.3029448098119,Flowering,Medium
Groundnut,Loamy,22.961091993610317,28.504874550868156,81.16771705089549,138.1513312364677,Seedling,Low
Maize,Clay,35.63888520356127,52.52952969845122,65.7089013533178,121.97542546162119,Maturity,Medium
Wheat,Clay,38.773700074177896,54.29748484976734,81.89251070035564,8.16808858999767,Maturity,High
Cotton,Clay,24.203828493303035,61.32081453804523,66.73095932475405,152.5657732788589,Seedling,Low
Maize,Loamy,16.081121324975623,27.9187034678321,87.67937188190513,128.37751542969585,Seedling,Low
Tomato,Clay,42.98337374063203,94.35513972872086,60.85894226042153,192.77777362209767,Flowering,Medium
Sugarcane,Silty,25.355395148868915,38.31026156051797,87.08401105304438,117.44042597536242,Seedling,Low
Rice,Silty,18.19445289854119,34.89143026528197,22.65359123275409,60.790381332341624,Flowering,High
Tomato,Silty,29.75570614179442,59.51021891419524,14.198214466352308,76.30411043786405,Maturity,Medium
Groundnut,Silty,38.05403386992401,60.29061345461665,56.33001481630874,35.168141075646496,Flowering,Medium
Wheat,Sandy,21.649419438526774,52.98655533749332,88.67945646398199,144.58283644027702,Seedling,Low
Groundnut,Silty,23.0847015040009,77.89191097439408,43.40841978419174,141.54433200434505,Vegetative,Low
Cotton,Clay,22.281449603957494,58.749080054645205,26.96346897543677,40.13000309553525,Seedling,Medium
Cotton,Loamy,44.75019158495034,65.72715913587382,51.72331593548112,31.69786463645572,Vegetative,Medium
Wheat,Clay,20.922112011916276,74.28097890558391,61.903889966311084,15.40098664043892,Maturity,Low
Potato,Silty,32.26560650898372,21.876882617289997,35.214295641271114,182.39514873635173,Fruiting,High
Maize,Sandy,42.757939249708926,62.79831369087836,67.18154867994076,46.61396673897023,Maturity,Medium
Maize,Silty,19.40689706633338,86.3145853421277,88.00916056365806,68.83270535036078,Maturity,Low
Cotton,Loamy,44.12562593603101,21.304155719407543,81.75704973684935,56.10090167549813,Maturity,Medium
Cotton,Clay,43.42431703186874,50.388657785072084,33.32682988097562,82.72492052215821,Flowering,High
Sugarcane,Loamy,41.53715961174788,89.46705876543724,36.13789465156786,142.80975987649666,Maturity,Medium
Rice,Loamy,21.436695639900066,46.48658017119034,39.723297955967084,174.1191267452569,Fruiting,Medium
Sugarcane,Loamy,34.0216516803295,54.404661815018066,41.56422227149163,36.51974990570803,Seedling,High
Sugarcane,Clay,37.8267441888372,93.61560447832346,18.025559935462354,137.28246874823301,Vegetative,High
Potato,Silty,44.58083784589289,34.94928942129304,70.95702711114313,70.51242844849703,Maturity,Medium
Maize,Loamy,20.41271466244111,24.894139184375447,39.22714108885604,196.10543365945855,Vegetative,Medium
Potato,Clay,37.98077698557889,84.45669431459783,80.38559813643617,59.783831856815375,Maturity,Low
Potato,Sandy,25.16403509781339,85.13490059092764,84.1552498496087,1.4385912015719926,Flowering,Medium
Wheat,Clay,20.268793967040068,55.40583760100099,11.954504744615049,103.12799480396903,Vegetative,Medium
Maize,Sandy,27.641308236415647,58.56553808579647,89.0802455942565,30.146216855187546,Maturity,Low
Rice,Clay,38.81507736445849,82.6854777213377,66.80181852001476,8.89888536367982,Maturity,Medium
Groundnut,Silty,28.945494111121565,75.39196235868464,51.631378079436985,139.6538463895417,Fruiting,Low
Cotton,Loamy,31.125693006091456,39.8861751662758,41.162208669804265,146.4518565016913,Fruiting,High
Cotton,Silty,44.854782306003635,21.267001630363886,51.48145060877703,92.13980262330051,Fruiting,High
Rice,Clay,26.973278986722782,55.97751219001593,35.96997791827555,135.37710335131544,Flowering,Medium
Potato,Loamy,33.462022641277194,84.4184244571731,59.81502509572386,107.64788964942677,Vegetative,Low
Sugarcane,Sandy,25.957326048461155,87.18760075176216,17.4384221155833,125.96022154438633,Flowering,Medium
Wheat,Clay,26.78356938986115,91.71696478071154,59.68980823294481,119.34079463759224,Seedling,Low
Potato,Loamy,35.869222603362246,85.96724282095859,32.02758801107553,133.16455281111848,Maturity,Medium
Cotton,Sandy,43.13660928284651,63.50326664735738,11.41078632418771,39.92612973463425,Maturity,High
Tomato,Sandy,31.270768514769642,53.345419942707565,54.21646129303021,53.74132400734004,Maturity,Low
Sugarcane,Silty,38.051997868463395,78.11373849005743,56.27582046821571,87.9926299015384,Fruiting,Medium
Cotton,Clay,17.676196764508916,75.48662257741972,44.12552037692288,89.22560188383729,Maturity,Low
Tomato,Sandy,21.33474112295781,60.360757256109075,15.782898604025348,154.88234231738085,Fruiting,Medium
Potato,Loamy,30.063949227585972,26.54955294188518,81.46743622433532,73.47873184590641,Seedling,Medium
Rice,Sandy,15.600351708863244,89.45610100901891,58.91446457823111,32.50103121183648,Flowering,Low
Rice,Sandy,22.585649362876765,54.17019031262466,19.257063965517567,50.293194098215174,Flowering,High
Sugarcane,Silty,30.522038694748986,47.250033643719824,50.87444612753181,42.94670047684568,Flowering,Medium
Cotton,Silty,15.448835947689021,67.21755463765788,49.78034527587772,146.3320038512044,Fruiting,Low
Maize,Loamy,22.936388586781252,70.53784708752326,14.832149503434158,94.06792292519641,Vegetative,Medium
Tomato,Silty,30.420924584276086,35.80159377727261,58.5487762882358,141.7261395941967,Vegetative,Medium
Wheat,Sandy,32.19447743943737,82.77041336074672,74.66611191372516,83.24393615152539,Seedling,Low
Cotton,Sandy,42.772550791659164,41.74528202467834,69.92064433987825,177.94712050078104,Vegetative,Medium
Wheat,Silty,34.36036869751824,34.001294443573755,26.237553133134668,196.7040615445469,Seedling,High
Cotton,Sandy,27.44207407589981,50.47998896408731,78.98340236433691,133.96850174052233,Maturity,Low
Maize,Sandy,42.910535313992035,74.7920060673099,37.403373252748075,172.76251144724378,Flowering,High
Maize,Loamy,38.54648950163383,92.40936338298526,85.7206702633553,101.58665343441254,Fruiting,Medium
Sugarcane,Silty,21.00026763338243,80.6960948278575,15.739837138057098,186.92416807078158,Seedling,Medium
Sugarcane,Sandy,18.92527084046459,90.52612832526438,48.89669508158741,166.3172971345656,Fruiting,Low
Maize,Silty,35.27434907228199,30.54543530573951,57.769950174203935,198.35571435320782,Fruiting,High
Groundnut,Loamy,31.796494967309513,25.338259914775758,29.812007877968377,124.61874706555611,Flowering,High
Maize,Silty,38.69020841378267,61.82785714300034,71.71041509761821,155.8413480536457,Maturity,Low
Rice,Sandy,37.164151502360596,41.77231122830258,60.151654384857366,108.5736279956427,Maturity,Medium
Rice,Silty,33.756346015725455,82.10412297269546,11.448754983036444,51.82402085428457,Vegetative,Medium
Groundnut,Sandy,44.59146514886677,70.39909035517445,58.66948725569887,70.95103422595155,Maturity,Low
Potato,Sandy,31.00769190331226,92.80461229893459,49.31825875347571,178.80108294626322,Flowering,Low
Tomato,Sandy,18.393172695051597,39.109426679847815,25.682336136280615,11.189589319724114,Fruiting,High
Potato,Loamy,39.84820694447965,56.43380857664243,89.65985816476237,118.29597721488163,Seedling,Low
Wheat,Silty,22.55560087037127,57.5930358069015,81.7729755862092,74.49680650082173,Seedling,Low
Potato,Loamy,38.31906444431755,37.93825961430321,33.400615602325075,77.33850760111113,Maturity,High
Cotton,Silty,43.71321288000154,64.25700496160059,53.285673663889305,176.91424128275347,Vegetative,Low
Potato,Loamy,35.90386541893024,53.24644895594297,35.32017119282326,170.7644749092453,Seedling,High
Cotton,Clay,32.88090482849403,53.50411669924052,72.03966013088625,119.76847511449374,Vegetative,Low
Groundnut,Sandy,28.811585270251218,47.205248597936276,84.4265146557164,54.583769480866785,Seedling,Low
Rice,Sandy,25.932295979862097,21.26970143191513,38.706288553150685,95.09126923240481,Vegetative,Medium
Sugarcane,Loamy,25.590142529155088,59.15714276860918,74.4467399314902,81.6586787578432,Vegetative,Low
Cotton,Clay,34.091181171287715,45.143587677524835,49.87260341705639,70.72360584049906,Fruiting,Medium
Rice,Sandy,37.53819350813238,20.098990173824724,41.72628490492619,20.557115711459282,Flowering,High
Tomato,Silty,35.355512084532435,43.0957780746449,85.07374816790158,108.62277734306407,Seedling,Medium
Wheat,Loamy,20.95230303580688,40.89712498173178,50.832375097522515,60.366259574896716,Maturity,Low
Tomato,Sandy,29.819615404304734,49.50861149177268,47.39284002059719,132.16158858550568,Flowering,Low
Groundnut,Sandy,38.749202165491894,29.88889922325477,63.79475215698744,63.84078716510615,Fruiting,High
Potato,Loamy,29.271122345671685,58.07628684763133,30.898736081462754,86.23269862696034,Fruiting,Medium
Potato,Loamy,31.098698392064815,71.93302643885974,35.98342966306526,10.472074838881507,Fruiting,High
Maize,Silty,38.134081445124664,67.26391767909294,84.56366689908981,198.50761398109555,Maturity,Low
Maize,Silty,34.83795918795275,80.2816210676893,64.2823876349554,101.52207665503516,Seedling,Low
Maize,Sandy,27.28034762647178,53.90062159903108,76.13097182168045,4.847518832834563,Seedling,Medium
Tomato,Sandy,41.86238133582657,58.931879775479615,31.688940954834372,108.24613175222882,Vegetative,Medium
Cotton,Loamy,19.87701205990436,80.78014556442375,53.50321519438977,174.07079986112996,Vegetative,Low
Wheat,Sandy,44.865493457709746,52.07758781144289,87.71170135915986,154.51042685324052,Vegetative,Medium
Maize,Sandy,18.565577354287115,72.61995124246977,35.496311922257405,140.1813368258908,Maturity,Low
Groundnut,Loamy,15.448499133127168,52.59517765384939,22.83811810536335,27.89293091980698,Flowering,High
Groundnut,Sandy,41.70056703446294,51.3302145883672,50.87088065797312,131.54741579749447,Seedling,Medium
Maize,Sandy,22.348605250978682,77.01542183968702,41.025687097990094,153.25967560245206,Vegetative,Low
Potato,Clay,36.89098882340163,33.11276865996584,22.766178622937083,114.48381279309932,Maturity,High
Maize,Silty,39.33046124796208,45.39394789561802,81.08411061626944,178.5498009040703,Maturity,Medium
Wheat,Loamy,40.769591730963505,36.81292075601763,89.25791284430223,55.39795635697708,Vegetative,Medium
Maize,Clay,44.747827069925,46.93324572256978,55.48657445519982,48.42893994785011,Fruiting,High
Wheat,Silty,23.821191301199974,37.278111677451804,71.97414146987632,173.9139489885292,Fruiting,Medium
Groundnut,Silty,36.30730025781777,63.4554223314991,78.72306956370396,125.07964859829048,Fruiting,Medium
Maize,Silty,18.461995748424847,79.86281019633839,66.07856048174615,0.2894441041998652,Vegetative,Low
Tomato,Clay,27.204278740705483,78.99597959134263,13.532483928938497,70.6262817022105,Maturity,Medium
Sugarcane,Clay,40.439150799377714,47.33757234115943,22.610738537345423,171.5711971629349,Maturity,High
Tomato,Silty,26.02974138177325,94.15703044206963,15.679135292110917,5.463902328348658,Seedling,High
Groundnut,Sandy,32.73286141606842,64.53907735293507,10.790368531364525,0.6495856523017762,Fruiting,High
Wheat,Sandy,30.11320331173902,49.95502263337211,34.47971270057892,56.25185810502595,Vegetative,Medium
Tomato,Clay,34.37854593336135,82.6654459431069,41.38847683852478,182.80000740185557,Seedling,Medium
Wheat,Clay,44.18683168163085,74.74055094819806,29.28237858687406,180.29551629400328,Maturity,High
Tomato,Clay,16.672065795042062,76.19565026180783,15.168371846905675,103.75238916030159,Seedling,Medium
Tomato,Silty,32.21884552504889,34.71045123004037,52.389047266934206,110.64737422792452,Fruiting,Medium
Wheat,Sandy,40.89086337750854,55.124323052641635,31.86554559657133,66.40160226343777,Flowering,High
Cotton,Clay,29.441481352452826,84.6371098118452,73.68297238908498,48.74733240556197,Fruiting,Low
Tomato,Clay,17.355815578247185,57.80285057215679,10.644209730022496,163.04437084242366,Fruiting,Medium
Maize,Loamy,31.816180572503125,71.25895575657879,77.40216410300883,21.258972099928286,Vegetative,Low
Sugarcane,Silty,24.962216724714615,64.09502997756985,86.38029431567657,97.47087417572715,Flowering,Low
Groundnut,Loamy,19.648253560138077,83.17675907887866,67.29080505228556,126.87945189941689,Flowering,Low
Cotton,Sandy,40.47103539850419,41.3420629821202,68.69152522100532,20.736058074205843,Flowering,High
Wheat,Loamy,30.64798538973365,63.16064584147737,84.68498492821865,103.92141909446923,Maturity,Low
Cotton,Loamy,42.998292371372,29.2426001007353,26.72570282402793,115.50425758248863,Seedling,High
Rice,Loamy,39.18049513809207,71.76580825246009,89.56524545668613,148.49921210147298,Maturity,Low
Rice,Silty,35.78915381321002,74.8975878764534,71.87849627028335,46.96720982950657,Flowering,Medium
Tomato,Sandy,15.150765100959358,23.21279908917488,68.12565666622349,58.66550065815166,Vegetative,Low
Tomato,Loamy,27.834703699147497,70.68432227209888,38.887246319623415,113.90422932660668,Fruiting,Medium
Maize,Silty,20.924588449560968,51.10176156243398,53.662198832448844,196.62528199632283,Fruiting,Low
Sugarcane,Sandy,42.323937331466034,29.307265708226176,62.31342306186776,43.49863656402289,Maturity,High
Groundnut,Clay,20.23751954029081,51.493066077385066,59.62742890537727,197.1807654246928,Maturity,Low
Cotton,Loamy,23.581801549778564,34.56746972716863,66.39877107820647,142.86850661089625,Vegetative,Low
Rice,Sandy,30.505103032034974,51.16696490924874,16.59053912627285,165.21641392600463,Fruiting,High
Tomato,Loamy,22.900908569942377,48.82542709688958,38.45187462653574,17.928253647267844,Maturity,High
Potato,Clay,21.295940318373635,75.37937277020431,44.72000132763817,60.08403748612645,Seedling,Low
Potato,Sandy,32.97297975308257,78.0661668624769,30.850343829997318,11.54725593019621,Maturity,High
Groundnut,Silty,17.667885682650716,65.527149078841,23.8101816215379,74.30939900063504,Maturity,Medium
Cotton,Sandy,16.74503276162774,21.701513163683565,21.114198393029024,196.25793198401038,Flowering,High
Tomato,Silty,26.167358855582144,89.82667093032455,39.31067138052681,21.054612441267693,Seedling,Medium
Tomato,Sandy,36.61993363523587,71.46749600723358,49.47533604500527,112.47455647423989,Seedling,Low
Rice,Silty,31.64420274821844,22.56465874408916,15.038115211732856,1.2141245627624642,Vegetative,High
Rice,Clay,27.686294054003366,81.41246744105884,85.71664756724397,142.53656320881254,Flowering,Low
Tomato,Clay,31.972546926737472,35.01996160384971,71.21946582886068,39.43853847440821,Seedling,Medium
Wheat,Clay,25.96354453959821,63.44158921783301,68.46814185483733,25.916907424952583,Flowering,Low
Tomato,Sandy,43.08439006296339,54.997577746264035,23.828841999098156,67.40356243215753,Flowering,High
Groundnut,Clay,16.64714672732323,51.48790867663075,58.30406144097512,154.2088595877963,Fruiting,Low
Tomato,Loamy,35.20174437089506,86.72852900932982,52.37799574469339,21.32261726224216,Seedling,Medium
Maize,Clay,41.73847994483252,52.802096867196106,88.5975076629355,45.96779915973907,Fruiting,High
Sugarcane,Silty,39.1165412620576,25.650808817986306,69.81374160641263,1.6928843234619073,Maturity,High
Maize,Silty,20.5212310446434,90.99790454112144,56.060950697298495,193.6829725391236,Maturity,Low
Maize,Silty,23.87779046940865,89.04014234297206,78.06501331760978,118.42911999777277,Fruiting,Low
Wheat,Sandy,36.51143816121314,71.33245171861991,22.40754166885676,143.9799272769399,Maturity,High
Wheat,Loamy,17.528116775422966,55.09193960990187,11.217322375278176,130.2766342312029,Fruiting,Medium
Potato,Clay,39.35585099497752,26.964460470764095,65.21866667316186,28.872911773934874,Vegetative,High
Tomato,Loamy,36.567208338143715,79.30610889331072,17.864916818978998,118.98798779879883,Flowering,High
Maize,Loamy,36.888199477060276,25.660843581802173,19.234691198680736,26.283119028252422,Vegetative,High
Wheat,Silty,18.007241108027742,25.145073867135924,69.57445811396244,80.24729079262558,Seedling,Low
Rice,Silty,36.532816344486925,60.30378818295261,31.642787530719126,113.7926271850586,Vegetative,Medium
Tomato,Silty,35.3945437565991,32.00961801384802,60.29049724551143,111.77622282043119,Vegetative,Medium
Groundnut,Sandy,39.92767472465552,20.579770050526175,83.39255408741988,23.81468519654819,Maturity,High
Sugarcane,Loamy,16.247878687694087,51.73350732468397,35.31796253102867,6.887193929304436,Fruiting,High
Cotton,Loamy,15.693320054033766,30.291292370754945,27.371532627193503,159.64686277476275,Seedling,High
Tomato,Sandy,26.19021299635682,32.03865614605184,18.525030699284137,145.18448739920106,Maturity,High
Cotton,Sandy,19.46364851547459,25.7682979051501,20.43698891357809,16.36378091294761,Seedling,High
Maize,Sandy,31.751534327106658,35.38203152927075,14.977815630307418,25.483103760310687,Flowering,High
Sugarcane,Loamy,42.520467045202466,73.6613134830792,17.011390306379212,178.51675527792406,Fruiting,High
Cotton,Loamy,26.74439191002047,80.66954804133435,44.560367104732315,153.82578032435597,Maturity,Low
Maize,Silty,40.348511318178126,53.940023302197545,35.66920360191758,199.23205924333482,Vegetative,High
Rice,Silty,15.007226235535994,57.99153619110633,66.52486514583984,50.79748984100434,Flowering,Low
Cotton,Loamy,20.055439303775525,22.449127594565194,79.61933265976015,97.56059777376298,Vegetative,Low
Sugarcane,Silty,15.912706189622568,25.198719602848765,72.78185625139074,47.29191521247114,Seedling,Medium
Potato,Sandy,24.84441541545206,39.31757942371377,52.45098053325218,124.56002769546195,Flowering,Medium
Tomato,Clay,42.24568787089508,60.79238155348607,18.195369298612274,23.082847818263595,Maturity,High
Maize,Silty,17.908563707969634,75.46633615512448,66.78138271532428,25.44863454860662,Vegetative,Low
Tomato,Loamy,33.19229330231401,65.37522960035247,39.026297978149884,14.377578281024528,Vegetative,High
Sugarcane,Silty,28.544878173583328,49.409589124009116,16.852031513232816,138.71721645283338,Seedling,Medium
Wheat,Silty,43.15404637097437,28.874305475235364,77.39731257701006,98.81451548664135,Seedling,Medium
Maize,Silty,18.675574276112815,78.55799261653921,37.05732137460045,123.546243270926,Fruiting,Medium
Cotton,Clay,21.360835515066867,47.28395386992928,27.459906600925706,175.86020931787178,Fruiting,High
Maize,Sandy,15.886259058344798,75.20405108620922,79.71616516950745,148.06569695107171,Seedling,Low
Tomato,Loamy,28.018057488941214,58.47341314357564,82.17070947576039,92.34458363333819,Fruiting,Low
Rice,Clay,23.33498698693963,75.3996540171369,37.11766697532479,196.87119767884528,Vegetative,Low
Maize,Loamy,41.09717801670963,88.04671710894289,38.38411354250987,91.25122022839464,Seedling,Medium
Cotton,Loamy,33.14822439593265,89.07721370403515,56.370282206651524,22.49013464670664,Flowering,Medium
Wheat,Loamy,33.42272213927105,60.13300850004526,68.67531950485265,198.5309494505432,Seedling,Low
Potato,Clay,30.957320906439072,58.363127357422904,15.051936152549077,4.56414600296946,Maturity,High
Groundnut,Sandy,17.75551011687603,39.92588491271279,57.467492575077735,109.97671189755043,Maturity,Low
Rice,Loamy,28.350560511760655,90.18498736469685,86.22560494268653,61.81909773994185,Seedling,Low
Potato,Sandy,44.9851556912555,54.34393753997157,30.967511774396293,100.71043020339697,Flowering,High
Wheat,Sandy,40.05687872538044,29.569342946553284,82.7061771277547,111.74259051890432,Seedling,Medium
Maize,Silty,41.80377162501348,52.452868596991244,86.0134672610475,48.01917925569752,Flowering,High
Tomato,Clay,39.69679077739498,29.528993767850295,31.53229127768718,111.37175114745237,Vegetative,High
Sugarcane,Clay,18.09125080292948,57.68987631928063,70.33614927082805,151.2122224011075,Vegetative,Low
Tomato,Silty,21.823447621943988,62.095663614215916,29.102000665564802,53.30196744879967,Flowering,Medium
Potato,Silty,15.093649540692288,45.331682112018896,69.00889293857063,76.68522666278142,Fruiting,Low
Cotton,Sandy,24.105303746343345,25.37379606736135,73.79359770310607,53.64853863281158,Vegetative,Low
Tomato,Loamy,18.258222070394776,90.76276517249293,29.776456296851954,164.1119461976405,Maturity,Medium
Rice,Clay,29.18380035904749,78.00148351125722,67.2695634866588,144.99645184191934,Seedling,Low
Tomato,Loamy,35.313824657217054,82.91608103788408,74.96836310912718,174.23928744368146,Fruiting,Medium
Cotton,Loamy,41.235158851142316,47.515129571467206,38.68630976855294,34.009978580331854,Maturity,High
Groundnut,Silty,37.476514952726944,77.06232725145878,23.416222079178155,14.71592763195031,Seedling,High
Maize,Loamy,43.157567873355156,56.402967137689565,17.357165385401085,23.876700771734672,Maturity,High
Sugarcane,Sandy,16.616948711813663,35.08126163045345,56.03053628879535,32.203666564847275,Fruiting,Medium
Potato,Silty,15.365395062496244,29.331753268041,88.24784954525705,106.61653213496048,Flowering,Medium
Maize,Loamy,34.84014341508638,45.87881519915426,75.8360256017773,194.18241407255297,Seedling,Low
Tomato,Silty,23.680572306667386,30.316408360635478,44.867171114764226,71.44708332335641,Maturity,Medium
Wheat,Sandy,22.605030483173195,94.87017321530514,52.92967222839668,191.70165387204102,Maturity,Low
Maize,Sandy,24.92661263081383,23.689174267401654,32.362230832945514,7.640158997835944,Fruiting,High
Groundnut,Loamy,23.093881736770925,53.08576995268074,23.045269388805085,185.37444056293165,Fruiting,High
Tomato,Silty,30.343092189047617,53.90701417927881,48.566492658581865,36.23052146099424,Fruiting,Medium
Sugarcane,Loamy,28.204453416723975,42.547394643625665,47.08012529337481,182.49499714386977,Flowering,Low
Cotton,Loamy,30.37285654129969,62.8513674280209,51.75439622430082,11.245486023092234,Vegetative,Medium
Groundnut,Silty,35.18140834501308,31.24827681136585,86.22436684511526,189.64388949900652,Maturity,Medium
Tomato,Loamy,26.61391526913445,78.79342854404253,58.31162401158178,40.159652863772166,Flowering,Low
Groundnut,Sandy,22.539230614264703,44.93357886857287,58.4617469297899,60.54281201463214,Maturity,Low
Maize,Silty,19.986016104262365,64.35069423489813,20.241981028886144,98.18846882059162,Flowering,Medium
Sugarcane,Silty,25.484223585978768,73.67294270502195,89.71910929414564,76.14417624709505,Seedling,Low
Cotton,Silty,37.254194257385166,86.67815882676209,71.82759553877348,133.50559385263,Vegetative,Low
Tomato,Silty,37.70114730334409,82.68405773391501,80.17626752752038,194.96155345001546,Maturity,Low
Rice,Loamy,35.00716160052631,65.62317710776696,43.14403294647953,121.28529816098815,Fruiting,High
Potato,Loamy,22.020845259206236,49.12948852879152,50.17024766284999,144.29708188730984,Vegetative,Low
Cotton,Sandy,32.64258737564093,57.740350255622296,51.76670473298212,17.6010500611403,Maturity,Medium
Rice,Clay,32.12068984730544,77.65510950341019,25.527563143168415,125.56248581400106,Seedling,Medium
Groundnut,Clay,29.527985943291764,85.81591569196048,65.15913250615657,90.76995540928263,Maturity,Low
Wheat,Sandy,31.499369591515926,27.783644613250388,82.23813788939653,177.15647158392568,Maturity,Medium
Cotton,Clay,29.75371897871004,48.86421968697901,23.09646545107352,77.64221992862039,Maturity,Medium
Groundnut,Sandy,31.963690982223245,78.20874488101254,16.90546187889316,135.89082880998382,Vegetative,Medium
Rice,Loamy,36.46517863863386,52.37388219454707,69.05751244322738,45.630745651815815,Maturity,Medium
Maize,Silty,18.288845832103192,44.91708230497129,31.856146533838565,51.8745067048392,Fruiting,Medium
Maize,Silty,37.48877256447071,50.84920226174522,59.90900332938635,75.22448618445472,Flowering,Medium
Wheat,Loamy,19.076584503827824,65.21335600897632,65.66066703937446,60.812707501300544,Fruiting,Low
Potato,Silty,16.99883995231124,94.98538581003511,35.75286108654574,50.77576787801497,Seedling,Low
Cotton,Silty,44.28239058664403,56.974432182839884,75.21156779406274,9.93374118016186,Vegetative,Medium
Cotton,Clay,43.709753066113244,35.63708562156954,53.99911856913735,167.3492663504918,Flowering,High
Cotton,Loamy,16.81309634821692,32.213493145932105,79.51995263614423,12.860306178256863,Vegetative,Medium
Potato,Clay,28.297603244248865,23.176231060731073,71.06348420471579,177.47310312059352,Vegetative,Low
Groundnut,Clay,20.587348148993243,61.91129261887411,79.4860505629963,25.09307781361205,Maturity,Low
Sugarcane,Silty,29.560346914032543,60.84290686166257,11.612910569431527,13.052347412531805,Fruiting,High
Sugarcane,Silty,39.90531728998762,35.39254450852319,29.480500859087577,112.60095279613942,Flowering,High
Wheat,Loamy,43.51835324228671,72.14970548394253,17.20063523567509,100.48835851494435,Maturity,High
Cotton,Silty,34.02757960354612,75.58302812222607,45.366641375147935,98.24691376637702,Flowering,Low
Groundnut,Silty,25.61717001635451,39.432365403658345,81.19680972922546,114.90086550027956,Fruiting,Medium
Maize,Loamy,33.09976696933795,45.80748230223024,47.403220981349534,57.411321223831145,Maturity,Low
Rice,Silty,24.360039183253512,94.28537542604425,77.97704356643153,132.58985468592223,Flowering,Low
Groundnut,Clay,42.29470922496181,48.069835088805064,36.17425904154543,100.48044394143665,Maturity,High
Potato,Loamy,41.11201389317511,77.06012538170764,37.1656058244202,66.94869339146506,Vegetative,Medium
Sugarcane,Silty,31.74695250838983,53.9544069972455,81.6449384261502,165.3001333961456,Seedling,Low
Sugarcane,Sandy,24.74396746141082,79.50086208957319,44.06537172093613,145.54421926534204,Flowering,Medium
Maize,Loamy,23.80169026748935,77.6767429086986,73.18123902357331,78.7220683889244,Fruiting,Low
Maize,Loamy,16.002539841151783,70.08170188989017,28.931483830552107,169.52355704577457,Flowering,Medium
Potato,Sandy,39.47462553075886,84.10837597216845,85.90406637421084,184.05165002235483,Seedling,Low
Rice,Silty,28.51149639117024,90.44138711582639,55.966259722445685,107.3732534168725,Flowering,Low
Maize,Silty,24.75398785200793,63.49874903390629,70.74588548627216,42.990490031384155,Flowering,Low
Wheat,Loamy,29.133310649932618,37.81016804170593,17.16125598359084,183.15843130939737,Flowering,High
Rice,Loamy,39.56213971363956,49.89717212330562,49.4131380664423,37.89592401910345,Fruiting,High
Maize,Silty,18.738426231225635,76.87292851349699,82.08307981872186,9.684645283453829,Seedling,Low
Tomato,Silty,40.72967964725482,68.81626138429021,80.16309032346436,65.49740177462617,Seedling,Low
Groundnut,Clay,41.92526505325062,33.334875392393656,13.745116578738203,145.39326889220797,Fruiting,High
Maize,Loamy,43.40123745101664,23.84296558598185,34.295877530315735,184.65481727070988,Flowering,High
Wheat,Loamy,26.924639772678834,71.22211951565487,45.46560051832641,127.45712936288798,Flowering,Low
Cotton,Sandy,21.514212121130157,38.8309268022009,23.78118514846306,190.367709393332,Seedling,High
