N,P,K,temperature,humidity,ph,rainfall,crop,yield
122,56,79,27.5074468598498,88.3363875117026,8.217961691069867,1187.6622600912253,banana,4531.33
112,64,94,31.972521055755184,86.08125546864039,7.526416620416219,1743.5838618863206,chickpea,4783.35
34,73,66,24.799193506861577,63.090414934846855,4.707644678676251,1125.5069840736833,rice,2829.8
126,74,135,21.590135995172037,58.16129827522377,7.849125094796234,1430.2939107765533,tomato,4211.93
91,90,48,38.86600401790578,54.49563889396707,8.252290386821645,335.44643182027914,mango,3491.94
40,76,42,30.089531178076566,75.97241471331854,8.474756770198676,1008.2100426446774,groundnut,3450.32
122,99,27,38.34878346456796,73.65829371861558,5.00107037652986,370.8077013845335,maize,3838.42
141,24,66,20.085325054957877,42.751739450968614,6.953093077306138,1279.0310164159823,wheat,4529.69
94,41,105,18.67235409782332,73.64477203452348,5.297834663536637,705.8978681128733,chickpea,3683.41
107,77,57,36.395572678097594,46.408027616632594,5.550038563650396,717.0784957851463,wheat,4190.62
136,27,51,32.02293031543128,31.206291874029162,7.482337352891432,338.1801268609653,wheat,3202.56
119,92,36,19.664462481341033,75.44856403992951,8.410670870796242,758.4281505933219,sugarcane,3392.22
123,52,83,21.733992516588444,71.91158415994872,6.879422005852092,1112.0189187927754,wheat,4713.12
72,44,119,35.01659853813278,56.702602054332196,7.902337879288989,1252.3881857091706,wheat,3517.02
21,87,41,26.3467154998984,64.16959363476789,4.535535215315312,319.9979922964819,sugarcane,2197.29
107,67,35,31.76351266265227,91.56599746087437,4.6465265593984775,1372.6265342889265,sugarcane,4463.43
57,42,34,22.958800553400273,68.68801175885345,6.886897349303453,1079.9763693562904,mango,3092.02
149,23,84,24.530748819371915,72.76245579687455,6.055932406401757,1166.4344142456225,rice,4212.36
40,43,32,39.76781396557763,34.15423586169417,8.059031259892615,1699.0340127820305,rice,3334.63
77,70,66,21.190427179367965,40.789639943883145,5.707927652342935,816.0076015487598,mango,3449.66
41,13,135,27.66140942591285,49.561897966753236,6.22820411001619,513.2920004570624,sugarcane,2551.97
108,97,96,36.110058579763304,65.0596556718293,6.611636791326273,1193.2583162725173,cotton,4643.54
68,68,40,20.98058034164645,80.47840823891588,5.592155331544991,1901.0394515634298,maize,4818.9
78,38,73,25.380343917108267,50.88065705625816,8.133979469813177,1132.1653145260361,mango,3468.5
34,92,42,30.377282184249708,53.164857981120306,6.3581343386323885,1697.4419134151117,groundnut,3520.54
70,15,11,27.029703786877562,46.64980753629368,6.196622436476067,1562.6576980298596,mango,3367.73
127,58,27,26.487556664257937,46.54960640419488,7.89901219573733,1132.9954166176967,sugarcane,3808.84
74,49,93,24.062743283053088,91.67614998316178,5.7479136065915934,1365.5985997761604,cotton,4078.93
83,92,44,29.666158194373125,71.30471667522785,7.769861378043844,932.0243313739853,chickpea,3743.67
70,74,123,30.60931744809026,40.13358083009655,4.989091410885398,1155.1316403749488,sugarcane,4055.45
40,78,119,31.332238522534066,76.94615757547689,5.231154133459599,1113.1143595231424,banana,3893.12
92,36,97,16.759202697650732,76.93137431840188,8.303366664686939,1476.3986533239913,banana,4540.68
37,89,81,30.77585439280122,73.32056274349083,7.869789963230832,937.9663748413088,maize,3649.79
108,15,134,38.830929469530815,38.756828930893136,6.051595605825625,379.5808207198521,sugarcane,4054.38
79,22,39,28.52465588820209,56.51944642552315,7.053825794868118,1619.677141064521,tomato,3805.99
33,73,62,32.88167706273111,36.93916148213685,8.271880757723823,1432.7354059907736,banana,3031.99
28,71,147,28.918307693980445,83.08033276598887,5.347435611456337,1910.2222198232578,wheat,4211.42
109,28,96,36.36851546479947,72.58618930656476,4.736041880892003,971.689116526153,chickpea,4507.47
72,85,148,38.23957736493922,62.96825588990819,6.649872258021221,340.7701824399705,wheat,4452.73
149,89,22,19.605497482408982,52.29600597253878,5.070387514654373,418.91417545383734,groundnut,4592.0
103,52,49,25.921500913928163,41.976215842138174,5.2492763708455,1591.9751777655404,maize,3622.91
111,83,98,24.809552523318033,36.91909327415201,8.066156758926319,321.9631090014835,groundnut,3218.7
130,98,77,25.13037808248197,93.00063948989848,4.529613834579566,1834.0870608727137,groundnut,5027.54
27,29,51,18.138104530696896,42.9771617271415,7.767280105855474,706.9702003313337,banana,2453.81
54,77,103,35.34039314951798,33.89185073689007,6.56780310534243,1817.9822730427845,sugarcane,3823.07
100,53,28,15.894156075373381,92.50834019186226,6.737177550581201,1592.312327841703,rice,4457.89
69,32,32,28.205665193178923,65.68186318825876,7.18707184182545,1768.161865325042,banana,3546.48
123,11,63,31.54695970111728,81.78268777442429,6.2257799692320415,585.2714451859383,mango,3418.92
21,31,74,20.18673595147193,32.8447800678907,4.9624475527696585,1272.2482924644228,rice,2732.61
73,66,149,37.64625480246989,66.85148073617755,4.911280895219296,368.4604377303607,sugarcane,3772.7
125,81,33,35.96373017561983,55.883647667669685,7.517448796735771,564.1053815708767,groundnut,4400.08
23,16,43,26.777093237098132,80.17768823274243,5.384140573069139,757.8240092070832,cotton,2680.27
73,87,62,25.278723308503466,32.49766696653881,4.612406734470577,1533.4626647180417,maize,3925.36
63,65,145,20.9141981302775,56.10988695650494,8.418455556395765,244.48588289926997,sugarcane,3150.79
33,76,27,33.249830616124086,81.93977226660274,8.421566077442773,1825.6111091698456,cotton,3687.07
114,25,66,18.293594990799104,63.975322201494045,6.012565349375119,327.44632468325904,chickpea,3870.93
67,92,121,32.00594384609458,65.75251816490925,4.602095378228453,877.6823516203289,groundnut,4123.59
34,60,14,36.06142465296034,36.315704327787756,7.409058634370998,345.9613309914514,wheat,2289.81
59,91,22,20.711789397925592,38.60148614780594,7.824048241942677,1584.1421175860728,mango,3630.61
101,89,92,36.66068507246891,74.00497434877607,5.0000547604632395,454.3669521249622,cotton,4313.07
130,81,38,15.83307998598771,73.87803044884478,5.041834459636945,1792.5624384724238,sugarcane,5174.75
72,21,12,37.81968463466313,93.64172062639776,7.788895998787162,1154.399575864747,wheat,3243.95
43,62,99,17.95905569628245,76.27694422426077,8.187629554860939,1907.251075019713,banana,3635.2
143,84,113,31.143979448450814,62.060827235674076,7.663019346696599,722.6496430547516,chickpea,4511.09
60,14,132,21.252061722848545,85.72630852968094,5.302979796678118,1017.7690733811038,chickpea,3722.22
34,36,85,35.913809779240346,36.79074407803586,6.146084877736884,1449.6445321932404,banana,3161.96
64,21,139,27.807509022886663,59.20422835825654,6.903369703463657,1697.443962627729,chickpea,4199.45
84,26,117,18.381029781162535,48.66209221029203,5.141173895283314,958.4427579420922,wheat,3812.25
108,15,91,29.27478928314946,36.801457450295665,5.342409970530033,1806.3785689888955,wheat,3403.0
90,14,86,25.197065254924578,79.62763550682381,5.63154428827422,412.3769749839114,maize,3349.87
28,66,11,31.53619541532753,63.20148198242745,6.538053081163346,1475.6324938581718,rice,3346.79
107,37,136,37.047582119086485,66.1899667933369,6.543219548710191,826.7581679845888,sugarcane,4663.35
148,87,144,25.23472827958546,56.731587214171384,7.75717807739021,382.4038714386745,cotton,4745.93
82,78,35,22.24701698834649,59.92192005417779,7.512040802750502,895.996202243607,maize,4088.05
100,68,97,15.36287736319022,37.5411301629952,8.154942700439769,1784.3881240740222,rice,4413.78
52,42,25,29.37097594649687,73.73965857865346,7.831606891298385,1964.960968319552,wheat,3719.37
142,71,82,25.05686918578584,58.10907837433889,5.515510193222619,907.0397427808687,groundnut,4535.87
24,59,41,24.36623047537072,83.0898922534229,5.8251870772159995,1795.5494980514752,maize,3585.07
60,28,24,19.573383032105312,42.758668009299946,6.501692974530135,1117.3779492353808,tomato,3149.26
47,95,14,25.751383629781856,43.328581072224324,4.557084538254578,1490.6270677950947,chickpea,3222.55
91,78,83,39.61104883958421,71.97437214949471,8.115608025134886,281.6685600928817,chickpea,4083.01
31,75,61,22.44385384180611,84.9902225208308,4.677376850249357,1203.1615495712422,wheat,3718.96
52,56,86,29.992610335202507,60.69285951018139,5.789765083266545,326.29148517978274,rice,3524.94
67,48,119,34.41217203289167,77.2520014676515,6.776699164785627,683.5123227688388,mango,3543.8
81,77,115,33.72894557941329,94.95644489705056,6.571365554427463,1220.2657865636215,sugarcane,4390.17
56,42,136,23.21935718731477,94.36726658238032,7.117839571303499,1652.894779559025,maize,4511.82
118,22,16,30.27150208792126,78.3818947834105,6.610080701176836,1209.6085588470391,banana,4019.93
123,93,49,36.78161713175393,78.07312182908618,5.416005702812138,1885.1447740073781,tomato,5103.36
54,63,108,15.386185693326949,46.09522766792887,5.3043127511754875,1658.5985136365039,tomato,3467.67
120,16,94,25.89335892108269,84.18007605034529,8.128988276301994,481.23226298918473,cotton,3438.68
20,88,74,20.606835456047634,56.33163825806284,5.55586694694237,900.1252741302872,tomato,3255.53
24,96,141,24.715807259970973,92.52960414134347,5.623908935518054,1403.273769152202,chickpea,4028.55
122,23,20,25.399740199381043,35.29279976595081,6.151811584401378,1889.1308568967222,sugarcane,4207.5
46,96,117,33.666774119665924,58.32962397672719,5.057753308599896,1977.8885637404076,wheat,4076.29
34,28,35,17.34554680988608,66.1296316994274,6.5290913776929616,1573.7355883330529,tomato,2984.56
109,63,94,27.814597578312764,56.335153460600715,7.160127046808526,1232.784750042855,banana,3682.73
61,29,132,29.104869794968632,43.68764738282132,7.6440019683094675,1561.8974415283853,maize,4044.49
143,38,77,27.35394008879511,68.54425177086314,7.3458169674569165,691.8255550351059,rice,4518.75
82,33,113,33.296831326568004,79.13466445063395,5.090543856321055,710.4854490673389,sugarcane,3299.46
115,91,89,24.594781397671184,71.91450874131277,6.324268579883696,1377.8288230921817,cotton,4335.46
71,72,62,38.6241765910019,45.239175172522565,4.654344803232714,1769.3040375198386,tomato,3619.07
115,83,115,27.045086063473533,77.55451638395405,4.571191986883797,1945.6570805174367,chickpea,5362.25
48,66,53,29.28034774036994,46.69835739289661,6.2605216730952025,814.4022814961928,mango,3049.14
55,17,149,35.638270583668735,41.3881535900626,5.511841977830516,1633.7965215823765,groundnut,3561.42
32,99,99,21.88090264827806,74.89342100351695,7.233443179493451,1732.7554495174886,rice,4473.47
90,71,110,16.880050719070063,84.78117099740538,7.396963147253651,1321.711837456507,banana,4275.64
105,38,106,32.69459945906206,61.30006410027734,8.081614898233022,825.6653880135732,maize,3677.96
47,83,18,27.075296388709468,64.54046655399846,7.542730054156155,1314.3594174928419,cotton,3530.05
85,26,21,37.41260627397487,49.67859208063011,4.692976492546167,1252.008027760723,wheat,3100.68
64,75,78,39.56700121806085,62.1501709821521,5.98649204143107,1291.7459104336835,groundnut,3685.19
81,15,37,24.97773376436823,38.578894870806465,5.5920934070084884,1314.6683848178986,maize,3396.11
47,67,65,25.38597540649152,92.12900392939434,6.044529799308645,1724.704743569051,sugarcane,4295.67
47,78,108,25.19906505514316,82.02344248767875,5.140302635874806,506.1467238811946,mango,3847.01
127,37,119,23.113852743273153,73.418248953442,4.890816414762374,861.1291057073025,wheat,4292.38
63,71,86,34.54217744415993,64.9826341594862,6.583938170033603,1254.8031092312806,maize,3490.37
103,50,112,33.97489406226819,81.49099385481769,7.381525243465577,709.9899295009275,maize,4236.9
49,78,115,26.96612176376312,62.15922057307728,7.307643607727771,1960.6756197512707,mango,3916.24
94,91,118,16.116530409472468,49.498304030044615,6.303777288704909,673.6704672841925,groundnut,3640.31
147,99,121,22.738982537826836,40.42432528583368,6.589115945155784,1045.3319851562574,maize,4992.13
111,93,67,22.307576163870937,72.09306327211748,6.565314890034566,1779.257082283523,wheat,5042.29
148,50,87,35.27718115500646,90.41267342672342,7.266281511072225,344.1145927884072,rice,5051.73
140,58,84,17.189389335404368,39.985205977782826,4.691700703824097,1677.2384037696534,maize,4169.54
46,58,51,35.1418844760676,41.70117292830244,7.339584435484896,1227.815064154406,maize,3379.1
140,85,77,31.729591304978577,58.18439217161978,6.82880360302915,257.24367347540675,maize,3926.47
135,80,42,33.31103647826123,82.44845761477978,5.292434858686297,1825.2432055401846,chickpea,5407.0
22,12,80,25.805329689625587,49.1049773831478,4.696235414985058,270.55430382033745,wheat,1905.57
122,19,65,31.993144900043955,46.504340103551826,4.934111162231554,1127.3920332883272,cotton,3634.41
81,98,114,30.225723617672898,70.2978089450842,6.598765365677078,288.25624345822604,maize,4061.69
70,44,110,34.22450488071574,64.81496082183156,7.533634120365131,328.16017725409665,sugarcane,3626.87
78,89,60,26.1692458617063,33.91432368894036,5.838629148498004,1796.9677656642054,mango,3651.28
137,11,83,26.82064062240756,35.29684852510297,6.016495642820887,1578.4859845323983,mango,4163.46
115,33,130,31.089405568495504,71.7958437120098,8.23658566018445,554.4941118408046,chickpea,3836.32
132,83,14,17.701937341659708,60.23303394460567,5.3520523361303045,1316.842351785657,banana,5065.97
81,47,92,25.906111209107934,93.11351745329455,4.9149976983014065,1630.423223176188,sugarcane,3991.1
71,31,60,39.298771131495144,74.10454169745421,5.873640455200071,1801.2631544603564,sugarcane,3173.1
31,35,19,15.93880800150114,30.654788029560045,7.483688477969094,1042.9524683104632,wheat,2935.85
58,52,149,22.900118071659847,61.266220687030014,7.004309164224527,1815.4997793221676,groundnut,4449.17
149,64,13,22.85274547723427,56.93911577730617,6.163181757478277,1114.1301308916109,rice,4204.72
132,48,104,30.836602980894316,36.936400899594965,8.359010131327322,1438.8104759198438,wheat,4288.25
120,38,89,17.645008985603496,90.00857433169236,7.439985753178293,1962.2528469652505,maize,4688.92
132,29,45,30.713600771971528,82.32573444031203,4.747445697533175,624.7132205501482,chickpea,3326.63
100,50,34,17.376006016290486,44.95558404730012,7.478525775416193,503.33829694846065,mango,3275.16
132,63,107,17.373841185458275,46.638749324794816,4.596154223623433,815.6338849601663,cotton,4160.2
21,29,110,33.20458392971206,32.08117346576431,7.101293292469622,495.9182408965569,chickpea,2614.38
149,28,18,23.10337934581991,49.28663435263766,5.341931345170635,711.4930502687735,banana,3485.0
73,93,70,39.4355736928437,68.00043057936799,7.285768836150231,1537.3735820670872,tomato,4068.41
106,75,62,15.933823410888873,57.35482024513344,5.739118266591184,1059.543264658317,maize,4058.22
148,39,72,26.12766659294985,93.00160514177927,7.992025231822259,875.0743300908233,chickpea,4297.5
145,62,130,17.82839844185059,33.64521100213861,5.847655346365842,863.7032094964276,wheat,4897.48
149,43,114,23.784474168952716,68.44296032843569,6.978783421617187,550.1539548200958,banana,4844.43
72,31,13,39.955561265226265,85.79011363295812,5.643710238615953,1005.3406177165914,groundnut,3254.36
87,76,102,37.22106279346329,61.24815930663197,8.168886180568713,1324.3440056387171,wheat,4346.7
142,15,37,16.208110221384924,30.192576836425793,7.623983924112689,450.4787021328027,banana,2996.08
57,88,89,29.081396095642084,45.78209748870789,5.473211505378412,1951.0631506463862,wheat,3973.93
43,36,85,31.19555762061089,51.0449834184178,8.29518685023464,997.9061175681205,mango,3408.2
88,19,125,20.23836559875314,92.78964214623505,5.928630358304913,1906.3296501525106,wheat,4822.12
135,82,78,18.627639334911258,89.26526331951547,7.10745979066875,442.38606792353335,rice,4775.45
117,57,107,37.60952836663809,91.69608283199597,7.471412924457585,1580.9887157108244,maize,4849.18
116,79,10,39.22041103708442,83.67429974510294,4.591608645859649,1311.748490978381,cotton,4267.78
143,68,105,39.79732143299104,52.857102717403784,8.335869384628985,1676.1154151780675,maize,4435.73
89,68,26,34.744044343365864,88.88196743625303,5.87776522434946,1281.2202613193692,cotton,4081.08
112,11,121,31.587551735131427,93.80949288590817,5.2591155737248965,1933.105939837051,cotton,4868.32
22,38,100,23.64325630482495,52.75463529787194,7.902831166913993,1328.4772956737436,cotton,3041.43
109,77,97,19.28495780811881,46.93613778911918,7.311597131293658,1612.2874256200425,rice,4554.84
115,74,99,16.974514984155793,65.54955903084439,4.84697309049341,1779.6471905600613,mango,4568.05
71,92,58,32.3324367137873,42.16489251893045,4.968178325507078,1486.250248178828,tomato,3540.68
147,35,47,34.61808537948396,32.12057439141471,7.360767482614596,1143.6259818136887,chickpea,3743.14
58,98,141,35.6613413113745,91.47902612253154,4.799133023836336,691.0707417741565,maize,4114.63
101,19,68,37.844125082594964,90.17314110869225,8.16870174049626,1738.0867041122046,wheat,4444.74
123,62,77,36.998239090959345,40.57250049453787,7.466160547790533,1065.040854839621,banana,3892.76
148,88,139,39.99353180645231,56.503116050431764,5.841968823867955,1317.2748074031063,chickpea,5312.19
30,68,58,21.10160027418128,84.01736036272456,5.951755116901353,342.6077681856557,cotton,3127.88
61,31,135,34.082690380305266,72.96501942335544,6.525984384816406,1095.2323816283297,cotton,4207.41
118,60,120,29.66148780936994,55.66118809609641,5.943877654594161,1456.683759235721,mango,4701.55
26,57,57,21.531128311339558,78.37111481688324,7.633874205753263,1251.329437880786,sugarcane,2845.94
109,30,60,39.54763305717357,88.30808023366241,8.398947776406462,1007.398740882269,sugarcane,4587.4
131,31,52,37.447452619356305,90.20029148418142,6.838086061752772,602.1691701494046,chickpea,4523.88
79,39,107,18.212891711102912,54.62522477494228,6.284149310670116,757.4063601622872,rice,3832.54
132,34,133,15.653958558085495,41.281444204733226,5.391096561072869,1461.123844692142,wheat,4325.39
21,37,89,32.20826905831692,89.33452578260838,7.113733676991201,603.5432579109181,maize,3000.38
148,74,120,30.10326572141338,36.01610398096684,7.242307447261588,1319.1079075559874,tomato,4449.65
67,54,36,38.39539060277865,76.90974542983064,7.2407624280574545,1261.5277026011656,groundnut,3604.63
56,77,122,20.850132179009247,39.13232546595211,4.60794014347397,1946.7514628963547,groundnut,4031.6
28,16,95,17.109698697374675,55.31014555339999,8.096488402641883,309.4073164724058,tomato,2399.77
118,58,123,21.48038334429966,56.75112352542678,5.852426253716707,394.6206931329107,rice,4688.45
67,18,133,15.473191012786586,40.31926448228542,7.476663049926437,1110.9502381623627,groundnut,3626.46
73,45,58,15.89731877972331,89.97429321042978,7.53922762840128,1148.7976856365422,tomato,4136.34
139,92,85,37.87144514801899,30.173430920603607,7.102219915248958,271.86978584930824,maize,4338.39
135,10,64,23.800414562546955,88.09755530908099,6.079466092577169,1686.5397575470138,cotton,4729.96
94,19,65,25.270225025242016,87.44890602590655,6.933536867266103,1090.5022965852122,groundnut,4096.15
132,45,104,15.45929136345261,50.6026374903701,4.660794765031506,823.9587439529517,wheat,3510.89
123,82,53,21.763044504296165,75.7784775421529,7.5475831687516255,773.9367871067766,wheat,4306.5
103,55,96,35.118149593535776,46.43257923439051,4.898354593313355,1750.5329267975262,wheat,3836.01
131,41,93,30.387273991667982,79.320281546506,6.087003703198407,554.1191595707246,cotton,4019.33
118,41,25,33.844515027160384,66.47278321620331,4.914475150659866,488.75186977869663,mango,3898.36
112,15,46,26.180343519844627,49.51465452609779,7.848297783276378,583.7213526019098,cotton,2955.8
147,57,86,22.74323054378325,56.01525898644755,6.701209573743837,1325.0405857735345,cotton,4445.39
129,47,54,27.070252333209258,74.84276759549623,7.26382048067709,1659.6755401311366,cotton,4774.57
101,26,71,23.07677671014378,88.8963342268459,7.2303286793704515,795.7616488187232,chickpea,3931.69
73,83,109,35.9742774168517,38.497223576872855,7.866424926634018,512.2315966066632,sugarcane,3655.0
87,36,61,22.441842889821142,67.13865802849521,5.030277613380539,576.549501731517,maize,3902.97
52,63,28,31.494091011327093,46.49239796471264,7.138912561619536,1314.530801332132,chickpea,3466.18
40,59,118,18.424555557738195,82.08919624190484,6.80053621761463,642.8634071856138,wheat,3174.06
67,44,53,32.171662343372745,34.56542488151627,4.623588490285261,1779.1044164324603,rice,3654.61
147,94,16,37.83249279000084,74.78212636112605,5.30569163529121,387.0044379457652,mango,4292.2
147,34,126,30.21457886599771,41.371490889916934,5.570286165512883,258.26336120993636,sugarcane,4119.77
52,37,77,28.99638450086193,68.7650521962099,4.790225501716664,359.0808427296271,tomato,2419.7
134,24,43,39.027956700541004,84.32001816752498,5.918879223595206,1722.1576166953766,rice,4783.09
138,13,78,30.68491388289616,79.08024303790917,4.608810034861903,1372.2131353981897,rice,3952.79
41,82,64,21.488760831827065,78.94128769943643,6.712733969030918,1923.9403396110506,rice,4347.75
57,36,19,22.30977559619351,63.65994529214884,5.346003842319149,805.3337742855637,mango,2716.31
128,35,51,32.632666063398176,87.89846347023189,5.648012422036794,582.8206304174589,banana,4330.25
70,28,50,33.38591484730466,68.22683788572986,8.141886504685136,1211.5554307647485,groundnut,2967.25
27,26,131,22.58740579472538,89.63866795572208,6.511267396494102,1168.0909024281473,tomato,3197.51
46,52,147,23.633599448158257,65.52395975910714,5.576055724977664,1263.8431787515792,groundnut,3689.15
46,50,19,39.776412718477175,62.887761596300194,6.893847032992265,825.5609527886279,groundnut,3109.48
40,51,111,17.548813739506937,44.45294624867044,5.306685739469982,210.61449206621617,cotton,2470.29
49,59,137,25.116125711002482,65.41113251196333,4.79758274305674,263.0569752931103,sugarcane,3336.43
116,93,145,16.561188279937685,39.1380140311783,4.583625417601075,1394.8876305605231,tomato,4924.69
47,49,101,35.52695904995603,86.52986308187045,8.306116181505026,1141.8644866798663,wheat,3229.23
130,48,122,17.308645973635805,73.93297276603907,7.398443296572465,1677.8202673722924,wheat,5059.09
80,32,87,31.85018391156778,94.58630415204122,7.69979259316953,740.7377458162345,tomato,3949.2
67,61,94,16.412085600087053,35.986332806384,8.423670912715327,1667.8500270161153,chickpea,3609.37
23,56,39,31.821375945242277,45.64372873994365,8.226514813653758,965.8845442127779,sugarcane,2574.66
54,72,58,36.07592367319258,87.01530927729905,7.447652794550064,374.05709398340707,banana,3006.37
68,78,18,24.970538173101435,55.691516484979644,7.275948279277277,1960.2408126632497,sugarcane,4081.88
36,52,78,28.053162335804423,60.30969434882334,5.847399987741507,1121.4846724619358,cotton,3322.31
65,57,67,25.03854345013206,85.94237268019509,4.9160690071804085,1333.0613251322234,wheat,3904.56
136,43,71,22.512218965815972,63.9185096217469,6.794890193470303,1407.4349356812222,maize,5249.07
25,49,61,35.0815850156782,42.57593021193393,6.8050131803543685,852.3420540083852,wheat,2741.18
118,84,49,21.80006434327474,87.98195750163576,8.308949141662977,1545.550975751847,chickpea,4811.05
143,70,72,33.07358560973618,32.01900766749718,6.270283226646837,1766.4796376318309,banana,5191.41
56,59,59,20.154926981380058,88.2007573968238,7.263230497224273,896.9365575449458,sugarcane,3640.5
43,76,87,21.24634490195824,33.28381473370175,6.799882509586887,1382.6015959367867,rice,3323.18
112,71,106,23.411529064430304,73.28020869900833,5.207040916404197,1562.822883158977,wheat,4881.78
65,67,52,29.728909434844706,34.659159678896756,6.868257231019667,542.2266158403463,cotton,2932.96
114,42,45,26.360557978988528,75.90384408772925,6.66046683745128,798.6729519127414,tomato,4423.11
118,84,131,33.62862024569551,32.208135886641806,6.475623975637422,395.83252348571875,cotton,4413.76
135,25,117,20.339182508404807,84.75975230120119,6.553691734593899,1283.9752356467661,rice,4628.21
86,91,19,15.266807196220853,60.28635681044901,5.1559518878354815,1641.6878524775411,tomato,3702.95
147,57,104,34.4139367946305,36.074504323477065,6.353910924922671,1299.5095818528805,mango,4775.49
37,19,15,35.54123334700181,75.94326392565935,6.922613087286387,523.6108957586791,tomato,2705.5
44,91,66,16.487004077709738,61.80386023774456,6.4577967947421575,1183.4632838470473,cotton,3416.01
73,47,138,30.27268805395991,42.41167582690379,6.454744780504589,1702.8814673475374,maize,4446.49
77,28,80,24.45516959682695,31.018704302767176,4.810070839171943,744.9046329407944,mango,3176.73
86,45,30,34.84739137986292,57.169886882159915,5.263096608066879,1698.7727040547527,cotton,3880.02
123,68,101,36.86036385491197,35.56589999735481,5.783890771102003,1612.3219107859784,cotton,4806.75
43,72,136,36.27509416993122,36.121030386070416,6.177387975703626,239.13345410601477,groundnut,2907.47
133,86,89,34.4301061837713,47.376420643573994,6.875749775434417,631.0186653539035,banana,4182.48
51,55,65,21.726305718554073,70.97978932075759,7.953380418092243,1177.2963304359064,sugarcane,3379.52
105,12,125,35.297241089207915,64.4441895564617,5.136658952354615,1491.7112660346668,banana,3976.46
146,83,34,28.336961897657318,34.484175036814236,4.560352120842779,1784.9549461750926,rice,4683.02
149,74,14,16.31891537080227,92.94803293301054,6.296948523103663,1353.8761728822096,cotton,5267.62
36,17,129,26.423471247456224,87.66596473914842,6.228411589646512,884.6195082491704,rice,3280.18
123,60,30,38.55394792574983,46.84965666443529,6.7076048739806895,532.3289721271676,wheat,3549.18
62,90,27,37.19648374338882,37.95200743753918,7.832887085486002,1568.0645398323766,chickpea,3819.06
58,82,66,17.5566070249279,91.25618620920437,7.709442203929912,572.2068067834161,rice,3404.65
45,15,102,33.603167142859256,59.97421556224549,4.900173137720045,1451.7749386428495,sugarcane,3169.99
118,98,28,35.14482164895587,50.22585271014333,8.235981466706695,526.1809112681733,rice,3541.99
69,48,137,21.78470470591912,61.87327228573718,4.941657578697779,363.896930557036,groundnut,3286.37
32,69,106,26.790214268527308,80.2283693955168,7.0382820341369445,651.9804026717621,mango,3061.62
79,37,140,32.77469853659207,40.94504438969854,7.189625174382303,712.8736499452057,wheat,3991.1
76,63,30,25.976037220528696,79.88722917810497,7.219509948892353,1364.976442090838,groundnut,4243.13
55,46,49,17.819922971664425,78.71404121570126,5.561404686701564,489.59006193570605,cotton,2922.04
39,18,76,32.64706111704304,65.05763331465718,5.821380367059968,1874.5524433763987,groundnut,3616.98
84,91,136,37.79096724338259,86.27974876872281,6.694707500597588,1197.8510354160921,maize,4417.8
27,65,64,31.31211821015394,38.58931958104094,5.298349983200394,1083.6771154696378,cotton,3098.01
134,68,118,34.345018714225844,68.70613543326874,4.581241871333405,982.4501257550619,chickpea,4367.27
111,94,107,23.95906339144571,59.2072984126184,6.748577818034303,1219.8824245103438,groundnut,5149.0
117,11,121,19.579956128165872,57.44898733432906,6.361114288048029,240.40454089120811,mango,3924.15
85,70,124,31.069341540457312,46.41646963251915,7.126924824893848,1982.1554742423484,chickpea,4451.54
51,67,126,23.194280146030472,54.19817769264402,5.08680230333464,1203.5438771496788,rice,3587.32
105,69,96,36.50183797474482,37.02979914153828,7.863699578359405,263.35100385232,groundnut,3632.76
70,49,90,18.065701249450164,46.353933034713634,5.084885953842109,1261.9596884592797,wheat,3287.08
82,45,75,25.83659249332809,47.677732005575365,8.065374419520094,986.7417649214218,banana,3791.81
144,46,28,24.918190011709648,76.84341138490906,6.298084690382812,243.26785399953596,rice,4187.58
77,88,144,38.45134633884824,33.15577776857611,6.699221037490779,1863.9717538834514,tomato,4870.97
77,27,127,18.828370015110096,72.32750002980595,8.086325343855954,219.02036973286403,maize,2634.95
105,72,51,15.246170625300273,44.39164413655734,5.699652193908268,1240.1690183800786,wheat,4039.77
68,31,51,20.95213032017794,35.320997884559105,5.227307984964606,1931.2233457272032,wheat,3521.34
89,20,68,35.506921494216364,49.552400470553216,6.2830064832778145,627.6880945694468,chickpea,3343.78
34,67,29,20.233045401175424,44.59073651285918,5.477468914110827,657.522333638474,banana,2717.04
73,66,82,21.021951592637066,65.88210442959024,6.611375646161268,200.76163140827424,mango,3460.16
120,86,26,18.24747011342027,53.22946622411756,5.601031457777266,319.4321095783656,chickpea,4492.38
27,13,36,32.885905081913506,92.7895932565412,7.957958142381828,280.7991408387586,banana,2530.58
72,95,11,16.72935476263543,92.63072396040529,6.929298369030904,1680.781310639166,groundnut,4418.05
79,16,72,23.280207558213043,58.84149249281557,4.500962678971609,1706.1276259008541,maize,3858.59
127,70,71,22.062468165524113,81.68068494291688,7.7218949387192986,1508.060151532141,rice,4658.84
24,63,109,28.87899324475387,30.862455155956876,5.820849346904584,834.9410225307658,wheat,2574.89
122,97,28,33.26040662549339,65.60775300711217,5.780831936619828,1678.258009799916,mango,5039.49
25,77,26,28.321910867418687,78.31444619995364,6.03225124853787,1171.5941364371874,chickpea,3244.73
128,88,78,38.275649824376686,44.10130965147683,7.021050112336322,747.7584976638618,maize,4774.95
135,10,126,38.786065972183295,33.976164085786344,6.2682428415768925,987.0981844059027,rice,4517.95
113,64,90,24.036633212462885,40.13473083391963,7.01454218627881,318.3819857022362,maize,3104.56
66,12,48,34.442009406872316,58.7201256663007,5.0871228865431695,1900.8356361498447,wheat,3475.39
118,87,45,33.47003458170474,62.914142349157025,8.380657858096344,1314.4095512333122,groundnut,4664.23
74,47,141,37.32411479262068,54.75753293706995,7.418425148335455,1516.221460875031,mango,3610.34
71,10,38,26.198591005192583,58.5982948577547,5.5008284287135325,1417.8500667557778,banana,3376.85
32,47,60,28.261829679944807,60.56527237460328,7.3966796322991035,1401.9499721377651,tomato,3429.49
133,94,23,25.394357839539353,80.01338300407126,6.800101825046557,231.06977389503217,mango,4317.22
143,38,78,36.25942298249264,36.8407233750474,4.936755985614059,1145.668303612724,banana,4102.49
125,14,66,20.742557884053358,79.98178036536075,5.212785707152504,1679.0784115259614,chickpea,4747.77
139,83,21,20.99272695606112,74.76077464917488,4.665232567685859,280.13393254087987,groundnut,3601.1
82,30,26,24.315127589426993,78.20795261596066,7.736952286698724,1921.0982309988872,banana,4160.42
38,80,39,20.75857080255878,77.74044508189598,6.70681901038094,963.4874294107805,groundnut,3656.91
111,76,97,29.02517091037302,60.58846802711594,5.766994594600847,721.8118856924682,maize,4672.36
77,56,108,18.362252662387558,43.741011996458504,5.005379608112801,1157.2784509554972,mango,3419.41
109,93,32,23.00465548510138,64.88087877961726,6.436183503841517,1642.1855381174653,mango,5115.34
136,92,138,37.83611746188975,92.26883348459148,6.601045386871755,1054.5591111835477,wheat,5076.28
81,44,88,25.2306370047949,68.25416929056864,7.307794003922021,1361.1902178555054,mango,3906.85
42,77,41,33.70584291233773,30.718064438830545,8.379748841788366,1099.845898160348,maize,2551.19
146,78,18,17.83655479266435,33.88120881696539,6.239782121629499,1336.2900619540865,wheat,4651.34
148,10,24,21.189112703544616,94.5361231842309,6.124136826377477,448.45564735394584,groundnut,3860.63
77,77,36,35.183640530009214,34.676513350563624,5.97972001836049,269.59409512057994,cotton,3463.94
141,21,118,34.07482340724235,32.992935402918405,7.807695635867445,446.4225302553069,banana,3300.55
20,69,85,24.653897964845527,52.9465775083126,5.1252688855969515,714.5086603950717,rice,2763.93
53,36,74,38.859922550836856,93.00561821250687,5.875251614540358,656.0409124065923,groundnut,3994.15
115,65,118,37.76607539586364,50.71388499263627,7.399883219501564,1307.3156293891645,maize,4287.6
145,32,138,39.057518727806,56.64246850689259,4.562779741369786,1020.6009634416337,groundnut,4789.94
137,34,19,25.697867254694636,71.21500897855677,5.657522894422779,269.86156584832463,rice,3940.6
67,30,56,19.936839592142075,31.56726955621586,7.065788651018839,262.758631370646,maize,2293.95
108,70,132,30.666465977283526,88.35463253874721,5.243808392003219,363.0584038171984,mango,4456.06
136,72,68,32.11932895697996,63.763796141038085,5.710842276497084,835.5460833215587,groundnut,4943.64
148,61,105,18.136044611263,60.342708890263765,6.444180297932917,211.129311734713,banana,4366.62
35,97,112,34.66207585739765,85.94723304343097,6.188094263878749,1089.1770777742527,chickpea,3906.29
88,34,133,15.451505493999013,91.94997830827137,4.924108759821515,849.2053957567449,mango,4199.26
41,64,95,27.068209686919584,57.522640057044256,8.25294128902253,1199.7943443934873,mango,3326.75
112,55,121,23.275406487372372,41.208670154059995,4.677170882328371,1497.4854105490415,cotton,3827.62
95,41,36,33.5075764974771,83.02110255013474,7.498971025691272,651.751067863738,chickpea,3587.7
105,64,27,22.8190181855454,56.21192737946167,4.78569108436463,482.75056573203744,sugarcane,3307.75
48,14,91,35.67017781952582,90.8104600682648,6.369183212100317,700.4964007340975,chickpea,3341.52
88,45,81,29.87383721952026,91.74343394901389,5.201645166621644,203.1737275134299,cotton,2924.26
66,58,63,34.847334044051806,37.46388706188902,5.064391185715701,416.0233199464053,tomato,3047.61
113,67,80,39.73351594599059,92.17600787663534,5.0035919061669,1551.494654635402,rice,4274.86
104,48,47,31.97895864358892,53.937571153932865,6.311146546781369,601.0523163205132,cotton,3902.58
58,89,146,39.6237579090411,72.00641364771738,6.56193963754917,1989.7393408472694,tomato,5165.28
119,94,44,15.720908173042634,32.25875531271299,5.0335379741713595,502.0967384566565,wheat,3157.98
52,70,91,23.45349971209521,87.77747781544912,8.417582921064959,1619.7890880178882,mango,4427.54
120,18,142,17.69633161405773,71.70382640741622,5.531063547448893,1469.080049285962,sugarcane,4565.18
42,15,13,21.55762328461099,71.83104035216724,6.335365358411133,779.8378570693537,cotton,3095.62
29,44,32,35.97219747814436,88.64145039853645,5.365078230407632,795.3304584187374,banana,3253.19
88,48,57,15.808081633152257,63.042566368977305,6.475690581798182,1214.3928457407883,sugarcane,3525.39
119,31,134,28.00457339330984,56.683581623565786,7.524066329860728,1734.273375468605,wheat,4370.44
53,50,64,29.178217688309324,86.29836889900056,6.584408057177981,895.1364994150359,maize,4138.15
115,14,77,29.028778666798903,78.25733327164089,5.6425954828722205,310.1237856531318,banana,3313.85
20,51,97,26.882426845581392,91.68341822271856,5.493586434935752,873.9545184241341,maize,3444.13
88,96,10,34.765074119243884,91.10792306518462,7.535737624908213,573.1628118369345,banana,3689.53
23,90,144,18.33857723763878,54.85120069641562,4.972952702905053,1890.5726307170314,sugarcane,3709.55
35,85,104,22.764425388769684,59.05410885919216,5.9798659776234775,1455.0938234767057,banana,3854.46
43,96,149,30.393151336129318,46.6390219964006,5.105930866615541,291.49879558402756,sugarcane,4089.44
99,89,115,32.273784156698895,72.9421127940069,5.531903317177928,727.3793670726916,rice,4653.32
21,76,142,25.103710794426405,53.695228055777626,5.110732929939809,290.3887368574525,maize,2727.65
147,39,117,36.88428158318083,81.09654202949862,8.047090034169706,1694.0300066746147,groundnut,5145.55
103,66,51,25.387334917397858,37.900799447509186,7.427616796052128,1831.3335234328895,wheat,3616.71
143,95,111,25.06940335870833,37.56618532577348,6.7437089841770455,402.10329051033386,banana,3894.74
52,82,133,15.905181537184625,43.2895997922608,5.397700889982133,992.5220828156531,sugarcane,3759.55
120,38,149,28.778533404868348,35.47899224843188,6.540907308796779,1877.3899073055666,wheat,4990.83
31,46,112,32.717020962797626,70.30205449908526,6.58333282579029,461.381036086407,tomato,3689.52
86,96,83,17.8609540879212,39.57792979108801,6.861614902615624,725.4264631813668,chickpea,4031.13
84,22,117,22.63581915219677,40.39758963539752,4.740340628890926,747.6943703107805,banana,3284.79
93,41,131,34.53142384457131,30.92483454239579,8.391607884786826,254.1049619635973,cotton,3149.89
62,55,26,24.147985885339388,80.83585095053465,6.361755882401292,265.2918224419832,mango,3392.61
63,32,80,21.040061551000996,82.79924360252627,8.206127096396413,1915.0270887492431,groundnut,3576.81
48,54,71,31.805016589127806,40.53145706368858,4.539232458855905,1227.9666961752573,rice,2884.7
31,26,50,19.91896944179139,78.06908822736959,5.490233582541236,751.9669785715122,sugarcane,2480.67
114,94,128,37.39132298957942,58.18043300522837,4.915982281253342,881.6143892718521,sugarcane,4387.75
65,75,54,17.639959900653523,45.57366739275044,7.5784647094190865,1486.7172719210437,chickpea,3469.9
149,15,67,32.66374505707067,70.38999952479888,5.780500198378845,859.7309663983167,chickpea,4031.09
54,27,135,27.488717532159377,41.60146483256051,7.861970033662988,609.9687255679189,groundnut,2863.74
100,31,53,36.74823905992484,79.1974344974473,7.829541462863428,383.30721487963893,banana,3560.44
109,42,24,18.154877275655913,33.09498979208586,7.17117917122628,1512.0794210924669,maize,4131.01
27,39,87,31.947372962402195,92.34351064031443,7.163127214175908,525.0170300154045,chickpea,3243.96
112,90,79,29.301365979534538,34.67189149106059,7.30063876829254,325.36688586733567,tomato,3676.33
109,41,110,27.00225355600116,67.66414725116483,7.195055338519098,968.5180018936586,chickpea,4374.04
134,51,12,27.28518158581671,88.6426288579546,6.047633430737396,271.2277312604368,cotton,4063.26
124,87,95,33.049424044963274,30.77379047511027,7.231310578274184,1936.9965050171961,tomato,4876.32
77,19,83,38.44354137337055,62.40343996428871,8.089627876769434,1329.1273416347117,maize,3534.21
133,45,60,17.281291477976204,52.75045268019419,5.830293967506495,474.85425880380944,cotton,4438.2
94,43,76,15.487566190263006,67.72159236676409,8.279556104859815,510.41735560722947,cotton,3547.13
139,82,85,35.14261981203009,44.654730137947816,4.554326351595079,1225.6912644911217,groundnut,4348.14
40,37,102,17.704234688768985,34.21844912006211,5.896330153060949,841.8183632080285,chickpea,2725.38
120,20,16,39.66741990201059,70.68564739516594,5.02839360691496,1593.6801395378845,wheat,4233.38
118,87,22,30.48370622397093,57.09520056707116,5.006479316180094,1182.45167411405,tomato,3804.21
55,48,129,31.271659881353518,70.46156001590492,7.761717976046273,980.0009759448943,rice,4101.46
115,56,75,19.972292573450435,43.685044544459785,8.173473259000492,1933.364446517489,wheat,3780.51
56,28,13,21.007807757416863,52.01818209197632,7.611033016931943,903.3123011774402,mango,3134.07
31,24,147,31.483757577481253,66.50929030869966,8.40646287597024,921.0996628352184,rice,3377.84
132,37,97,37.74317094835492,68.55233059110728,5.365315880665083,1398.3903579094203,banana,4447.65
32,33,26,39.559763862939164,54.20046250532724,5.063199648838761,1657.0614514199028,maize,2707.96
42,81,61,19.95077366577734,48.20345836507617,6.582815128158455,1327.1869835453815,groundnut,3959.85
118,18,143,18.352990567744754,47.79054091675873,7.816150458970472,1457.4983996979713,wheat,4824.08
124,56,78,16.410033944019762,41.3554578423584,4.659356363352239,871.2768234199001,chickpea,3715.02
49,42,146,36.7074254540332,51.15132255142316,8.482262643999528,1063.0943056608676,maize,3573.85
36,71,30,22.367871171411718,42.9636219058593,6.908983716821291,554.663155642334,cotton,3089.47
132,28,33,15.045300846731292,71.19800140494641,8.41576724872551,1424.4436832573424,tomato,4290.72
81,76,13,20.595452151410722,66.98935488573582,5.960326532935108,598.6134927680771,mango,3549.54
103,83,12,23.511027002485463,54.868273538609806,6.3320952821343575,202.26223170886013,groundnut,3467.68
131,49,77,39.77465423741713,51.178951295930645,7.509445769589568,1880.771815652152,cotton,4733.16
105,56,110,28.08853984642704,45.44492301265176,7.670801802245275,750.8274341861969,maize,3286.53
38,74,63,20.117848689877533,64.80479008235719,5.432132213400961,553.9376764388041,tomato,3530.06
119,38,44,23.370458617836277,89.72867968246973,8.21920434523089,682.6641157383966,mango,3420.71
95,59,65,23.25769218892196,74.57069834028091,7.969692487338914,794.8058557135656,cotton,3608.11
28,22,117,15.493143661579387,78.38695641231187,4.572821212412794,1054.1835676067126,mango,3017.69
47,10,49,18.379576354285753,84.2345611376665,5.014272423420732,324.8330078334739,maize,2371.3
147,43,77,32.37991149258028,52.85627326696017,6.48438842562827,294.81168116981155,chickpea,3828.15
71,57,55,18.006274664268368,34.0869258374417,6.343822056452731,727.2393779685307,sugarcane,3686.91
102,86,87,20.76835691515297,70.46632221590687,7.333563420139342,732.3790361547725,banana,4831.73
130,57,15,23.768432460107718,42.26369892982212,4.858845504212136,411.76321006562307,banana,3937.9
136,58,26,33.943373612557345,66.9878372497183,7.079421226788506,928.6248697769616,cotton,4523.93
88,73,108,29.560024121698497,78.06816515520921,6.96547972453833,711.2516027650081,cotton,4985.85
118,70,90,32.22499962471421,80.93648963960938,5.434478393912178,246.8999950311262,banana,4119.1
44,38,11,29.175308135504306,49.619542816088504,6.669575857073598,1794.2974047579994,wheat,3146.22
142,48,86,32.08981063054672,63.308160117005485,5.388828827983928,1794.8342324784628,chickpea,4885.2
72,97,75,15.071053841599312,70.3627312580175,5.087692108402425,576.5280552442532,banana,4223.76
76,35,61,38.27245360928573,83.26624691054042,6.7925397386162825,493.1700106958262,banana,3708.17
58,26,101,17.773005771870164,79.49026323182159,8.40989711320228,1185.1269758245671,tomato,4028.22
128,80,31,25.15622739942262,94.21839586352907,5.44773339668698,1335.3563053665755,cotton,4802.62
61,22,120,34.27595925612137,30.525503974450707,5.921344597420608,1923.576603404731,mango,3238.67
141,78,116,25.880767950235597,58.436813656103645,5.5262929039601865,879.2272219516626,tomato,4571.95
94,35,76,38.6710637916879,46.64289161444831,5.5658392865859785,1312.7606171562052,cotton,4078.1
95,58,149,26.689723712469167,37.793070164416775,6.116768536746722,1780.7258824477572,banana,4411.42
28,76,78,36.873485140066784,89.248496330867,7.3074220426024805,1009.91681440553,groundnut,3638.94
93,16,93,35.27070283405678,94.8675342962196,4.655218096123781,420.2223520831869,sugarcane,3665.1
26,67,112,39.524657569967076,41.73875351380704,8.32849678274224,879.4051144939536,cotton,3533.27
46,58,48,38.163694518774385,32.498170532088636,4.6851195179569896,445.8204680659407,sugarcane,2795.5
141,62,22,37.45309586782197,47.878539099232526,8.02501272777824,229.95103556351052,rice,3868.0
24,74,50,33.290108512986706,84.26602467431572,8.077512395047997,1552.7955014282472,chickpea,3559.82
48,71,66,24.174953681705517,49.10285540795559,6.597956750366093,629.1626608916399,banana,3015.64
102,26,21,17.65313546412256,33.6985962323454,5.04798731447587,203.61268251015326,mango,2830.77
128,52,22,32.21612630660975,33.41199195694694,6.760583882227776,1770.378243563261,wheat,4894.94
84,34,129,39.46635203344913,57.782482154013366,7.014528639611399,998.8199092836306,mango,4079.03
105,12,106,33.165110933296724,90.56867199900529,7.931035831228446,629.9477833398054,tomato,3726.58
90,88,66,38.21823423193339,48.584828706576076,6.703581503078279,673.0219502397547,sugarcane,3780.24
64,38,49,35.10761782388792,57.765249245567844,6.142837583613353,632.9682079490905,tomato,3583.15
55,41,127,19.077866877916968,36.625697349869554,7.853164775416456,550.2010901406895,groundnut,2901.63
89,35,89,21.23009426478218,62.08223156248377,8.423807189410475,1714.2072042337336,rice,3922.11
38,25,137,23.54664004405876,75.27555917857076,7.080412820631733,506.5969418657652,mango,2917.4
127,34,44,19.2065111084501,47.62477347651927,7.997548149211238,1211.3384309829175,mango,3789.9
110,63,12,29.54128331682517,49.28623505436451,6.894940451316257,339.1764404099372,groundnut,3629.11
109,37,129,39.38626310337378,84.72837665140763,7.259151965641223,1909.1384771214805,banana,4848.03
38,82,14,34.03647083590397,30.67364195256651,7.252668470195675,1285.9650280026592,cotton,3026.21
58,65,20,25.584668726686544,71.37059605575631,7.319147947361062,1825.674520164128,sugarcane,3473.79
145,74,135,15.112612024507216,55.6025012712051,5.7840537757145345,916.1800030558913,sugarcane,4746.61
145,95,80,22.83190027845447,49.394733381495485,6.802645585086849,1659.2097021723405,chickpea,5817.81
77,89,126,28.168982192305382,72.743599095852,6.876542335895182,1736.5780630087602,chickpea,4765.05
80,50,147,23.106271846299265,84.25345391633084,5.760286506852928,1465.3087241216058,chickpea,4668.11
146,60,115,17.77587307559649,66.29548756136379,5.899409470814655,367.3054396166714,sugarcane,4322.89
124,80,125,26.069123921547366,32.02115042629864,7.5489870600668585,228.94415553063075,cotton,4045.85
20,87,76,21.331320424142906,59.991077403662445,6.830895362468997,503.40740970119924,banana,3036.79
111,38,40,37.730809411537535,60.07939615810825,5.096844591852674,412.5741625400212,rice,3762.69
132,92,84,17.543863212525395,65.3469021622995,7.850547954731489,1505.2477955597187,rice,5259.35
75,28,80,16.228815718117758,73.6123285678309,8.03245714829728,1202.6122772408169,groundnut,3979.09
136,75,75,15.132854228871551,31.25569622973213,6.364564591831257,1146.7115561820906,maize,4496.69
77,50,79,23.201742112141446,62.630820585983784,5.335629728091708,655.161140590653,wheat,4110.19
63,54,50,31.509670955022216,68.2400050097384,8.29042598161962,478.29356612667493,cotton,3332.12
80,24,29,33.26034382204482,52.31797011704337,8.029078258078306,571.7863455840127,maize,2447.85
66,12,149,26.331542084543077,73.44373972837815,5.477526985367354,920.4986133460642,tomato,4137.06
99,20,48,32.10821626138167,44.83155161339612,4.88237494521079,1532.2577721697153,chickpea,3558.07
137,62,54,23.997850905384084,50.629201649384356,6.262614430196427,658.1299097656458,tomato,4551.29
39,55,148,31.69515549966542,92.5790975825812,7.205587945974958,1457.5034022656962,rice,3880.86
66,39,79,16.014899632559334,52.624574105974105,5.201554340879776,1084.7212767287183,wheat,3351.47
68,66,134,24.768824614175102,52.522557678773424,6.552850633726992,1793.7935273194273,maize,4653.18
33,27,100,34.77124194082948,68.71924132850249,6.201661977090067,619.24620960026,mango,3137.26
20,60,79,35.07515076147503,93.11339644090391,8.062204595077862,1011.542028711696,banana,3272.75
136,57,139,32.903719471892366,93.90022898694502,6.218266531228514,373.9965808982079,wheat,4129.23
73,75,93,20.10596551424661,67.67776763896055,6.63510557494015,803.2756567201772,sugarcane,3777.19
137,17,98,21.180127973265833,30.070656287320613,8.32114478400729,1112.3847992579654,wheat,3560.57
22,31,88,39.90221818161281,88.54267579994598,5.698767063498258,1518.9323858044263,groundnut,2918.29
31,15,122,17.584450180048997,67.06546769750813,5.655963727767766,556.5388161055372,sugarcane,2711.49
93,85,102,19.516567472560233,53.789766538845825,7.698380319768171,592.5658311316386,maize,4518.04
35,66,81,18.250656391253315,83.89768416603599,5.610155944575874,1336.8401129378888,tomato,4074.21
121,45,58,23.191374092090392,55.989109857763324,7.8274634802928205,888.4240102177608,banana,3656.43
136,88,61,20.254395880848083,32.212892903017206,4.88214243744658,1067.770761018226,groundnut,4077.84
27,66,42,27.4421989886943,83.36969449870622,4.945044989237873,1705.0427638017331,wheat,3339.09
141,58,31,26.900517672002998,65.48086106628455,8.105293496651086,1098.3499419161453,rice,4501.01
111,54,123,37.537640486282584,51.97932998457275,6.663249129929741,1374.498885096508,sugarcane,4683.05
109,91,142,15.868498686119537,46.30800446300033,7.375257066776955,1382.19507498795,maize,4555.25
79,75,27,22.996989416694085,68.59683486200267,5.401155567450177,1646.5014973208329,maize,3848.4
47,86,127,29.916447299927256,43.52322063463151,5.165097473528434,1348.6510792838435,mango,4120.71
120,54,126,30.120044046099096,51.05030762620521,7.839817048930561,316.6576861769525,tomato,4427.17
60,88,46,27.003155725355228,71.37447011190893,5.934493628092995,815.9113688363122,chickpea,3421.89
65,29,73,35.391638520365845,87.30038927638557,6.320130476487978,1980.769130316578,groundnut,4178.3
54,73,147,16.56805428536147,64.63787134545393,4.6118875891014355,553.7185198542538,rice,3645.55
101,76,88,35.38719413950339,79.34191588944103,6.043522936771866,1256.1123411464393,tomato,4556.3
134,92,132,27.36885601089259,79.59893924459772,7.581751232499913,1717.2931517790707,maize,5835.45
66,12,53,18.344017376925056,73.18300692286014,7.785100709144677,1255.8054093452372,chickpea,3274.28
29,63,91,37.142547838511945,45.97949194923365,7.295019155530167,870.086464628019,wheat,3655.03
75,87,96,31.230719488524088,86.34125887976572,7.268718934174968,344.4114128918703,maize,4356.6
49,73,25,19.08864217060348,58.357917616571825,6.524957066388632,850.9968245649709,groundnut,3096.42
128,49,63,15.841243084975666,32.87369835582054,6.653317317039292,527.7215208337212,banana,3832.65
24,68,111,18.527741208316233,45.89982355451913,7.470526987252574,1929.553069307564,banana,3372.23
138,64,107,30.21994900450984,79.76064301645553,5.489207195310891,1487.0573148049154,maize,4975.07
52,71,11,19.48240588150121,34.49366682813681,5.4260682729842244,1548.889677847752,groundnut,3466.5
137,13,103,20.644076871875704,39.57868614006923,8.299699295656218,984.7446788006806,sugarcane,3954.93
84,69,68,15.628493143907855,75.12474304271079,4.6107595470351015,397.9366906370711,chickpea,4200.59
30,84,78,33.07326680596509,88.01905133229013,5.057861854660726,680.0896751011778,cotton,3059.33
104,39,128,35.25910999398593,71.1925803287464,6.7813297048049925,667.4799873193942,maize,4193.58
45,11,101,34.92120441930308,44.448918498921046,7.451339354793394,1076.2028314427785,tomato,2821.16
82,71,54,18.189203784107107,33.47189461122066,6.6515643319400475,1029.7636160480429,wheat,3554.03
105,58,33,37.58252818471898,69.98322786577026,5.920255984659537,980.1347912693126,mango,4004.51
78,18,100,31.806970736852,33.080907565525656,8.41190447741187,1092.7594400469338,tomato,2967.32
46,40,103,37.43821555942161,69.82693337621421,7.315410740531384,1976.6415475666552,banana,4238.65
117,70,67,26.17901261326659,44.66269637047118,7.825563364268316,737.03653517519,mango,4440.73
124,88,137,25.923871527092444,88.80264405657394,4.660987496752816,1307.4844886184576,sugarcane,4442.27
118,57,16,34.613412967122386,60.88102345167852,5.443680441893535,631.1139392725487,sugarcane,4135.79
148,34,56,17.332446386918587,44.55599816513022,5.99668437436632,1039.8912786671276,chickpea,4973.05
74,45,62,28.021850915872143,85.45444557630844,5.230405592329112,560.0886196634749,chickpea,3559.07
25,17,47,35.90960589078064,46.512300899088046,4.791597090836589,1204.7460235395638,rice,2299.05
114,82,62,35.75481407673928,49.92893997411691,5.40036665837872,677.0212156706016,sugarcane,3835.2
121,67,57,38.90332140855922,84.22806343860462,6.63454252494817,266.2200500938954,banana,4135.87
22,54,104,32.45681483826366,50.07148193703874,7.282980993426821,1667.487964651076,chickpea,3562.13
42,71,146,20.19426573599321,56.66064499999143,7.596083691860324,430.8592018167515,maize,3291.4
72,48,73,15.50700787236452,52.59826859932633,4.671744619470868,862.4698384104302,banana,3272.02
102,67,102,26.98539496567755,37.56602065897443,6.211944688850364,1058.9196964001653,maize,3845.14
104,90,134,27.84259664056389,32.5282277960437,4.988846334341469,978.4640007594693,tomato,4088.8
97,92,48,21.006564612473287,77.09514381396379,6.224801545778687,1506.1983746420162,rice,4499.11
129,73,13,18.11743617809008,71.93391305582185,6.235903396481181,1274.1978726756997,wheat,4503.12
20,53,135,29.655204154762725,48.35379439088372,6.492846746848975,731.6681288734748,wheat,2750.73
70,38,12,34.10639185060353,49.213943124017106,8.071322505052958,293.0653997132063,groundnut,2508.02
23,68,73,39.828852589754014,91.42537589556429,7.720382010496358,1581.6712128557174,wheat,3642.69
132,80,38,33.95756543026296,94.198623270177,7.046883380545568,834.548828021159,chickpea,4746.66
51,18,125,34.840810356389525,60.77326871019008,8.041629291734123,1801.5045337999445,banana,4077.8
53,15,20,30.411521955719937,82.15936345629709,7.213874466018494,911.1021924858508,wheat,2995.66
111,38,106,39.64806647425044,77.88458193150875,7.775419843052301,1491.7854910478732,mango,4134.25
114,67,111,30.99890962786426,49.32565111828305,6.7551132039365065,1891.2164658224226,rice,4899.22
91,26,30,36.50633215999261,33.80657618383109,6.600873006523603,1372.0744111438637,wheat,3246.34
58,25,48,38.64461615602389,39.2661567137711,7.396388971089539,944.2800441155086,wheat,2645.94
137,96,111,38.24646251251403,84.48911760504961,4.578757247903004,1221.3186838146971,chickpea,5045.59
22,12,55,24.535383594583912,77.52889829975828,7.261510286525693,1178.2013393754069,sugarcane,2729.33
142,30,75,16.96655145785647,73.18176489004806,8.238072873617458,1252.676065976053,cotton,4096.93
69,73,100,19.29684256348117,38.49217406028214,7.355768319307016,464.27597415442244,maize,3255.13
31,99,120,16.480582634915187,71.5954946842841,4.647174897188874,1457.317788322358,chickpea,4067.4
73,45,91,17.6349233707285,80.1899015470525,6.011542563090895,461.0778890045369,wheat,3662.33
76,95,132,19.61628114734244,85.93911374091888,7.738325209085144,226.31039177170518,chickpea,3820.99
131,71,108,23.527357914685044,30.860033147585185,8.33443420017768,1324.6041812313144,tomato,4117.61
66,51,44,28.588491164376897,74.49088162210106,5.980653422545509,410.4444299160645,chickpea,3329.21
104,85,112,32.792051483877145,31.241347614208287,7.864776223507633,1586.740946080292,maize,4092.91
85,51,138,20.2731834026628,75.94673496032351,7.9552395012060515,1758.7387163014769,chickpea,4269.51
94,70,34,31.813060105953483,71.31538870758031,4.9931455973042,1900.5262225110673,groundnut,4124.08
122,22,52,32.60647686256049,39.642611089733215,7.88315386687475,1396.058533231505,tomato,3495.43
57,20,93,28.965558421654734,79.79791383743347,5.79699958255446,1067.6268072061475,cotton,3565.56
69,63,60,37.590446744967764,34.442595182329924,6.87295088626167,834.1059452704384,sugarcane,3245.23
117,25,139,17.774870348045265,83.71592029340118,6.655848477425684,1083.6651691753955,banana,5075.89
101,17,135,19.428036440060488,47.02540091513488,7.152215454944482,542.6340110485644,sugarcane,3318.19
49,68,78,25.71662060973712,74.77537104954322,7.461858603778921,827.1607660203675,wheat,3884.29
98,66,18,18.167818380855973,90.03980716642157,6.26352439047432,1492.274944702096,maize,4476.27
110,49,11,29.157403593102188,52.088756603774186,8.05324328859653,591.3613480415837,groundnut,3797.9
71,68,19,24.960011665235612,62.688115066127246,7.737993686246245,675.320844212597,groundnut,3676.45
98,11,123,22.11489486339796,60.102672206779275,7.641684370591439,1548.7908602741277,chickpea,3955.05
49,85,85,19.249745325440934,40.24473768908643,6.332987367737167,520.1046844889975,banana,2907.79
125,19,94,23.383455958705255,68.37028068189952,4.65029154337844,642.5976556520799,cotton,3805.28
70,53,58,30.19898377080855,78.29512470386162,6.469025625515778,231.58561308077063,banana,2855.1
100,20,79,29.39463027223529,89.59686388004825,8.093782136576731,1496.0928791631923,rice,4357.85
48,88,140,19.090600005255844,85.30216910721833,5.2618006224300755,1312.226418019581,groundnut,4348.87
93,89,142,18.122995268515837,63.151259682322056,8.430369888042351,1449.8938145207742,groundnut,4425.22
36,90,99,15.666919065221814,76.73611504327576,7.730762480052686,585.7899715159637,wheat,3387.77
103,99,35,15.310639844848307,82.05092186930304,7.3393191691282595,1437.2775033101684,mango,4309.61
88,11,81,36.99526089299213,62.076766392992674,7.208639831689283,1273.477911847862,sugarcane,3690.61
53,59,14,16.127221400134747,37.502791445777405,6.84810352773505,859.0213625996059,rice,2632.74
25,21,24,33.280527746831154,58.4654996500791,7.382681292996528,988.0864609419285,chickpea,2523.16
72,99,132,36.799627406123925,84.76107248310171,6.187622224877282,1222.2569058921347,tomato,4833.81
145,32,10,17.45144621406144,68.78169135059278,7.881152432080519,1087.925916957602,wheat,4265.62
62,27,12,25.90753559582544,77.08979450560705,7.285383824381123,1355.290518744868,tomato,3484.38
134,71,56,39.05757457935692,42.042421439918186,7.585012449518196,525.7632396907912,tomato,3887.09
130,71,104,35.85346651308963,92.68195493371536,7.669949688663918,1173.2779188491545,cotton,5119.2
99,47,22,27.242600796446375,56.265234417065116,4.86828018283561,1010.5030691561734,groundnut,3537.68
114,76,129,34.06427781978882,72.48630897665238,4.722563090750952,1029.836889225197,banana,4632.21
137,47,64,35.834440610791596,31.22669654838934,7.703943473938944,1044.8876910486715,cotton,3686.18
27,76,75,23.700674079717984,38.27575204659394,5.537536084152984,1786.649534880171,mango,3064.22
123,70,99,37.303822921749024,80.83222754251973,6.827879230047257,1673.529394045908,banana,5204.29
44,10,71,26.76183299192892,92.91801395881654,6.2748434208759445,1333.2259301069662,tomato,3670.92
115,54,111,28.19518408897075,50.803598078606086,4.588156814670537,1489.6764840842638,tomato,4146.78
112,37,148,39.992690945545775,32.416747771182216,4.661125032665086,277.0447449225919,groundnut,3919.13
80,30,17,36.08257415380403,53.456329128708944,7.808500969115183,1539.1850948834037,chickpea,4056.9
141,22,106,24.0442501443245,31.13542846813517,6.930710245954895,1075.0964392165677,banana,4708.35
70,36,126,15.258639911817498,42.504250997060495,6.5953723149473795,771.9456161866296,maize,3474.72
40,16,73,30.65435184484737,78.91068097849299,8.277408333887001,451.5985386886573,sugarcane,2591.39
24,31,30,32.597835653202694,90.91074587692225,5.19246010371538,335.37582263358524,chickpea,2802.71
111,83,124,31.270067253584493,35.68419048397763,5.531883358635194,280.7942338941016,banana,4171.68
80,62,94,39.19655877908033,66.2635506226831,7.526956312942509,491.2331148024334,sugarcane,3346.26
41,88,29,36.57427568330361,46.50225499806208,7.600940911831717,254.25883063593497,wheat,2695.35
89,88,17,26.220792329516215,39.03884317660542,6.119588785756658,1518.7560363965376,groundnut,4148.17
20,13,67,16.571437186809526,44.23371494295124,8.30391373857504,647.5054142391314,sugarcane,1905.62
31,32,55,26.90146923754992,67.55459938735098,8.253018310860682,863.7327684776164,banana,2524.06
109,79,40,32.23110049905058,34.23374259385747,4.549638860240638,1680.8891848685892,mango,3852.12
65,97,102,30.192745205675116,58.22420875094714,5.1893116093629,406.3834937442632,mango,3535.05
53,93,18,28.453426692772123,38.78981031208565,7.780877766735485,1704.0692544251829,groundnut,3047.02
97,93,24,26.720473950381034,47.7240084056413,5.840866739304033,1351.1726309905187,cotton,4289.83
64,85,103,22.344046825684657,42.39903143331215,4.881850714799313,815.6531262882855,cotton,3331.85
92,42,147,21.93366904311573,87.39340748900833,7.639996697694334,412.0529835218317,mango,4144.67
45,37,38,27.50578697314505,76.02073650663382,6.318334022300838,364.68685521364245,cotton,2969.83
66,17,89,19.015078660741224,86.45006763158558,6.469643146861488,803.9258229427771,banana,3331.39
140,10,45,23.51713558937004,54.92508424560001,5.245477555264685,452.6155508924825,mango,3042.52
75,46,93,23.099481867752488,50.37186871548856,7.143580215755711,681.8785336554946,sugarcane,3507.86
113,72,118,29.678320039605023,54.73816766835486,6.704965272490471,295.32044081238416,groundnut,4055.57
126,31,127,16.667057509075615,31.205632722086484,5.326691751156304,1271.015159054058,wheat,4303.21
82,79,46,35.74171700662738,77.10577788465628,5.861326033756827,461.4970105168481,sugarcane,3995.67
67,30,95,29.059459509610054,52.735209698180086,6.8875171493446885,1562.1181636261288,sugarcane,3157.66
80,44,80,31.770667019398385,50.36604723249146,8.19948902173364,592.7149573003499,maize,3187.78
100,88,102,32.57734759398582,68.87916924908464,8.181505401285968,1636.3578428087346,tomato,4981.27
45,14,89,22.287103421063414,58.356244261138066,5.651623617589932,541.7875752065619,groundnut,3255.38
55,69,111,26.759289184621665,93.75481893455341,7.44248391103954,1498.4598146623375,mango,3762.71
20,55,23,38.90614889674168,53.156447788422085,7.602076322095238,799.5344233253552,chickpea,2906.61
27,59,126,34.16763094992037,69.90322974351437,7.735292399931179,1249.615990800215,banana,3261.69
132,57,82,39.23892188057963,50.25732153962736,6.78304913900592,269.5912657791292,maize,4256.69
118,15,100,33.65635862865721,94.38867371369268,4.542031992398352,1091.4399818376635,mango,4067.24
66,98,99,19.390003492712935,58.93221725680833,7.546705141784994,467.6382104637138,wheat,3961.14
146,65,38,16.613397096116906,71.2183727063422,4.9263897993174,1075.3764090482478,tomato,4367.3
75,68,58,29.44153591799159,38.23690861192401,4.967485544881607,454.4464355950695,sugarcane,2682.17
33,38,81,23.945331992565237,77.64657396613778,6.922499210584611,986.7604162508675,chickpea,3137.04
47,80,142,21.886447753454256,47.498653761915435,8.434082084101206,399.11747641811905,cotton,3460.49
97,86,51,35.18027491063543,59.159861433928675,5.470157893063199,595.9127319217324,chickpea,3715.36
149,27,144,24.174831677048683,87.40364905128476,7.08324352020483,1271.1420839069385,banana,4824.16
128,11,51,22.925024243357598,93.08591346753158,5.714614582950404,1957.989146978256,tomato,4289.63
33,17,114,36.24968982922526,57.5971866196232,8.09490445444212,1008.5325831055495,tomato,2700.19
75,84,36,36.1571834121615,84.26217341704249,6.874067568455456,1436.9126466971045,cotton,4011.56
134,63,67,23.909165943876417,33.467684645740945,5.329909310625883,1170.9644078798754,sugarcane,4363.91
26,47,55,35.81246752464915,85.09231193636707,5.548524201781714,1097.044281729988,wheat,3101.13
22,57,75,36.26946225831651,70.91817093992222,6.229922921672484,316.4675543117321,sugarcane,2832.3
130,36,34,25.598263375741656,61.76590094545413,4.98817424811925,459.73532409550296,banana,3584.8
126,29,82,16.66182825522929,87.8476408339211,4.814933473053927,1789.5039126186211,wheat,4836.5
37,21,126,15.039616111658503,84.9469194629169,7.220245582991824,938.2957670752459,sugarcane,3643.73
57,52,138,28.082311572224874,49.30143123698218,6.128660248356481,1305.7984578526236,tomato,3722.14
134,70,96,23.60188733425889,81.44674485240924,7.404903167481108,1150.819818886925,rice,4822.95
34,40,83,39.92829735395915,36.46691068805422,4.940232801750486,881.9882831922226,maize,2907.44
138,70,134,34.3102749906821,83.47965580537905,6.939462191604383,898.069776699676,wheat,4895.16
47,83,76,34.031886408760315,73.90461517151128,6.273227173478961,1199.837010635611,rice,3748.71
58,76,15,38.88106920718359,35.71131151057628,4.731994617828114,454.0552426563385,mango,2890.06
36,44,134,37.19310994733302,74.4002112758188,6.679207913103907,897.0662724579812,mango,3447.46
105,24,67,22.95468698640972,67.73375298396405,4.831217098858183,1004.5560249249304,sugarcane,3790.57
145,25,79,19.14968054009691,68.6457565744279,7.810878991164032,1973.2272026170235,cotton,4337.55
63,22,62,33.64730662663706,48.90615578343041,7.027829861560115,832.618584714292,sugarcane,3243.32
44,44,75,24.456847342071825,47.32231800083494,6.727870135041794,1360.242012585564,cotton,3313.91
32,84,67,26.82931629077391,79.5647822835113,5.033876017878637,447.34789968764267,sugarcane,3312.45
44,68,91,30.759943281870672,46.69287626612054,5.6498284540163315,317.8664872943944,chickpea,3361.15
87,30,96,37.69681692338102,59.00704636764341,6.471503588541197,1768.7756252022145,banana,4134.07
86,63,11,25.47719384177415,75.161284908921,7.033134054558753,1515.3228243302358,maize,3560.21
128,84,46,34.582922255484036,35.175056336283454,5.232922874968622,771.4987176702242,cotton,3876.87
130,39,112,21.708494781866435,68.64564486975772,4.535465112534494,1108.2404052150123,banana,4742.27
130,57,33,32.449294773090344,68.30946422212762,5.879040749077182,444.3395320133094,chickpea,4044.07
53,44,121,15.039485526947797,74.47486620772166,6.431485818224974,1472.8885291655483,mango,3744.58
130,95,74,36.78768033726587,54.04532619486781,5.237734022387212,326.59506575739016,sugarcane,4146.29
27,47,138,15.759489498861562,59.183685314149585,6.468662023420823,1562.6595024941635,groundnut,3904.81
132,40,126,32.81884386906461,51.44800540640509,5.853943434277075,1184.3057184859758,banana,4506.08
102,87,125,16.156454731532097,82.53093606727043,6.3203586644256315,701.9309541561765,sugarcane,4648.53
61,33,114,21.656142484850086,38.48969940234861,5.889831002314375,1752.633837310622,mango,3521.58
120,58,12,27.430060088913827,92.59200698239644,7.013871399147201,1974.929366609938,cotton,4610.28
25,41,55,25.498467133705955,71.26435013864912,4.671588043974287,657.8283821557484,banana,2737.03
45,64,64,19.795902865025266,87.64893708549144,5.183621159777094,1651.2430692546786,wheat,4024.4
83,88,84,23.345372792730934,57.70504478720967,6.231003476443998,1550.2993694776233,sugarcane,4379.86
78,67,54,33.19265925152418,51.598139575479784,5.925186862207427,1544.9422179902049,banana,3796.05
128,12,86,31.731427314491206,88.54717765805893,6.066527823815268,1923.024100671249,tomato,5070.87
140,89,33,16.795364594097894,36.42674687695968,7.715042779521919,1075.9107661435862,chickpea,4149.86
52,78,44,33.682895639322155,37.61197004784306,8.045326632989463,1413.5024730019784,rice,3405.87
40,94,33,16.326147029925707,49.457540471504025,5.49467513399028,1682.9792545264474,cotton,3742.17
89,19,37,28.573159727494613,92.38537381481069,7.845564241145222,1063.1656010774475,maize,3279.37
131,92,25,21.501568701054765,71.14945964123196,6.335159461161432,1066.5761650616105,maize,4694.98
23,34,68,29.692253188995473,66.02259028000088,5.595282477144883,773.5785573212324,chickpea,1990.06
113,77,24,21.533209898522546,75.84816186310235,8.441824284018713,1605.4862830888414,wheat,4331.24
94,70,20,39.62394924064577,57.135846145080805,7.79920716573667,1435.1524034340018,wheat,4055.9
81,38,88,22.743204593188295,79.27477759235194,8.477013276346144,1012.0518191018899,groundnut,3819.3
113,28,124,21.0490158918624,55.55999536823704,5.1727631377130185,954.805983317726,groundnut,4273.92
114,52,77,21.961632272883648,83.71360701567019,5.075370695791435,330.66135770441355,rice,4062.91
74,75,52,37.41182143148238,47.37418033497279,6.513511811776957,211.70206429114793,rice,3162.86
50,83,78,30.905470716733618,48.04053285437158,7.054575040138216,1152.0091397573183,groundnut,3165.46
59,70,147,33.26710243551941,63.95491485273779,5.1842403701334066,951.487134232879,chickpea,3954.87
55,52,84,37.95026275235876,57.99947529351279,7.941722672354171,1632.8661678231756,mango,3819.81
25,34,112,37.796812121125186,72.1275298785052,6.628053914653453,1176.7773013528185,cotton,2895.19
85,29,50,33.47364616446819,53.67889905378263,6.1437673328825895,1886.0708780880059,tomato,4049.56
94,57,68,19.945610721033074,44.98579218957384,6.908214691708181,553.0534379497974,groundnut,3615.47
23,92,48,36.084333016875135,60.537556587388565,7.039814851889156,1982.2706126930716,wheat,3658.13
98,96,12,20.094400854776595,66.4621724673145,4.671133123935176,736.2545497617914,cotton,3894.35
137,33,16,33.5724703524608,39.26900349892988,8.499570666820198,1356.3631524319508,mango,3676.32
132,20,58,32.140076663621855,66.18671067265575,5.955678307217902,1103.3366845099724,rice,4064.05
113,64,35,33.972221253511165,50.7516858411133,4.746170587639584,847.2375222486489,sugarcane,3329.67
81,37,110,28.31714201784539,55.50937251645301,7.9092926991020605,450.7565298778039,chickpea,3508.5
98,78,88,30.96815455623049,48.15567838911328,8.47207471684925,442.70147261398097,wheat,3255.27
45,72,11,38.83300201085638,90.54167130654889,7.765434036864361,1480.7104892807515,maize,3421.73
63,68,136,17.52721485435537,74.4168582832139,7.907529959439383,879.7544893573604,maize,4089.65
89,14,141,22.7211818695405,47.05992024104442,7.003740456877804,1930.3363534392968,rice,4194.96
137,60,29,30.28392532745956,71.92703674587676,8.189302312883731,786.1672757114085,sugarcane,4640.68
87,30,126,39.10135325328723,85.157206622833,4.64295420690987,1970.3426991463332,wheat,4650.04
38,21,41,17.38936119156503,56.10596354162996,7.566895451816804,569.7618618714729,chickpea,2740.31
39,59,37,15.56373053825216,83.94723809515185,7.182840913336302,385.0658952158964,rice,3310.76
132,13,86,16.3937399617582,40.0369713820995,4.698339882096009,762.6255203413228,mango,3557.04
66,51,10,16.31014216152997,83.48078871630092,6.675894315905918,1794.05262097146,maize,3795.9
20,93,65,37.695396444435104,65.11912577370381,6.560241383031478,1139.3335000915126,banana,3156.67
109,47,44,33.031447698345616,44.493341720648836,7.266136900307907,444.1701906869745,tomato,3020.02
83,34,121,31.92765915490696,56.46418999613424,4.81012564643669,564.4982892873711,cotton,3810.62
57,23,39,28.064320506545236,94.21954450903009,7.721115141313648,760.2691918692138,groundnut,3015.5
56,84,63,34.5488154243038,80.9311410817577,5.057613768046019,1262.300128062874,mango,4151.28
145,41,45,18.89119981903977,67.38061349003249,6.17465845384749,798.2820917797172,chickpea,3875.58
119,20,89,24.798529744710933,37.48565427379416,8.025152030006545,1544.697347760789,banana,3896.64
96,70,67,27.25010626910859,57.157752888597514,6.742126421981986,1309.3284011335338,chickpea,4617.23
22,27,92,17.760237441918157,47.09834841077593,6.018363655018938,1772.8827272360122,maize,3305.0
29,36,74,25.487842733437923,34.61507016785037,4.692808968183347,1101.7312874468557,mango,2719.69
24,64,78,22.912544481565508,65.24328526675546,7.189094068806886,796.117545381922,rice,2961.24
149,63,137,15.889553644836566,87.79707048965695,8.446187061227135,1993.2888220457673,maize,5288.88
32,91,60,18.41838506823088,73.91399143131812,8.147185595033532,840.1399792532403,wheat,3310.64
149,96,31,34.10092057918679,46.22922521873323,7.369184310293711,971.4847516049217,wheat,4190.96
103,84,116,15.450947737616112,67.28299945199629,4.92117143302378,1656.429005644559,tomato,4719.98
84,30,118,38.356332477409026,91.31022841755298,5.457760373601577,359.5452210075667,cotton,4068.91
82,53,125,17.160615811180936,76.98947843999079,5.247396077813148,895.6821909053264,sugarcane,3682.73
120,14,110,34.98095235508646,74.81580346143966,5.921846561022582,354.2781681889111,groundnut,4133.23
92,96,109,37.46541352358677,92.93028080478857,5.442068911166142,450.75056001096425,rice,4711.76
36,50,77,38.52838962126118,81.9267652269616,5.477757783886773,208.35348589641248,banana,2909.04
28,68,45,36.686925587399315,38.88053030141889,6.966919741501623,217.1797266482754,groundnut,2542.37
57,98,31,22.18875098563608,52.59628065345309,5.774810623845534,884.5182011051336,tomato,3338.6
113,63,75,23.327178283461926,92.7341455479496,7.208651505889892,1656.494848905997,mango,4791.28
114,83,30,25.663642465251897,61.83085062286986,8.291558636584721,1256.6078490650477,sugarcane,4405.31
68,31,109,18.48241723517752,37.25643394587705,7.053911666452956,1342.8452794477582,chickpea,3787.4
88,92,137,15.556811376680596,59.80931717870222,7.506626708841485,1134.6486276527958,cotton,4609.45
81,74,53,36.72804035702586,75.30456021460205,7.506321661131352,1675.6276595070058,groundnut,4451.29
97,73,112,28.85321790526141,94.84063440928067,5.822811153597244,1784.6817053351135,groundnut,5107.18
136,80,56,30.218073554455408,51.053845576608126,4.559831978373742,1729.5333106616754,cotton,4268.22
139,13,48,38.17471187044488,63.415646867152795,4.720191851976858,1661.83779044547,groundnut,4529.3
95,74,38,31.628004452840393,87.17924580223661,5.628241003538234,528.8835324139109,banana,3659.42
54,24,63,32.27133760849534,53.09236917372668,7.258172734630392,1268.977205657398,sugarcane,3176.64
20,85,99,34.67421621091856,37.10200117840572,8.12673255459317,1247.8937529770662,maize,3421.93
59,31,94,17.908711246435093,91.68083187509777,8.335193048762985,1150.299206745754,mango,3222.31
83,95,26,24.004053830344787,61.748652436377505,4.603394655360294,1065.4630207341788,cotton,3939.09
79,56,89,39.205198192584156,62.68094120017816,8.460348982531084,360.5068589354903,cotton,2996.38
83,90,82,38.073251952515164,70.37800939927183,5.7899888734267755,383.89382103119954,chickpea,4093.65
112,55,58,37.101882407754616,30.2298805407096,7.871824912940461,1824.106826793122,tomato,4443.38
91,23,110,26.30221275847431,90.5235264119752,5.2211818427871215,1334.3355904181576,tomato,3985.32
30,59,11,36.42982383967014,53.494320510345204,4.751593030427436,672.1709860964115,groundnut,2235.49
124,29,68,16.20989704864414,55.80057105498266,6.0134216962507505,702.7407005842213,cotton,3919.2
33,59,106,18.712935606427937,41.31710108966027,7.9357015541227724,1298.350696967534,groundnut,2975.29
79,42,108,25.349192462101353,54.57985486400997,5.383299663511265,932.4829543441917,wheat,3015.37
49,68,112,27.08480166705316,82.25632950044339,5.115829303007368,994.3835077731702,chickpea,3796.54
54,52,11,21.58767883802142,81.99945871610976,8.139217315800762,309.16998296015424,groundnut,2948.23
24,88,50,23.911916771194687,90.82679465820443,8.253348810485836,449.7305367975406,wheat,3013.59
102,21,132,19.069402525634217,56.20991572425173,4.550192796755636,908.0307678145927,rice,3809.57
142,49,91,27.22835079289768,76.06689774365799,7.4097429496619265,1459.4355558825832,tomato,5219.59
97,29,141,34.84608232169653,62.970441088491214,5.736830946117307,286.44569767984365,sugarcane,3652.09
81,47,149,31.534009841532644,82.2614813187435,5.998817479868759,802.2040270959498,tomato,4173.55
108,12,38,17.694806184138532,76.3152305936448,6.37641189980596,1451.1295134821287,maize,4046.26
61,37,144,27.1895400849179,53.91369014360792,6.207163880698078,1625.6914228105243,chickpea,3961.87
108,65,23,32.441159569493124,51.88379922649001,6.559895139928421,542.397267371564,chickpea,3617.94
59,99,21,28.24738241384853,46.40876009681789,6.829446862960065,1516.6768374082228,cotton,4290.59
91,22,108,24.791889913388722,67.47352638176145,6.362382019351697,1919.741049342253,groundnut,4459.68
58,86,142,30.547860532096955,92.64978535360086,7.30625416195807,1832.261870173607,rice,4726.65
123,75,90,39.21596663250689,43.00433794514179,7.374406651368568,1620.8769392795161,maize,5050.61
33,46,115,17.37269774415195,36.19140956878114,6.2614367897047805,1482.1880348744087,groundnut,3731.84
51,58,41,24.750401518689017,37.761041734960386,5.069852592348434,623.2489544355865,maize,2942.99
144,75,83,25.16514632615239,80.90141395625974,7.062555685280491,1341.0258086866022,cotton,4955.23
116,45,90,29.424182761709275,52.75681227849664,7.591826849402835,1357.8931888585328,cotton,5064.45
42,63,78,18.80436504704795,44.58384380000468,7.052438084815799,932.2783977668382,tomato,2757.38
82,35,54,19.416075746761738,52.9348676942775,6.852219063387262,1087.4278310616876,mango,3019.87
72,84,115,22.134034649946365,71.94650283391891,5.417647964938425,1449.2512787144722,tomato,4507.61
123,81,146,38.89675108171299,65.54116311383845,7.080548163277033,1913.7827642787597,chickpea,5272.15
123,49,109,33.352714530772566,78.33331142387968,5.839424858304848,731.5511751938569,chickpea,3719.9
58,52,18,31.54233254228758,52.03981965131546,8.17823545125314,643.4536735233912,rice,2750.15
86,31,71,35.42394218485656,59.38185727520455,7.1148803710399235,1283.252406137969,sugarcane,3801.88
61,29,38,18.189411722917324,36.627943982590025,5.612718706833211,435.43840059444784,wheat,2554.43
34,17,134,36.48332049309379,34.7488119921308,6.3917076374557205,1248.559094878065,wheat,3260.19
130,38,123,29.870817847187602,60.04659078486653,7.886325103540178,359.93267312857546,groundnut,3910.55
52,49,143,23.383225186473386,49.60377948398503,5.84185580473059,1083.0509832881157,cotton,3628.25
57,99,129,35.39638139364226,69.8320371888485,6.601762280609524,1316.7458744843607,banana,4854.87
116,39,88,35.0641133587156,32.79514075389717,7.21867989300609,326.19735069111533,cotton,3814.9
52,90,102,36.14271454291818,37.91481454397175,7.518117355306966,572.5156735075327,banana,3304.1
105,93,13,17.887947502674553,86.23740272191569,5.195568700258979,803.6737127831449,cotton,4302.01
85,64,91,39.2340311248944,66.81025539874179,6.760609218709156,863.4776513350861,wheat,4309.84
29,25,84,38.99065384474328,76.28354468992977,8.148799601984805,1416.9883578574852,sugarcane,2910.74
24,55,23,23.93674113754354,84.72818771597423,8.373439126038775,1152.2384130071434,sugarcane,3084.51
142,71,140,16.647350455297993,60.14923229175339,7.124580170237433,887.7952465495885,tomato,4970.6
93,16,123,19.176391736719644,79.46892495788595,8.434643216639943,1011.21725781497,tomato,4066.39
116,89,71,39.82077063611743,64.09806263977907,6.782940995904563,223.3580071704306,rice,3886.03
137,54,115,29.075323579291577,44.47867006779075,6.270420119123733,1586.945502753734,banana,4844.57
57,68,73,23.9155449706513,51.94765097206107,6.706349835792984,273.8084396506084,banana,2992.13
66,65,111,22.20506734625097,61.872778668617954,4.962849577054088,1692.7714872606186,banana,4201.15
128,57,115,21.42479338277369,50.5975608911976,6.106863678741551,1173.7937385465143,tomato,4353.34
34,36,29,31.60381912636205,51.80929993774339,6.333620212122115,1150.0745442041307,cotton,2745.58
24,62,67,25.48469578799215,51.93053403116981,7.894511194883913,1468.2415299917589,mango,3200.04
66,96,121,39.13526748421529,37.98459862571177,7.5345943709697885,1747.2071587762375,tomato,3981.19
87,97,66,32.096075766134035,35.50176946879634,6.9057063408992025,1896.7630636633958,wheat,3907.81
95,82,128,34.801114776224026,33.02224257993478,5.88910893950508,1178.0657970391726,chickpea,4575.37
149,44,106,22.318538714579,37.21215696723189,5.248138342770629,471.1848175800529,groundnut,3896.91
114,60,101,16.979660227715645,52.34096098881517,5.891060083658512,1781.535667111413,mango,4255.9
134,93,61,27.19557093454703,68.60166737589871,7.219216283836527,273.20963306620683,cotton,4039.15
55,46,46,22.864538663655683,42.22955026861158,5.552151196340132,1653.2069072956547,cotton,3334.8
45,90,17,20.05207912519809,87.72057499017147,6.207546782836664,1424.7589275661664,groundnut,4363.84
62,66,53,38.816053270021534,82.54485803056421,6.047080939526728,1828.509693361303,banana,4166.85
46,17,107,26.099705358550757,63.834262332595635,7.562360255164241,1815.4336704454042,wheat,3784.57
88,88,142,19.36771480121964,77.07363900286839,8.035148249040578,295.6773537867434,banana,4043.04
30,29,127,19.966266317028477,53.8113541054193,7.297483827243908,1297.00353291621,banana,3349.75
93,62,78,22.01774356161485,32.390556527650844,5.866409043732137,424.4086193027632,chickpea,3381.06
123,21,54,39.98290670474282,88.7816350896151,6.232708195903549,341.2435011392985,chickpea,4103.37
57,58,146,21.70028751298993,38.30657673675843,5.073400616214886,1006.8988624953149,sugarcane,3210.75
42,26,41,23.220045114461342,91.61592751467734,5.17238979106644,375.6755717277332,maize,2844.42
66,73,42,31.483203199600034,67.17236823729715,5.15717027010606,1510.224289602667,maize,3857.52
109,51,135,22.349034410257456,49.86159896639295,5.022345430245241,1944.0932789136793,tomato,4758.79
65,38,76,20.395106276492335,62.2091005152699,5.21832491403652,1225.2493240095669,banana,3102.72
126,28,39,18.965929666239965,62.60593758000112,5.3107528103134305,623.3039652110358,groundnut,3547.54
123,20,123,22.817066625694807,31.513660163767824,4.947383775190532,1717.7715047457118,banana,4372.43
130,59,38,17.647892240719337,53.104890372469015,7.0610428875369085,1735.5860748740467,wheat,4604.43
123,80,140,15.466164660369571,78.09127697028964,8.461606138328799,1519.0147502559098,rice,5582.33
79,67,39,35.11604243336693,63.15449728179602,8.016746978609024,1307.2379326640316,groundnut,3577.84
119,43,146,18.447373560364415,45.874957605622974,4.682410895304345,1762.0264185531032,maize,3972.96
87,29,139,34.399421245381056,51.78214090240136,6.1922352367869,493.9250275956063,mango,3549.72
139,59,71,34.9385619746665,86.0985355525367,7.937242316931089,1876.8802274192806,sugarcane,4280.25
56,97,12,28.447988158231077,64.16072855976492,5.038699271967985,1904.9656685790228,sugarcane,4093.54
91,19,77,22.742048957823783,64.34288796583033,7.890580586608171,1769.58627319484,tomato,3947.68
146,41,34,18.625818343747213,92.49538483831566,6.870802551351597,651.1916624806407,banana,4564.42
125,61,53,33.420127668024975,50.85729093738182,8.225194210384448,1744.7210953591325,groundnut,4542.44
111,24,64,30.034674649544648,61.170173131904846,8.0041564570577,1095.748781307845,wheat,4089.93
50,93,146,31.3863364123391,82.7613838518542,7.2081372882348695,1270.8744273214854,mango,3653.54
141,12,139,15.216727246128276,79.32929617765693,7.131290639490782,1713.0811205074613,tomato,4425.54
70,46,50,38.18792539269562,47.27696242536372,5.352656809567632,253.24912018142754,cotton,2658.67
48,49,73,16.657254686163757,39.82091809435008,4.967011868632034,853.2966659161623,tomato,2836.74
59,81,40,24.17014712850014,75.54579745217893,6.161573719875193,1668.2480790400382,cotton,4154.69
60,49,56,25.067791241292504,46.74765149246766,5.246320157972499,1665.1186108431016,maize,3541.43
30,65,139,15.033888112448722,89.97392885407567,4.909666870711035,1727.6382683892791,wheat,4152.7
20,32,105,27.427232733769927,38.4011001092997,5.7093069330915736,504.5886202510843,cotton,2069.79
65,20,86,33.82022486277525,50.690488008760475,7.941959771186594,1470.5959128103282,chickpea,3157.47
120,73,119,35.5817163278693,33.5611710501194,4.568592616073445,463.70601290975344,wheat,3800.03
109,17,78,36.98492483264711,75.71484494611957,5.6705507268887025,1613.1764161118456,banana,4228.11
129,65,67,27.192971707884237,87.93207217950089,6.196208740857969,641.2268080181135,banana,4407.23
76,69,115,30.76590476324126,71.33184427651545,6.542278998461146,1528.0719096565028,tomato,4586.32
20,19,53,16.98799283241247,90.95394600824643,5.2263100335319574,1019.0029133503505,maize,2542.62
82,48,83,27.200955607043745,38.352758602578625,8.356880799352124,1975.2742361949902,cotton,3730.86
74,37,65,18.870393871793382,35.70270527207543,6.815492174288758,1243.8088953487056,banana,3591.5
134,58,136,24.241077940563038,84.4968275258791,6.588442188228177,1338.6428555965151,rice,5314.36
72,45,39,23.232632821614985,85.608226400123,4.535290355721365,862.6943249323174,rice,3299.71
76,22,80,25.588514431037705,84.01756926196333,6.442861517584028,1522.1362841253795,cotton,3975.47
136,45,127,29.290915449353314,81.93271866469347,7.8506825178207365,1090.7941539887029,maize,4646.3
54,35,64,37.571916176574895,53.544843656012915,5.378578172204971,232.51994317255546,rice,2630.98
82,95,76,24.862115783687635,44.1350354334402,5.904830273545652,1295.4468761761614,banana,3972.66
44,13,12,39.52827989278877,90.37226129985635,4.582285858750782,1694.8272627728506,maize,3046.16
109,91,35,33.975701201280074,49.95501188514171,8.40771005693518,626.2431861088112,cotton,3826.23
94,73,66,27.78702616970958,55.89649934066209,4.766607188512163,597.9147591533323,wheat,3722.37
57,47,135,31.1006609277986,75.47133236435616,8.092884495638277,1295.995129614687,maize,3504.9
149,97,62,17.555604278298613,49.06814519960919,5.751950856721819,1672.3626975658892,banana,5626.18
110,96,52,36.11303828284137,83.24346440146508,6.850225607943514,649.3166081184365,wheat,4289.61
36,31,58,29.558936376599146,34.552250536065785,7.217262159864013,1878.0727722374704,mango,3287.63
147,11,51,39.65168700524005,81.42687338028074,5.063316669724458,1869.2972420267884,tomato,4318.92
127,40,20,30.910718593821226,69.12033597015727,6.275037511121342,560.9660094342801,sugarcane,4320.74
44,20,112,35.85278958165813,67.24458686738353,5.801864400986569,674.8119417022683,mango,3314.59
107,55,107,34.994068569880994,59.794507544012944,4.726409862421861,1461.0778597066906,wheat,4436.19
48,71,94,23.63652878670672,48.007963758422456,7.832774617572722,1913.1195962439667,sugarcane,3797.06
82,78,109,21.49026563083029,60.16456855303038,4.680671025989911,1477.7888397973663,tomato,3668.62
133,73,113,25.76233958578775,59.25185328121468,7.113031837935467,1000.8200896769683,groundnut,5244.82
68,19,55,26.68103361022093,67.94402227089955,5.756309505679388,504.2024235677056,mango,3319.1
100,49,53,21.002117548416095,48.30232858060947,5.268517308807466,1029.8177279113181,banana,3573.77
103,33,31,37.3649468337743,35.043712828449685,7.168344205342182,1292.182025546998,maize,3694.85
124,53,123,28.563696557516153,39.43081403154399,6.798150858104823,795.7134541219706,maize,3881.26
137,69,134,39.461109803839236,75.44653304500224,5.7610250294993195,1118.4640781601615,sugarcane,4496.89
105,71,133,35.25044445115658,31.46200142631013,6.551842993036956,434.38543099167066,sugarcane,4021.97
82,96,39,28.89262150979865,85.66879790195296,5.484948404824838,1013.9385881226555,sugarcane,3919.14
123,26,17,38.676006953608976,75.13582628619437,7.954785836010769,363.39647407319717,cotton,3339.06
68,74,107,27.621870377382677,79.92562518500156,5.755275121308646,288.35974990818306,banana,3758.92
90,66,66,37.17766281296676,84.33898919107585,5.480612118206126,1743.031848078789,sugarcane,4143.81
20,64,120,23.953619529895136,37.976178855461775,7.5073348442386045,569.1468514629348,rice,2841.18
142,62,82,24.46605958510235,83.45932091305431,4.5703699519756595,1235.27959243028,tomato,4441.54
81,65,124,25.453267074273278,62.801758447838665,5.572046928344301,468.16896513798633,sugarcane,4138.65
51,18,29,28.66564114858115,87.5590495189578,6.001580882604692,672.5496276367244,rice,3008.0
48,31,34,28.8372567549706,87.62812906892233,8.028951847165526,850.4109555850719,cotton,3224.41
68,22,28,27.409973041927106,31.571572844021063,8.301767210193377,458.6175854385864,rice,1874.99
49,98,14,22.650024339579186,54.88623900643003,7.365911867655799,282.7321346199986,groundnut,3179.27
38,57,84,38.18016161977077,64.21592173124277,6.470127124038639,1778.88764363242,groundnut,4308.29
37,27,137,29.714652433731356,74.09340583588863,7.062486196230754,221.29910458358984,rice,3147.49
20,85,81,25.193480404789874,48.602106034468704,6.156004206725332,310.3777691031221,banana,3071.25
97,49,49,31.279424018590454,46.389246943202394,5.695303327394671,1649.1298894905844,cotton,3897.33
134,26,35,34.199168945245134,54.782271740788076,8.302752272558514,707.6150061915009,maize,3734.8
132,24,36,39.018202205706075,62.56101496374314,4.961560916039695,1501.0765420064552,rice,4581.74
133,24,92,27.488729056689564,91.82450504135187,5.8855742722004365,463.20634859224475,wheat,4979.56
82,88,137,17.802462758768968,79.53705033533343,8.096355839842373,627.1071474740949,chickpea,4337.62
148,72,42,26.01914503591353,57.90587585095084,7.3925657223496675,1230.9977298745882,tomato,4316.77
27,48,106,26.974264036336784,33.533801598611944,4.616405805291906,1979.5445092807104,tomato,3467.56
74,22,120,37.42485195464185,40.953838489344356,4.592398693696989,332.2000462866017,banana,2582.21
122,90,25,24.870019211573826,59.635087580762104,6.566049850498299,920.998276367298,sugarcane,4168.62
51,41,32,38.83310662217846,82.89868350641578,6.437012224920087,277.54574601066463,chickpea,2905.26
29,18,144,27.128297692858368,54.74520981902735,6.271966154625273,558.6075967807549,maize,3616.9
129,49,35,39.34451252447322,65.00228229842888,5.709375047356035,1833.4478483093083,cotton,4991.77
143,29,105,15.204958028274055,87.96731759553164,8.446554879254556,373.62818682158536,groundnut,4613.99
106,99,21,37.47038437015867,89.39675686273088,5.587949291933526,1742.3406584761406,sugarcane,5043.56
74,94,81,38.27801129858376,44.02537476877481,6.460160825762248,520.0458285981463,groundnut,3466.78
51,91,142,39.02552339413033,32.83366991651864,6.119572387292266,1751.2127237678671,maize,4267.74
112,86,115,15.326913354365372,49.85168451314847,5.180997703846968,1168.4395336442153,chickpea,5043.26
27,89,126,19.292520913757727,75.22715046367571,5.310475276501114,1780.7720136083183,banana,4264.49
84,82,35,31.344112577330904,91.82229306345732,8.173210968039092,473.0665603727368,mango,4051.82
76,72,142,15.636817293377678,35.007079998967406,7.93311889142382,1571.6657923540868,groundnut,3635.99
86,85,31,16.59022490441252,31.85144768570265,5.2961772232814095,1425.257472945038,chickpea,3934.13
91,53,22,20.526971842336046,87.46956884407192,8.002650495638054,1177.2800973073324,rice,3547.64
73,47,116,27.810994218597106,78.62944249170417,5.33674452032337,1659.0572199397513,mango,4207.06
86,92,32,28.64756398167019,94.49615764511239,7.006185286990789,1366.8968439686714,groundnut,4907.09
70,69,106,15.856528069837609,55.79153729526746,4.825122093282776,1778.6844642939493,cotton,4222.17
116,80,27,19.259181269538278,57.04330883389001,8.021478505036473,885.9118642140189,tomato,4196.67
111,57,126,27.492641833366385,41.20026942433422,4.706001197861868,1261.861720892867,mango,4136.34
27,27,39,29.84851552358513,37.530064918827,6.719771557004547,1767.081516636281,rice,2383.07
54,25,35,18.710042412155385,67.61667068836547,7.61884610072154,586.6653153874423,maize,2544.09
115,64,48,24.971035298674266,53.678525084164114,4.967338945642725,1074.3344419103378,wheat,4180.13
107,48,139,37.610035912923806,35.22056911644093,6.1179210700007545,1929.3352791116042,rice,4722.98
97,77,122,39.9724821761543,87.65415951901579,4.667800605960201,1052.483242690432,maize,5016.68
51,68,143,39.68036137077853,42.893170436206645,7.231010309359837,655.0930013519726,maize,3555.81
139,98,55,37.04186275717181,78.65798255522964,5.729798379845407,831.9372297378288,chickpea,4546.18
65,71,59,24.866502198748645,48.34485874767722,6.73758097855388,1793.1514148722038,tomato,3979.64
74,22,115,32.1643573018696,82.83881399893194,8.230929081681447,1918.7894697815905,groundnut,4466.49
26,90,81,25.414805694604965,37.69579469279751,5.7234324319793695,1910.1937568350506,mango,3125.44
93,15,83,31.21317567060507,79.1446546644145,4.694509886541111,1458.0963055434281,sugarcane,4004.37
26,92,26,22.73581177423708,36.37772680353331,7.2025110707948015,1117.2833998843025,mango,2616.89
104,86,79,30.155056340258298,59.049526210701316,7.64736453805667,528.8400828332153,tomato,4062.62
131,69,15,28.093962413821245,77.7102827889743,8.331474239510303,421.79782172683616,mango,4130.21
144,99,35,15.612006645329998,41.25919477714854,5.131203508102663,307.5798937544232,maize,4221.62
55,23,149,34.767572593652844,48.568224275037,6.068559700464599,231.88683711614465,mango,3528.03
48,63,108,15.29744580612889,86.20985448599285,7.8765618401019,1780.6100997902277,wheat,4241.14
101,13,31,22.328898556332543,87.53275585899699,7.727485573075517,1656.35536844602,wheat,4144.46
21,48,60,15.14810163635006,32.920804409427205,6.999182829335449,1222.0784849008473,mango,2965.94
148,81,113,24.405035332379953,40.92588804794339,5.577474180810776,1997.7018581678851,chickpea,4967.81
66,34,98,16.579013204103482,37.635676117735834,5.63614116260311,1915.493729962954,banana,3720.28
30,86,147,37.83777417078103,41.6800511523347,4.99601197849657,1379.1961472864716,chickpea,2926.1
149,41,18,25.391982379071713,93.0622020799077,8.187414695143639,1036.234220672456,mango,4514.69
138,68,88,26.48739437161025,65.85759117137967,5.191726058557782,473.9072890036333,banana,3513.81
39,72,61,23.746255902271372,60.42730537957024,6.791546404719625,1128.0688494578344,cotton,3728.3
24,47,139,30.687653855044154,93.99037925102004,6.837405667928452,483.9386111939491,maize,3986.26
56,62,22,34.61020291545509,66.20214844094781,5.978421764781075,917.2123476431402,sugarcane,3470.01
72,76,60,31.203668576224448,72.9726652774591,5.91007384402182,1896.7665951789518,maize,4557.54
118,37,43,33.705177959878185,51.63008549319672,7.174353674233119,815.5621808041474,cotton,4111.39
105,12,44,37.64934158773151,54.83746619311871,6.053191111794156,475.0170925582408,maize,3164.41
127,89,140,36.58866329178572,68.63660994758975,5.520461573352003,1248.3138876251865,sugarcane,4717.84
43,31,129,31.851461318842397,34.53607596003021,6.096526809600124,1284.2555134294498,groundnut,3310.17
100,47,79,20.365949072610714,46.63238759291039,7.730648310662184,548.8476364422485,rice,3298.27
139,81,76,30.94257127604822,42.792763714919964,8.365913820524742,553.8558576475284,banana,4144.0
78,81,112,27.652077393512773,31.033070554100235,7.043800921815379,1981.1896243846886,maize,4439.78
147,71,82,32.930480775260506,64.89858258382742,7.628404901936426,637.9059311519816,sugarcane,4397.21
133,66,125,35.82329120982287,66.46843456905214,6.631299445250441,1708.7456626104513,banana,5034.25
134,15,142,33.568037429660436,54.95604949742183,6.999292568373751,1046.5828859827632,sugarcane,3789.72
33,87,76,36.16402924903213,47.46728551521141,8.45234662694624,982.9806300429104,wheat,3094.67
28,41,148,16.596659333525597,72.38389193965061,6.2536754588076455,730.9323490947544,groundnut,3325.3
59,19,130,15.790500955936599,38.752845489989696,4.7650187878168,1592.8864344061953,rice,3323.94
44,12,103,21.46251419248985,63.709977056296715,8.328027671277418,1785.1895811947986,rice,3613.98
122,68,138,37.51665210271571,79.9248090776903,7.672246883614191,670.0294308063445,banana,5246.01
41,85,100,35.591481274599346,40.6793689569107,6.093241471454285,371.17400482840515,chickpea,3096.3
23,58,101,32.068182444882794,78.96187000872823,8.429580214491075,446.45519519409777,tomato,3084.23
48,68,72,32.51896668599289,79.45164309497088,5.882143001394505,1627.0463625792395,tomato,4071.57
128,40,38,33.16676173145531,33.895232134979565,5.988480784032115,984.4884403753265,wheat,4140.86
117,78,21,38.565067512118674,31.22098119566682,6.9389254127596836,437.44638513930124,banana,3324.56
56,71,86,35.80477880768894,93.30580138923267,5.597389544621427,812.5187715553242,banana,3591.54
94,61,50,30.58475967567619,42.56987286742362,7.294285940522931,1125.6238691354954,rice,3487.93
89,98,139,31.642885881428512,83.43904859150669,5.111401215802024,1733.6930309210147,tomato,4359.69
147,50,46,20.343506551528048,66.5202924479444,4.932101277432614,1355.137857605315,chickpea,4487.79
104,40,33,31.432970628906812,47.1906902399048,6.639512030256622,516.8590419440013,maize,3126.62
61,94,108,25.616975310461463,38.44807838022282,6.721974729577605,485.6648822450056,maize,3693.37
119,93,109,18.824046765143592,62.284022782552285,4.9266202785187625,942.2015881399806,maize,3857.21
60,31,148,35.160070481164354,56.47806275591424,8.356705044524604,335.3471258631615,sugarcane,3144.85
53,13,67,27.75617749507864,75.42759553260942,6.793146630428335,1560.0389515109714,chickpea,3488.47
36,22,38,39.43562604223554,88.77095572060225,5.104139969987704,922.6168765467897,cotton,2774.15
141,54,69,22.041983861863123,82.3411256526235,5.745770097329196,817.4427910065025,cotton,4887.46
95,51,104,27.01675280762692,47.83938326331277,7.7009368557326505,1116.3949983045845,mango,3683.07
106,58,51,26.199886366721703,87.13065919939987,6.592926111462127,1476.1222467731259,tomato,4677.55
136,29,52,18.019488060814467,84.17043541679926,5.252593394186222,1224.8245000874938,mango,4201.46
125,86,83,25.652881970769485,90.39385519191494,4.911395888247219,1644.3250070995769,chickpea,5588.52
105,90,73,22.188836410523123,59.8129533674692,6.223097648949939,1332.8526149662114,tomato,4526.93
46,63,11,19.00801178417336,79.95738620661089,5.849658834745737,1618.3464813348749,cotton,3824.94
76,45,75,22.05388960090348,68.45777425903857,7.123669409927894,1454.208092416415,banana,4148.04
50,10,40,20.8312922816598,50.182678915716416,8.200987947804661,547.6211124747257,tomato,2744.18
117,24,124,33.351838275146946,94.63801516527963,5.490921143096635,294.2380103344378,wheat,4201.96
31,86,35,15.769379456479003,32.48998534457799,7.9209357331313806,1826.1142409060867,wheat,2864.58
72,26,38,30.43656869783053,40.547717216339855,8.181847913780802,1902.1810976877516,chickpea,3499.19
141,33,87,34.01653355059016,88.01525356457317,8.108010397879607,1508.47813393665,mango,4867.33
65,67,34,27.01808641172433,33.93658482182118,8.308309319781742,1503.5704808527082,cotton,2395.05
83,81,57,38.28912450019796,87.6433433773289,7.868434488517101,686.2647448893972,cotton,3441.72
149,32,74,32.69701738091338,76.48939594378305,6.873944021586681,1176.3950759872992,rice,4922.78
73,55,76,33.69809128278543,32.38446035064525,6.139384394840968,1986.0313946682948,rice,4384.89
126,81,99,19.923337186021755,57.90580278552147,6.466751144135085,1741.058476526035,wheat,5074.79
70,17,146,34.43238939597684,79.0406458751454,7.990448699510341,747.9098345935939,chickpea,3889.56
55,68,47,35.802368402077875,67.90151850100199,5.70559350966873,741.8825582562026,mango,3402.54
134,99,96,24.03165971014974,90.83163397768976,5.137046777364377,1070.4391240665063,cotton,5130.02
45,68,74,20.33407670082428,86.39686213927999,5.06327687253518,928.2775991020121,maize,3523.65
48,22,36,24.626266980090417,51.62209629671949,7.807978439620001,868.0754833043144,groundnut,2710.28
30,48,115,33.49019922500343,35.500767708805874,7.54594274532039,1328.549435850986,groundnut,3297.91
59,37,132,25.44097514671757,91.37670757696733,6.490581364185366,220.6864453403676,mango,3566.18
30,98,53,33.4162968806197,63.62363990491523,5.599485712368613,1574.0113448598984,cotton,4071.17
132,70,109,17.839113524438442,34.83584558417665,7.210452702170445,1532.095394016413,banana,4396.78
58,25,37,35.15029276221211,83.07741486835317,4.653732389729879,1694.5862250704622,wheat,3992.47
73,11,26,21.330187041058934,86.45292059455042,6.7729112626666454,1714.6112119522643,maize,3710.25
117,91,136,21.223224692864843,71.5626016114771,6.093700674957855,1219.5194505688432,mango,5060.83
74,26,132,29.75952413009652,59.08808276961209,8.411438535247875,1604.133084121923,groundnut,3673.93
130,39,140,16.752951143674743,73.04124580103223,6.530240996442104,1086.3112258649346,banana,4963.86
88,22,85,15.657443167116714,75.93444022083304,6.709071009801072,1912.7537055529408,tomato,4228.36
75,91,55,21.52571663233623,88.04694727558791,7.349450653771276,543.2573536173825,mango,3785.05
52,22,78,28.451688768370566,92.13100922435797,6.438153924502586,1848.1107657330188,rice,4209.98
55,52,146,37.69040965563068,63.43086060540924,5.398274477107005,665.3546502819015,rice,3956.08
100,94,94,36.16087940768267,81.90214467922657,6.649111386193792,384.9020726363336,sugarcane,4098.47
128,30,20,27.261161498024386,92.69312113945756,8.277075483562882,990.3880053325413,mango,4279.24
92,64,78,15.926299842337318,39.83081697955279,6.139643952673888,1306.851036348907,chickpea,4378.05
59,90,108,28.381318365732728,31.187418804628983,7.218563819998693,615.781771759914,chickpea,2950.48
36,49,100,32.619889998132386,86.4826452351391,8.41213675554274,1200.4332340597362,maize,3248.4
148,92,103,23.479113313125843,42.69276666106545,7.819689251933962,1654.2080424821086,wheat,5450.23
80,24,124,17.776582582041367,32.76111983106706,7.136136532333294,662.7529384467009,cotton,3447.51
123,82,40,21.964198830141484,40.4062489477339,7.443985953322057,1244.5800426455653,maize,4729.54
61,61,20,34.28972161169535,54.967469230845005,8.245932992068301,810.7626731475445,tomato,2959.97
44,83,96,23.781095807083208,44.2522706035177,8.339008417601427,1153.5832415548643,mango,3257.65
58,62,130,35.29953726714275,49.8414858915288,8.375872521287983,1400.4542352349451,sugarcane,4167.67
54,96,139,22.988036295186895,93.394113342953,7.002566512810088,830.7606292689662,chickpea,4134.25
127,61,114,19.088875960345455,75.78636037056738,6.038846599460946,1990.0691884138412,mango,5192.51
121,39,36,25.896208987840204,76.29246233645826,5.0326125158252,1214.7953571733535,sugarcane,4262.06
117,42,11,26.306862807228473,36.154549357314984,6.042192005361612,1684.0308063672896,groundnut,4127.43
31,66,112,15.402705463733424,77.58639403847496,8.271821818942476,1505.243401239424,cotton,3483.42
38,61,110,17.926126817658155,78.05738164209481,8.059188322369558,1735.0495646653058,banana,3986.43
120,18,30,19.623150469320436,72.88342619643109,6.5946386482515145,512.8417181694223,rice,3617.79
63,63,67,17.83968293446687,44.84835923986188,6.648029146375697,600.5966775098077,rice,2816.76
68,10,142,23.538151885534095,57.49735164034202,5.735681398379878,1077.3401202025225,sugarcane,3466.67
36,53,94,39.11557139042545,85.00796955352564,6.318031560281925,1734.1916176737961,tomato,3525.59
93,84,102,27.73056345817695,73.56310590714071,7.3577939757575805,555.6918465035458,mango,3984.97
76,89,29,30.68890059676616,77.62997427499366,6.109722902591168,1947.918497793137,maize,4100.24
74,18,70,23.909661963075706,68.17933600817759,5.251935488304135,429.6841549672545,wheat,3323.57
66,41,47,23.087194041078654,59.2231289422656,6.663438315300311,515.1403013249144,banana,3270.39
31,24,34,15.578669297875209,79.33838065436203,5.401347645817312,501.02081005893575,sugarcane,3074.68
81,21,139,27.508341391900558,34.41517793380982,8.3971502240504,1254.810715462315,wheat,3245.46
99,87,130,27.090225168791658,73.75544763071716,6.0613596560478165,1851.5739468739448,groundnut,5168.53
102,66,35,18.945768154528075,94.81829301029414,8.138659886436464,659.200496899589,groundnut,3628.09
27,17,76,34.10810000516759,80.71247541542206,5.402215986414497,1195.4663362254105,sugarcane,2890.72
100,81,10,27.316858257775074,48.88662825253459,5.256836021223106,516.3905180854293,sugarcane,3338.75
137,36,60,23.474849254039334,48.058267155849734,6.96760451615895,1336.0464131740373,groundnut,4902.56
44,71,14,18.672722725573173,73.36920968857483,7.617516313213283,421.84340512312116,maize,3052.15
108,21,22,28.80402067427531,88.23052670555447,6.767058255409503,1084.3593815228562,groundnut,3920.1
31,74,149,33.820425652220244,67.56673315510979,5.419182734421037,1379.3272646183614,maize,4235.91
78,51,57,22.049983817124293,64.28114866605378,4.651577451535984,1242.4302501599184,wheat,3817.66
128,71,66,20.469858789418062,40.42496869983864,6.973155284764021,452.00086886133647,maize,3976.45
45,20,124,28.048374101614424,76.50470209838808,5.024148901462193,490.4720687266928,rice,3311.46
66,52,44,18.883582562750423,75.6494102764629,5.872705548129325,1408.5038086849788,rice,3702.92
51,26,85,31.665334664857124,92.8518405017001,7.2031390146849255,1656.036732961597,mango,4791.76
29,41,103,30.13359069860576,49.51249197986819,4.8920937623317275,1834.5339245532637,cotton,3728.21
35,94,14,17.177051239785715,79.16895596388957,5.009005919135824,1664.5007276230103,sugarcane,3520.31
45,94,31,15.913009484534347,58.21424197784589,4.7466648292296165,1953.0629819969504,tomato,3970.45
105,49,112,30.507216314714622,66.30073145504878,8.484316515627306,934.8532474972437,chickpea,4209.45
33,32,140,22.35734434971852,83.06950061403629,6.048307074406325,796.0983575996618,maize,3597.92
98,65,133,17.161143829334964,44.42967792623341,8.123180670938538,250.73129422121042,tomato,3841.62
136,15,62,33.985717623912166,52.286468069281966,5.674342553697128,1009.8125407785682,mango,3722.19
26,95,78,22.851100075441103,80.2650635628438,7.512810260561983,1372.4687943438184,cotton,3668.45
134,59,113,26.48998874095559,67.07976449371097,5.376266465249516,1667.735554380456,tomato,5478.71
91,46,25,20.92032318634423,36.007489598829565,6.493298838593001,681.4196889938665,tomato,3345.99
78,73,125,30.682926958949114,57.96208134060335,7.798462957183118,1124.464297464723,rice,3882.01
101,63,85,22.537210383858987,68.13116534324607,7.7653375955803305,1391.6172163052838,banana,4286.27
135,81,118,39.20052403069071,89.11862556892842,7.677122869450698,1192.8851587713689,cotton,5008.81
122,58,48,32.57368871542266,42.251723246011515,7.7949376521542115,693.2372913243339,chickpea,4012.21
36,20,98,18.418056909336645,82.38694294453639,5.345889125223517,1633.3083889311122,wheat,3381.16
33,97,121,25.41737099183667,38.49059139997844,6.428865090241546,512.0498224494806,mango,3420.5
127,58,56,24.635527493246965,45.74531790492747,6.439485898388634,1828.9637008154552,sugarcane,4432.1
64,30,146,28.35617776800958,45.817352426857994,8.06200994939165,1914.6741482986604,sugarcane,4581.58
117,75,137,36.04826686198133,87.03614773407412,5.687567317597715,858.0318717354718,wheat,5055.28
56,72,86,29.585550379575043,42.936149980974164,8.225983573556192,877.1272228747132,mango,3463.91
127,92,24,16.538916939999982,81.1524472540516,6.303182945224396,1537.9008660509494,wheat,5140.3
58,37,45,31.385392420071376,60.0174247112753,7.179148012709675,1021.3194773936012,maize,3107.58
34,26,72,15.20663244864646,94.9408999068252,5.575532449117338,251.49825847862334,mango,3368.87
139,15,78,34.49901151350983,84.54094741238686,6.14119242732523,1855.7781098154337,mango,4877.17
23,28,83,31.66590181028105,78.08070373910817,7.339203728276562,975.3506155383731,tomato,3589.44
112,65,33,22.71964145881465,86.5972099323927,6.550988567404037,566.2911809725604,cotton,4073.03
35,37,58,22.311045114737894,71.21197551932718,8.222832046753336,1200.195331667815,cotton,3274.44
127,75,16,34.95682491365764,84.83739667435235,7.44849986358991,594.0310926643698,tomato,4257.16
145,47,13,34.58341729811551,46.97324507849463,6.7576117020424,570.8395994268941,groundnut,3977.8
74,46,99,23.807558859418997,36.35070872156987,8.046679026608832,1182.3163893031387,mango,2972.66
53,77,69,22.473693201994507,70.03558046063347,7.162225555154977,903.8761259410443,banana,3355.0
32,95,64,28.995619722069748,58.254875523133094,7.089281893681729,1231.3879008558001,tomato,4026.84
37,99,25,15.209141499603604,57.718651694008074,5.485485332590509,1994.2857862602327,wheat,3396.51
115,58,38,17.06667594966356,64.238610407953,6.079427862112844,1746.232677867383,groundnut,4754.03
142,52,23,18.154239753718418,53.48986975176027,7.233214610416086,213.80743872161975,chickpea,4546.81
58,45,88,19.635295445679354,70.69386954378389,8.067166845932631,291.00027716730153,groundnut,3279.27
65,67,42,27.800453166886726,31.986943877595944,5.762189894579661,1298.1429922362404,wheat,4022.29
48,22,30,39.80604787152805,93.0429372223146,5.361942487771939,1327.2609460381364,mango,3532.99
81,61,32,31.315335043683838,90.10608448296207,6.874783915263423,1780.743519336788,cotton,4434.07
35,67,66,16.532469861230588,90.79256056782569,4.768788392410853,1332.3029141392863,maize,3712.79
140,41,102,28.139484351556042,53.72522721294169,7.358166805800021,609.8861693283361,mango,4178.26
29,90,29,27.41613030973761,64.57291224784149,7.312554173149923,1043.3292098665715,wheat,3196.08
122,69,28,18.60419539545124,92.0184891987424,5.91986412394462,1656.1737212081393,groundnut,4659.7
103,92,112,38.00680922006019,88.65249366779312,8.070710613379607,1861.0849362770687,sugarcane,5240.42
84,67,86,26.019131191884224,81.36589093357458,6.50872456615651,626.4472141400764,maize,4759.69
22,65,42,39.86397851524349,56.47655334009351,7.083059802771747,1171.2885230239865,rice,3484.29
139,37,27,25.501807381304108,66.68204950684128,5.338313927753351,486.0695903067249,mango,3896.06
87,10,82,30.19894256709023,81.5393108240821,6.16936134064,1094.5994580696247,wheat,4031.36
56,51,26,17.619063411286003,47.74577971010206,7.949670161079073,362.20541734910194,chickpea,2625.49
92,91,28,26.35569559517173,70.71920893482724,5.351758190529371,1895.1105259108535,mango,4880.95
68,57,79,20.969147350099334,83.8157311153707,6.062297510369875,1348.5016249087078,mango,3624.06
140,49,129,35.88911996428088,75.9845614626386,5.77230617771252,1737.5901350846189,tomato,5815.66
107,72,110,34.5979896216885,61.16624102741505,5.10444073945912,1996.9313135274313,groundnut,4647.22
56,85,43,35.60449999063396,67.9995433710853,5.658871672510142,528.7987904696809,banana,3270.01
80,81,93,33.090235943948784,94.26391030447661,5.431089134300867,1449.4581469273676,mango,4213.21
143,97,83,35.81708059050128,69.12920665206866,8.19437452184531,1796.5753283123445,wheat,5288.85
58,89,97,20.02071875437302,81.06515401121185,7.464315218171183,1236.688701341222,groundnut,3973.09
82,13,94,26.30109441449504,77.22930968454807,5.764406327131297,1351.4534810598097,sugarcane,4244.73
65,47,20,32.2961719986492,75.59689000940861,7.553356212970839,933.8079611308473,chickpea,3523.41
107,36,100,30.934812448378374,76.56398858241283,4.588559812135486,1414.5695006897251,chickpea,4050.11
30,18,136,32.90886207185217,59.536633833295156,6.60609884308456,912.0402464530229,mango,2956.39
81,25,122,20.606459578780793,60.820411343678145,5.501338254938693,1057.915348672607,rice,3576.77
96,65,89,17.460867726124743,60.41107792845085,4.957288287234057,385.2411367210848,groundnut,3398.63
71,85,16,37.92016445186941,32.16154946881952,8.035034113353955,214.05512032468695,sugarcane,2726.52
23,40,25,29.00429738918396,45.66924647160103,5.297362137050291,299.2720234501043,cotton,1894.72
78,97,25,18.845648112685275,40.04666043224238,7.789564371785129,546.538953687683,tomato,3667.78
91,23,21,34.83591454718404,87.61892574082172,6.152890709967085,1021.8868752711177,rice,3566.56
112,34,44,37.873248415732064,47.87300881944169,4.557163080162802,237.789327532617,cotton,3314.91
82,43,30,19.239087964277726,38.998771240260126,7.430131317204101,480.6859504776185,tomato,3143.99
73,76,26,35.435311381727765,37.784850574207525,6.885439032877471,1606.6002869919894,chickpea,3181.4
136,33,41,38.33062653297821,75.49933924589031,5.876687532671277,1571.8998048716846,cotton,4762.48
129,82,50,38.45904000740043,30.395415209472354,5.6261837357050535,1621.5145250158998,rice,3925.58
93,35,143,37.853911541337524,60.63478611417304,4.794765009481739,1858.773697754193,tomato,4140.8
126,29,36,28.66052530900257,37.726621863882755,8.26570237934109,414.32780132213446,rice,3443.78
76,73,75,23.905282931346733,85.22811954633383,6.475939538768342,493.6517772101893,rice,4003.95
22,19,146,15.181820192350232,92.29927316940979,4.8420980703044325,800.3965062823659,tomato,3118.37
139,92,101,16.522805671788177,92.31905005396874,7.974718870977882,1847.2541581656374,sugarcane,4999.72
25,76,70,25.720975382434766,58.727667081540005,5.615332691271266,1595.859937410701,chickpea,3799.9
24,33,12,24.98315365978776,71.89346358826177,5.314410862938619,783.4182901981754,mango,2675.04
24,14,112,19.61784773924708,68.9807688731984,5.623749753368875,357.7444720089228,banana,2440.3
73,76,64,24.88700070079142,52.75252859008694,6.758285834428445,1309.4840470679014,maize,3659.06
66,67,10,19.366251636384202,58.86419194233453,4.796225937988146,662.2744984501742,mango,3350.28
28,36,110,36.21978131939601,34.18104032016357,6.427027636490706,1156.0746187433956,cotton,3173.02
118,89,54,22.45487194688997,81.72043712364666,8.08297378049725,1895.2460472817586,tomato,4517.29
39,24,35,29.96410875395775,45.65222829005024,5.2526863833844954,1230.711041565802,sugarcane,2500.66
141,44,130,27.57107654997717,59.934276523864455,5.824755088608976,1862.9019855620554,sugarcane,5710.69
80,85,55,16.297051939849805,61.24034768508186,6.084487860206611,907.4698147907758,cotton,4219.48
142,62,131,38.555842987279156,66.44626304483569,6.84488284610898,1340.0324071197872,groundnut,5137.92
101,53,40,28.18064945626208,83.16198146272585,8.177016986105246,1809.0019531045357,rice,4327.28
81,35,68,23.12644108479538,74.97226800194373,6.078156832969702,1258.3771608964491,maize,3255.02
22,56,38,18.953164240826705,73.09909819339748,4.776611362711055,1306.8176186487876,cotton,3419.88
32,43,115,23.463165868170893,64.23845722732108,5.891803445723969,1489.3543677462042,cotton,3463.41
139,96,26,15.512790075584737,36.23712407152834,5.260341650399379,1787.7939629388554,banana,4393.72
144,59,33,24.088953883707443,56.13055065730599,7.107097915276413,358.7241102335354,mango,4239.59
108,93,118,28.28714818261262,92.22559533388588,4.617048436669329,806.3468879169565,cotton,4484.0
92,21,100,36.79665614627362,94.71062489373641,5.667719884292294,915.8325069450868,groundnut,3505.29
87,96,34,32.18436044244494,77.48237949655969,6.68069402893048,1837.47739770052,cotton,4771.4
120,13,41,17.789557828331034,44.78847259985193,5.609336824198217,1920.8142641291627,cotton,3569.05
117,96,125,18.693658110949027,36.62289199022074,6.703981133381017,416.68483639722456,mango,4323.34
30,57,91,25.70308419545937,56.95968333800295,4.958849288748732,414.3938236198054,cotton,2911.9
124,64,119,19.892693790969695,85.67717365335682,8.27122195195849,1882.7512296542523,groundnut,5044.11
86,10,46,15.696244439568893,76.92117559317504,5.663627229319546,732.3894224886668,mango,3269.94
142,98,35,35.12537200295176,87.45299544017182,8.192003357559534,635.2659542668749,wheat,5066.64
48,75,146,15.488064267449854,70.0254604553474,5.803341758016582,264.1211583573776,chickpea,4103.41
95,39,73,35.76724012995035,38.47134369833,7.627360764691951,696.0726825871682,chickpea,3105.38
28,12,81,18.602599075824152,37.46173785488067,5.484749429845012,1448.3475690067787,rice,2605.08
59,30,115,39.3669602701779,33.120149670958405,7.179075609558405,966.865092931211,maize,3073.81
44,98,95,30.096847795654753,66.86019808727951,5.794864855291069,1130.3666329731684,sugarcane,3905.58
24,93,62,33.37457429074739,45.78760538061129,6.536636516838636,1851.1320739067937,banana,3695.35
143,58,101,17.76209069920162,77.73493668807178,7.195256583054723,406.44160880836966,groundnut,5076.41
57,95,108,36.552601836287,74.60624583073798,6.855530020811843,328.2332874366782,chickpea,3785.19
91,94,20,35.97980857178846,50.6771982565406,6.805122373134777,1733.4753484230096,wheat,3962.66
109,71,40,31.324818288542943,41.492108320164185,4.762723342630469,1594.7404353752718,groundnut,3851.3
56,47,109,27.556871614884685,36.65602273674008,5.496307328686367,674.7215365010584,mango,3258.38
79,24,96,33.037229328291815,77.9254927978513,6.787357159426167,783.6214274733492,wheat,3670.82
47,61,149,15.148205383421955,59.27866470268566,4.573268828862901,758.5001043961885,groundnut,3574.11
100,88,24,29.811018884961484,51.02944442157903,5.502577020463919,1366.0558364394403,chickpea,3994.46
133,55,110,36.18515337323092,85.6824460274103,5.416740957724787,310.1807125801629,sugarcane,4652.87
59,34,38,23.92249717936887,68.58485907700995,5.499424440643338,1080.9228534747085,tomato,3219.74
64,30,123,17.707233912072923,63.67015186577799,6.642437998266615,440.97134440294127,banana,3093.9
81,97,116,25.521931243580156,78.31964572341502,6.82784141607677,1675.5293736672456,banana,4795.73
112,14,117,33.17761122646267,83.01290411529374,8.135991977491244,885.1934077579374,groundnut,4731.75
134,79,139,17.682530259266812,74.59475510247677,6.044124196104876,1149.6299477950265,chickpea,5558.25
86,56,93,20.15121400532225,58.600410708957924,8.206315668572504,252.77169580181476,wheat,3052.94
75,96,24,18.6887961707175,54.654421523692186,7.107817379936681,304.8757643738942,chickpea,3929.33
59,77,141,34.92369388938062,80.15822098772564,8.150641583602223,1415.098695320239,chickpea,4331.67
117,27,59,16.57231556131217,63.66396544161859,7.8338884067201935,1580.1869812543976,cotton,3995.13
59,30,32,32.164662552860825,75.78509510362946,7.2503297736307495,1478.0640522839626,tomato,3407.86
110,95,68,24.161423018829783,87.87592129023588,5.924423598075838,1526.6335456241484,cotton,4992.79
52,32,99,33.89478107213256,89.53289125788571,5.464441790740874,388.3157309887922,wheat,3634.37
25,73,124,39.109585469600944,48.05151655063722,5.389565742048129,1448.211513975574,tomato,3599.06
99,76,84,17.86363248966206,42.212846767713415,8.308695349825125,527.1456488403685,chickpea,3730.42
111,49,132,22.859626026686463,46.98367842189446,8.334295372517433,376.4277773782137,sugarcane,4130.31
116,19,145,35.253135692971426,78.83916508480768,7.399325494097235,1562.889494818714,wheat,4584.21
78,98,148,21.65395965127941,54.05377234300041,8.03518393630591,1800.9310107828164,groundnut,4761.46
78,61,27,20.378014926151025,41.27030325468643,8.175984652316242,1490.0778333292858,groundnut,3597.01
67,81,59,35.63444944672429,36.395057012953,6.546224786077248,1650.032215066556,groundnut,3969.45
32,84,127,39.67705910014926,51.275357273929714,7.016238762500689,1983.9586792189086,maize,4268.0
126,70,146,28.922014753699145,38.848868622783236,6.175017991680859,442.56064053203215,tomato,4155.66
64,73,148,21.95121870833348,40.16428481466495,6.173963057141052,1937.2745943794694,chickpea,4707.37
108,14,117,24.96414904000135,74.45245827400757,4.653715674578459,1282.1560498821846,chickpea,3935.5
119,62,76,19.253258184590223,31.282586218446344,6.235285841939222,1663.8556832210368,tomato,4545.44
26,64,87,34.04718197226882,37.64096200565347,7.193959246052733,1370.304526857806,cotton,3279.59
64,46,84,34.3368504455692,84.88375692885127,6.187928664426284,1226.0680198136286,groundnut,3765.08
77,65,48,36.87802480956236,84.91941552618646,7.989638707507826,1466.5141892390382,cotton,4529.74
50,68,34,15.665064089914097,51.4008261196325,5.830251809628073,776.465596123369,cotton,3630.75
42,78,30,29.049533540659482,35.716945543967384,5.0307281862433975,1863.6887422854427,groundnut,3070.37
126,82,147,20.35638585857961,75.82307169746838,7.746234762916238,407.52662970040166,mango,4917.85
58,68,24,23.522075387308927,53.40855970530184,7.195791673314368,772.4561313556319,chickpea,3139.18
101,11,57,34.623890382162685,32.95520076832018,5.467277929282327,256.09223576090596,maize,2685.54
119,74,95,19.800841309037402,40.258753784486906,6.645805024168932,688.3814857629651,groundnut,4330.46
21,69,125,30.958543764527242,38.91896277766158,6.10740935437517,592.7835388545279,sugarcane,3305.83
96,60,59,31.364154780589953,68.29256234879804,8.255439105742632,289.33554922153616,groundnut,3539.6
31,39,78,38.852347872557516,88.37764293423149,6.929328363682516,1085.1933149275196,banana,3326.92
58,20,13,34.37902321322343,81.54968216602472,5.133557044747967,1043.5448753400976,banana,3452.13
32,85,87,35.09087867884234,65.52354292611994,6.508593810547941,339.941799017604,wheat,3732.54
65,48,18,28.290018725447336,57.440085720286206,7.950227330095403,671.3309565351456,mango,2741.66
132,99,130,19.669520179059266,70.21398608947622,7.185986680129846,1915.979888839441,groundnut,5610.5
36,86,124,25.63908414295879,58.84782816370526,7.869808304394625,399.3259241187566,chickpea,2848.98
123,81,110,28.737239337795508,45.99644296746054,5.501597255462562,749.0335679470427,mango,4609.32
117,72,106,31.960481292842807,74.14783459789817,8.053405508190167,264.5523172183854,chickpea,4548.99
107,73,90,30.19272779579818,86.76085647318587,7.522445327296689,467.99696472278015,tomato,4383.1
128,70,52,24.849445722931087,54.236571494255934,7.415655021752315,1458.9147934384212,mango,4179.86
89,63,104,21.632827674896035,84.7000003999369,5.886164279054098,860.0897011932899,rice,4761.56
93,82,15,19.205771080092077,58.02033302142688,8.050632255042112,1013.737827222417,rice,4310.6
82,67,76,32.346134656806655,56.08683630146269,7.051917509572866,482.56111123518104,wheat,3489.8
79,94,149,31.134966857812124,31.8410832405568,7.90735790745121,1427.852311204343,mango,4399.87
98,65,109,32.184311643945165,75.19312858888168,5.943885823945087,1552.7388765642565,rice,4930.89
56,43,21,24.31318632006987,82.48766413239849,5.0826083642574265,526.0016891301316,rice,3232.48
41,40,75,21.560195564268625,73.13119977130646,5.829348720881289,280.9882345158959,sugarcane,2972.67
115,61,11,33.99303321702313,39.83846184047633,6.32105738950073,345.69404175623333,banana,4006.75
87,98,90,34.34118487638335,36.714075390921806,6.63362950058197,1382.6823629654318,maize,3846.85
36,85,144,26.390409349171016,67.23581885520507,6.54323686284615,443.9190844907101,cotton,3254.08
31,10,79,30.297602119183104,56.09855652199913,6.684218369746258,1089.053901503904,groundnut,2920.17
137,64,124,24.33799160579353,57.89135592656332,7.8668230608917895,474.7547556671061,rice,4910.34
41,31,97,32.54868000299517,92.9070160382955,5.18040498475268,506.2664867694316,cotton,3557.17
139,49,15,35.893039916196784,77.05497362754926,5.764205180675484,207.8489060147335,cotton,3451.11
69,10,36,32.20583193339124,56.76620304850418,8.054433961741806,777.4836605450982,mango,3664.27
33,74,91,27.814565671178414,31.241453189711468,6.741832818233322,361.63507893114854,mango,3066.26
48,72,97,26.466448987309256,32.216220360462565,6.8335594814782885,909.1302956127654,groundnut,3018.03
144,63,129,31.057991274393608,74.51224021698064,6.412250178455809,1276.011757311651,banana,5219.33
26,51,33,31.995272290033256,84.45301936865465,6.695898539944556,861.5575062706105,tomato,3421.07
48,30,111,28.968236088113475,76.00067092072945,5.292318922240405,1469.1469355036036,cotton,4060.17
52,88,43,30.623556877684877,56.382703919307154,6.687467597672513,1534.6131824708445,tomato,3826.22
130,90,56,17.414717062363305,32.02382296548702,8.488692511644468,1453.8914972494613,banana,4465.53
98,31,33,38.794137903558166,92.88110596528993,6.764190291696737,1886.0844073366966,wheat,4383.79
77,47,74,34.769326593300846,94.11184404027563,4.677609862424122,627.1296985912719,maize,3631.57
45,89,27,24.348196742669593,65.70869584387746,7.685742577402639,541.0216156069579,groundnut,3354.17
48,17,53,29.070315273840748,34.59361270518186,6.08590171489355,1297.4806806353608,sugarcane,3341.78
23,71,85,16.183113253410532,65.16321288444036,5.114704594006247,1270.7786169815301,banana,3006.99
118,56,66,16.03069534997651,88.00200056435254,7.950079224906766,1118.1770006146526,rice,4345.76
58,26,116,21.269958377799068,74.19905815833388,5.29189302213987,207.8357446896761,tomato,2968.11
34,26,133,32.24254105911558,76.79930001712708,8.183069559434133,1199.4288138307973,wheat,3093.85
138,99,148,36.30369369500029,35.5230394330962,6.267185961770422,1879.0365023713623,chickpea,5130.11
48,22,125,28.97964699949621,36.92325640706709,7.4711633389987995,802.2398404031533,tomato,3009.16
94,26,102,28.303318489558812,38.277670464432546,6.6879834013540815,1941.6785479764508,cotton,3849.65
135,47,51,25.05773834478665,88.78449418796453,5.526507215660912,842.1620225558497,tomato,4081.96
51,90,37,19.039948898950527,64.18022635714786,7.184360697983675,451.7381045320721,sugarcane,3228.21
149,87,132,17.958852533164688,81.45238126554443,8.331650203560592,917.1261468688493,banana,4848.51
103,54,33,34.01699403052415,37.49393189243401,7.57854786716565,1090.3003632623795,rice,3743.89
41,15,145,38.187588782414394,90.29677585805868,6.916071986300713,1333.035938317864,rice,3700.33
46,44,115,26.45708040965683,83.37423594731865,8.462512433063427,1108.7806916402014,chickpea,3214.4
100,23,127,31.486141467890956,44.60966941039815,5.5613066693707385,1166.0935293311927,mango,4605.06
145,81,62,37.86144127202353,86.82184516410697,4.74936595163779,243.3206690436897,cotton,3785.46
111,70,141,17.252840823353615,47.123779360792604,4.628523464463724,656.5163044411809,banana,4372.67
40,24,109,34.26203632797575,43.347092157038674,7.342751518235193,759.2539842905096,tomato,3007.52
66,63,14,30.420422109389378,47.175855892793805,7.820929458936682,1976.7593681866083,chickpea,3482.58
120,36,58,29.965929470746534,89.14707911271961,7.040402149938107,732.0219292766606,maize,3922.11
103,22,107,22.313510712039246,89.51347905846652,8.120106389772793,1813.8419278837134,sugarcane,5024.57
25,40,39,32.097333869441925,51.38472535471797,7.291904189359682,748.5251609739418,mango,3221.49
20,44,81,34.869943870519414,75.85322203114583,5.983818585636082,372.99859587630397,mango,2776.76
77,69,112,17.821454123592428,73.92344158567191,5.225033166519527,645.7113183096999,wheat,3775.37
143,15,72,28.338035774524595,82.42657108847621,8.198589914236624,691.0910928457363,wheat,4449.65
34,78,35,17.531629524685243,49.27311750923852,4.914388599989918,1960.8474690001715,maize,3368.51
83,95,46,36.814350482441114,63.15900522417612,6.671953614985622,1413.7247100210268,chickpea,4473.7
44,67,16,27.690918066408685,73.39880681553865,5.756031701094047,1877.0257921177388,groundnut,3872.31
43,58,136,35.199142231518934,31.706693222643892,5.5856600300786905,1702.9910399686792,sugarcane,3702.61
31,32,101,24.202140941655358,54.48801844651205,7.0833394076675855,1241.4772832205756,chickpea,3260.65
37,98,112,18.126955670408137,75.23274324910699,5.424947749564145,1415.698263642014,cotton,4197.8
34,43,62,16.037482609642787,46.41868105274367,8.165460426969583,1324.7069486528567,sugarcane,2612.15
46,35,141,22.037740519309388,92.25076695542167,6.1241756363964965,1399.273447145216,mango,3898.85
91,56,117,21.10584250910196,31.960489147944532,7.209501386918715,676.5925963290972,mango,3744.2
79,14,121,29.008799350499046,92.27566719318249,7.411022869314339,934.6252415742867,cotton,3782.13
112,99,16,15.543470951592685,44.089651420676006,7.231766778501321,1266.7084608766634,groundnut,5013.69
72,29,76,28.014263607479336,33.17343272514905,8.113600963572093,264.67123710054284,maize,2737.8
27,15,117,24.79429355030008,49.010812159531234,5.424523454423992,1069.102822523048,wheat,2370.88
98,79,120,29.428056747861056,81.10834997386465,4.844218178744405,1747.5084801161358,mango,4000.29
46,68,92,32.56043820375912,78.90873041912346,4.721862789060197,1086.2619096535936,groundnut,3867.82
69,73,133,30.852298626995974,43.57462706748149,8.0113766019001,1194.1820635798988,banana,3925.51
112,27,148,39.61610923433416,42.79135868346696,8.393148199756729,563.4292169273435,sugarcane,4157.86
43,13,113,18.456633596921776,71.76769452729515,5.710106164818851,1629.8180191737883,maize,3405.9
79,26,76,25.743425223244465,59.77537482892248,7.274055694299877,845.980918467552,chickpea,3404.46
141,23,16,25.62076841608278,81.49884696650864,4.535651136686996,1921.8575962631799,groundnut,4521.03
65,87,119,25.426330092573018,31.568630615015984,5.254526040463951,1988.6866548672426,maize,4147.69
34,22,43,31.594959801066707,69.67677094943713,7.257097529846458,1848.8009766725174,groundnut,3235.28
36,16,115,27.24570151366806,77.49368079559193,4.763548557260931,352.7781406690591,banana,3043.54
145,53,67,27.935813995324075,94.57009728186348,6.374040199679298,799.7296798928484,rice,4575.54
103,24,18,25.808899803669117,74.12081012539505,7.1503330574957955,1901.2477431845311,cotton,4272.99
28,28,57,39.792486525464064,45.06993517574781,7.563832685222069,1648.1599307199876,rice,3508.76
82,72,124,38.189033720476054,37.03210266720252,6.315263654897482,1840.1304607533732,maize,4939.22
136,44,50,22.693104734109273,71.65959035186489,7.021136157985373,1230.595748553978,rice,3945.96
149,90,57,17.78984811916668,64.00689938868405,6.658302518248245,1064.7156587375543,groundnut,4794.75
107,44,34,35.99411810096507,88.44444374892606,4.709223088333284,391.6933706080119,groundnut,3704.85
91,28,125,39.92925628564311,77.22952137678288,7.4712187490393855,1711.0487761815782,rice,4806.51
83,29,87,22.31522235099114,63.133259252770344,5.1894476635415,1541.2547871568613,cotton,3931.35
91,44,117,23.944623146044158,56.233315599734595,4.627222124935365,305.97788542774197,cotton,3847.34
40,41,34,38.54082953713007,56.284355472103314,6.304671665153489,576.9462612715137,banana,2599.2
37,57,48,32.77823795007725,44.709778599830244,7.962550349126041,1203.0996139670187,groundnut,3068.2
83,53,128,22.390958294490904,31.126188164120308,5.1033177506441145,1431.9243237163496,maize,3984.21
101,33,88,29.52616228209788,67.3691882334619,4.5514301364679,447.8064756698117,sugarcane,3915.31
129,70,89,38.6057394841064,43.80695761400899,4.939916943061668,640.684673232183,cotton,4349.97
114,26,36,35.295327673644465,43.54124965232269,5.954636457326426,547.5983810762252,tomato,3590.41
51,80,113,33.54581784321649,38.14977986397123,6.8206874799652155,595.994874806976,cotton,3703.19
30,59,83,33.424907793175564,42.32370686148503,5.27204853594357,1857.2836224237801,banana,3051.81
64,74,77,19.45050810730676,32.06629472108395,7.707856020090283,1488.4752314697573,sugarcane,3577.28
52,41,37,35.617030980698416,73.82504423365458,7.513188482196328,1526.792564725946,wheat,3185.2
121,45,132,21.902965811086453,56.090812560325126,7.283454466394797,1629.1915595647085,tomato,4534.05
30,22,147,38.259166447538234,66.49909892025443,6.449879233262176,841.831476759308,cotton,3297.27
107,79,92,24.115999775344577,71.40224517135198,5.960867820535942,1580.932305918453,rice,4122.7
60,67,39,36.44150992605641,93.21149654795035,6.0023464838592435,1961.1441097812867,groundnut,4247.73
95,23,31,21.655837362945036,34.437281280607564,6.512282139822933,1457.1096426936956,tomato,3315.24
140,46,12,27.863173414556012,57.16464951404347,4.8092587475306185,950.1556021265703,cotton,3584.28
65,88,110,17.672132387226515,45.983365679221265,7.229221851468244,1489.4476142797544,groundnut,4157.93
99,77,114,31.50297257490435,60.986275570692925,5.906030176037208,1821.4304604731649,maize,4688.86
73,49,11,35.90198187917096,89.83069953990272,5.399035111754754,431.77077861675247,sugarcane,3374.5
105,68,63,32.9611820325604,77.05897724112984,5.613308281994556,677.5304160524986,mango,3900.7
111,89,15,28.08146282346643,73.02672312119307,5.221177141144871,1854.7331875920295,banana,4532.13
116,25,116,16.127896965036488,58.68098196802653,8.106272342111154,1903.2192208001488,wheat,5207.08
21,71,132,38.33602517927146,73.62231239433834,5.176150065450204,1071.4504288123012,rice,3740.3
52,13,11,32.637238714465866,32.10439952283652,8.03170447557945,874.1917341259356,tomato,2057.56
96,54,120,33.646605959133325,68.10551368194314,6.788973583873805,709.0072500854526,wheat,4548.04
135,99,11,34.86701438777018,65.99547656895113,7.969803821555441,1097.752773963743,banana,4919.88
122,37,102,33.693585648190265,52.531628077607536,6.396256867622048,1882.156072863893,wheat,4900.44
122,75,110,26.027904102458344,43.09841815256705,8.210534877924294,469.65732936401986,sugarcane,3788.65
109,40,106,33.34054573219867,82.49111081495457,5.345962974433401,955.6951493849964,maize,4597.55
141,12,120,30.625669695258225,33.50103743958127,6.718767011389098,1840.89414252348,rice,4437.45
125,17,15,36.350408341719664,34.528736187533205,5.003354762054677,828.4146862596534,tomato,3651.25
138,33,136,35.06149538343426,58.63391335896952,6.288881140809457,1582.5465326783667,sugarcane,4873.67
68,24,113,16.034359561681498,46.41604558155933,6.77961478658737,900.6676152339836,sugarcane,3361.7
123,52,10,24.47217725831513,78.45440687795633,6.922700888692688,1648.868020981475,groundnut,4644.79
80,40,42,15.867903804597365,71.22235499987741,5.9621151876291165,1965.8042299229755,maize,4527.52
142,82,49,17.551873119152447,80.21476174823104,4.805342568665811,898.079619035501,mango,5312.45
28,54,41,30.035268050090284,51.10413216195707,7.121304285530611,1721.177578233561,maize,3259.54
25,75,26,36.84554552905634,78.13373107516138,6.453727441813111,1979.1502847125414,maize,3671.07
92,17,135,17.99561896773168,86.04971034171592,5.047515466549028,1970.8942574202576,sugarcane,4296.87
122,80,17,26.277232186670787,52.442842137207165,8.243503877624399,980.7879467599544,mango,3497.73
60,66,66,37.771972620161094,52.09322837551917,8.322674648733773,1074.37001698847,cotton,3060.91
133,89,51,35.3575245917897,88.49684125391771,7.926425119325476,746.1228109574037,groundnut,4677.76
27,39,107,27.991697411648246,33.23636645720109,7.87547320207039,765.2337747002571,maize,2996.06
91,83,146,34.28928598322078,52.76231137250488,4.8946851034722245,1086.4471207380234,cotton,4044.93
111,27,129,28.067344351113427,37.71371198466726,8.473680438330272,560.9334621157557,mango,3790.69
81,78,96,18.95230843207122,31.883738366248455,6.101522719454927,1480.0219330788696,maize,3816.51
103,48,63,18.118402830541978,37.336512147043436,5.152484463468454,1165.3553625576542,rice,3466.81
81,69,93,19.709205801676745,58.030976426718,7.748406912868885,1816.522142911908,cotton,3969.45
130,52,34,23.773052374141987,74.6521444998064,5.402923073852231,1659.0483808589738,cotton,4957.04
146,54,76,38.263231691850464,48.80335758872759,6.604701282678366,780.4480031230423,rice,4908.47
26,32,55,34.99196034134003,85.22889498107311,5.012064260813745,1110.4483214318013,cotton,2808.59
103,78,31,25.820039030657938,58.44501586799275,6.398582893103554,1550.9268697497935,wheat,4116.96
77,15,148,27.32691774468935,92.93482331251333,6.732565973611769,547.7602294611049,maize,4139.11
41,65,17,21.64023644166037,92.0201185138405,6.283695839805371,256.87591367165004,tomato,3631.6
146,13,48,32.608823911803256,80.26295447334297,4.777947299010612,1734.1481473549109,cotton,4991.57
22,32,58,35.06914178655095,90.60635724953018,6.439756122331053,447.5904634873068,banana,2815.3
146,15,55,20.972617391689415,75.96124495047226,6.375771373763263,1800.9405757166717,chickpea,4733.38
60,41,47,16.045540594661635,88.21290734942679,5.546481109162695,1844.4944429860602,mango,3574.89
125,27,145,30.59722357907426,45.370791628809926,8.186406398629746,1029.2607886468832,banana,4037.48
33,24,63,29.062802978382916,52.45231301149191,6.171169330793024,1652.207082234641,rice,3233.29
31,49,101,25.053278875721908,78.94045429031601,7.956463184785541,853.7442434374491,maize,2861.87
106,82,49,31.097348544330252,57.59648048342621,4.938655318533767,1744.8761873211442,maize,4223.7
31,83,43,28.765332449628588,84.42628319859367,5.775509136824725,1684.4273915000904,banana,3895.47
44,93,105,21.26453941485482,87.04652665320538,5.20532341507216,341.33310146216434,cotton,3187.94
64,15,88,24.94322439056806,49.48241650686012,6.13364315139277,1248.683133354261,mango,3532.93
141,72,136,25.70283924368104,83.52430253232228,4.946546748683515,1351.9980264741466,maize,5532.34
74,76,26,37.00619986188909,40.027177619234756,6.264139223382482,201.5431232387889,cotton,3262.67
119,20,119,39.022603853223984,51.72278624989519,5.915482973792946,1963.8529737127317,rice,4445.44
138,52,61,37.325034059912426,63.667721822890286,5.39326018909602,931.8216348212795,wheat,4665.18
72,26,127,32.97945060129949,44.71884453675299,7.06871764780126,1131.2177705465838,groundnut,4050.72
51,13,18,29.624818340145545,67.65240892238796,8.303645952591328,550.6473436274377,mango,2582.64
70,72,42,32.23154088664887,67.61518011664702,5.328453894198347,1299.6534395310703,rice,3820.96
63,77,122,38.47773051831722,43.44868816530887,7.347163359593802,1659.115759302846,sugarcane,3933.06
101,90,94,21.249968380595796,81.71668741755468,7.469523557026972,1254.6062222955106,maize,4579.04
56,50,19,28.378012691835124,71.0568918117473,6.49248206570345,1618.463082443775,chickpea,4007.33
115,92,15,32.2402004750102,50.65443294362203,8.090673384402269,1515.9943292927003,cotton,4771.76
75,14,124,31.981175033106865,45.09201092556897,8.365560264259361,627.7840607488486,sugarcane,2992.48
124,41,130,21.30697398942091,87.11875902424208,5.948985808215397,984.4631139964773,banana,4695.38
78,95,74,29.668288184743798,84.32324593960243,7.10413319201275,467.52839198553545,maize,3858.21
54,79,29,34.89782856050391,44.93444386560921,7.148850471600449,275.4845751351836,wheat,2785.52
112,44,66,26.876974501256097,32.31433972357307,6.114542105010019,313.52411947543567,sugarcane,3070.69
116,31,55,34.832451917468376,82.29461872330305,5.767164297978457,1896.499873771203,tomato,4705.02
95,74,145,23.99706494386387,70.0080560922278,8.234976792911255,1972.1674264418814,cotton,4502.48
68,93,19,38.469003179093974,36.55733182347488,7.659926197250702,370.9595144897119,sugarcane,2867.59
113,31,122,28.348211012477528,68.17828340422818,4.957858263898176,803.3481833096877,wheat,4047.8
43,20,148,29.898698769815358,59.39187454851013,4.979536286339548,405.9572242808408,mango,2590.62
56,86,21,15.78403922011471,80.34577128578995,8.190171075411307,1701.6118820641443,banana,3633.58
23,12,147,19.256728428214856,43.59051474031745,4.825639060107697,1093.3347649525072,groundnut,2500.81
127,18,20,30.823347011776118,59.45518837982672,7.2536853849726635,1318.2711606659889,rice,4238.52
145,69,127,25.49675929455678,40.15586742637459,5.407032987777647,1171.8395583230113,cotton,5177.94
39,85,48,27.704094761454368,92.23926980770503,4.640741370966475,1478.4564509132888,chickpea,3533.94
69,96,62,16.57428521834251,80.61798020013566,4.738550184320361,774.438037970709,tomato,4664.18
115,23,65,35.85338096025961,77.88695772259078,5.994088414718249,447.48803815405813,sugarcane,3535.52
124,27,113,34.61264005740543,74.86343322635213,4.810353806757458,231.71600491348516,cotton,3753.07
136,82,138,19.633849393046237,57.51686876031481,6.886556799733816,1002.2471995266886,mango,5144.18
117,32,65,30.858233931434484,90.0133570207044,7.089018045496303,1834.101971824587,banana,4890.02
85,83,127,35.45788029135679,34.73960577525535,5.993874287932195,749.47976842208,wheat,3869.51
98,92,141,31.02135341039,82.21183965913187,7.471512302873403,552.7222780441216,groundnut,4898.03
25,56,39,22.759952382396122,43.990127586872624,6.460170080678309,1866.8769432447928,cotton,3669.98
58,78,21,31.402778761954178,51.06181711620012,6.220914013608328,389.8075497523295,chickpea,3086.36
134,56,44,20.261543692080306,63.76293238287504,6.127952355160501,293.24186014845816,rice,3959.41
144,96,86,22.956374931985522,80.87257571861267,6.22442594938215,1782.9437149197881,rice,5401.7
31,39,111,21.00174132767947,84.50476899749287,8.371550599737674,1461.6368875184403,groundnut,3222.06
37,34,96,28.923127559755166,67.94259626040812,7.225628240153751,959.723548647343,tomato,3006.31
59,37,61,17.705666169138716,56.19730678075454,5.7608393886444,1554.2191514159138,chickpea,3700.57
40,34,89,38.33275950870846,91.52265739120865,7.435439480822261,1534.5919136796845,mango,3739.42
118,83,144,23.337808841571672,46.023884229558945,5.8210695532916645,272.1090138690493,chickpea,4221.19
45,87,31,20.474253177645032,82.2011474322413,5.002859631138705,1417.244261711312,mango,3525.76
27,67,84,27.413745340045782,69.78322539412996,6.401441429822596,1353.5702794148829,tomato,3475.01
119,50,67,21.9249454613679,54.498176097538895,7.504095436553657,1934.8024455493464,mango,4511.22
106,34,102,28.372602159566107,30.088918983629892,6.010639643549284,1939.9206982875744,banana,4214.21
61,87,112,23.712728744552138,59.02895458766074,7.976696568189372,880.0387871636791,chickpea,3796.49
33,57,149,18.30167026922602,47.986799840249446,6.047810816351039,1261.715441398793,wheat,3506.51
97,19,16,21.64738105068155,36.78252986616144,5.8993561020269265,454.44327479908173,wheat,2699.71
21,84,137,25.960996124038132,34.885306746975516,8.492975655453066,319.62174672284124,sugarcane,2821.24
138,20,64,15.75733066199064,52.59129127525413,6.429888091960262,979.0037700660245,chickpea,4335.84
56,94,115,34.26606317536905,69.95923026814216,7.720884838854024,1441.7876195030187,tomato,4083.78
88,30,71,30.545614114760397,84.4387554987103,7.71995222423969,1221.9700201359083,chickpea,3207.17
60,95,99,30.033990181958856,41.93161092157625,8.205477348396718,973.3824599348035,rice,3214.94
81,54,107,28.65124829706915,57.60185813508822,4.839580217801215,1672.6025841942637,banana,4424.53
79,16,86,29.757829308126713,55.47714910923989,5.584881105707369,1629.9694499307445,rice,4036.61
144,90,128,38.366298817680516,63.37061059855352,7.570992366185736,1517.4956991399704,cotton,5513.83
130,73,45,15.214230270268517,82.62317260262094,6.75040596959426,338.6580466767699,maize,4480.8
33,73,98,16.19499274144373,65.98693916995026,6.738459769418135,1633.6453302121583,sugarcane,4216.24
103,11,139,19.787335248270058,85.03256937764911,5.164861207480963,1854.95836879046,groundnut,4493.59
149,85,102,19.18253449982875,63.705864144483556,5.624612056455719,306.99575892364965,cotton,4678.92
89,51,123,19.529861486729565,69.25007873678265,6.585336342866938,923.0084998553631,cotton,4000.68
142,91,37,31.798597146216252,58.42991076204434,5.608725458698485,1979.0398814898579,chickpea,5004.53
108,63,42,26.487082526254135,83.5012127192162,5.34113117079486,1278.6299452429105,cotton,4879.37
47,84,29,39.794471958367325,90.04876841370242,4.8510242230799845,1124.439323829433,maize,3348.37
85,25,149,20.672147870073623,71.54440797800447,5.122904047693382,519.4030654437383,cotton,3384.03
24,27,110,22.770752525687367,83.35085919623876,7.5754710499678914,1217.875310001506,chickpea,3277.04
64,68,32,39.606017920041225,33.83521670994152,7.375116722338862,990.2778688450153,rice,3054.26
66,99,121,35.79395352005618,88.89726384403275,4.683334737394846,429.39750002622145,cotton,4099.97
50,25,23,26.744980516963317,42.2801293445431,5.313136341376444,1035.7987747124616,groundnut,2915.53
29,15,100,28.864922138649746,46.67382777617752,6.741821386930865,495.91874931546886,banana,2534.07
137,66,86,36.07944801632101,33.46645443343851,5.790511376947093,1515.194519106902,banana,5219.87
33,56,94,27.0245061511582,92.75100760331384,7.792998410718122,1952.5670590585212,mango,4393.05
99,57,118,20.150593089552107,85.38070521674446,7.639957230648587,1045.238687166253,sugarcane,4210.37
112,51,40,35.71111346385963,89.35699926592045,8.066322231832437,1338.2629974463032,maize,4256.03
29,85,131,28.444312281891087,85.06905090440097,6.751724926020463,975.7559445803162,wheat,4142.33
95,69,116,18.826064929095534,61.16948592688378,5.908305919236394,449.2169365826096,maize,3770.88
113,86,63,27.63964577960994,90.06532571589963,6.924258784739671,1946.9995156558978,mango,4550.11
124,13,142,25.33008451492147,93.01573332776724,4.856546718981831,433.24159535134345,groundnut,4781.07
20,11,52,36.92106329704395,62.66685349131084,4.53834407096587,400.92825532437325,rice,1788.78
39,99,98,18.151385784017585,41.41561078637449,4.568374080481421,1026.5112950083408,wheat,3643.4
27,68,124,36.88024511120064,72.81046308260113,6.130171751736865,1385.997078380478,chickpea,4063.76
20,36,108,27.805275420257118,93.40348884048208,5.412310376412253,838.8618877512042,chickpea,3013.56
76,36,56,25.10911074952869,86.68954589082688,5.129350823200191,546.5306399544254,sugarcane,4002.53
83,88,80,19.04917961007351,86.017986449484,6.961304062472681,1674.1340624494574,wheat,4747.43
137,81,76,32.520449065966986,90.69817109247333,8.480380170452724,853.5859770971922,chickpea,4750.05
47,16,71,38.17016772775101,88.10689693591556,5.211012814462146,549.7777520910329,sugarcane,2548.13
140,72,118,24.384433847482995,80.45830816118904,6.685685696855755,857.1527795123662,groundnut,4417.71
126,55,46,21.039625016770835,76.68773409051877,4.978910055999576,586.1975737570237,wheat,3941.04
68,72,128,28.871672924978924,47.209866293409036,8.236945764288556,1135.0059280622131,groundnut,4200.24
139,21,95,34.90464871084676,70.3871013928492,5.66702067428234,1402.9208950478585,chickpea,4032.84
63,22,135,15.094192363763327,63.89676041088282,8.013359280173514,1639.2032789585348,banana,3882.17
75,52,145,30.78443590988573,86.02636595276442,5.632305757001507,609.6116545757586,maize,4100.4
130,26,61,29.912900017465773,61.961317276854686,7.724209920746878,500.5172102680019,maize,4131.55
127,72,100,22.953804645104,38.30327963027479,5.337525333783091,235.28615761139628,groundnut,4231.25
133,90,42,26.285575090124258,30.323211545952695,5.6711577206137775,610.5579830250367,banana,4052.27
97,45,90,21.17408060404552,74.06175283046323,5.269901461614536,243.02963449603322,sugarcane,3623.55
149,94,51,34.747143448796066,65.7440451632655,5.557039511398623,821.8535666403068,rice,4505.97
56,17,121,30.86337333415269,51.51258878329914,7.839463021333261,462.24755989406594,rice,2614.7
39,78,135,28.31779055097463,40.98318975246287,7.05612999018679,1243.8120768100116,tomato,3527.4
45,99,145,24.81315496044568,60.33649595625364,6.123518675348896,890.7081670842916,mango,3717.2
48,89,115,22.284609650518306,36.51862071112887,8.386084108328625,368.4536139273672,cotton,3097.97
20,45,134,35.56841215108578,51.8470517993743,6.359446108518295,919.7596334658695,tomato,3216.85
138,37,122,26.285191760839226,54.64877390531623,8.379039885035406,576.826608742133,rice,4032.64
54,56,73,27.536185496041817,60.265215164467534,5.28634769164344,1424.3192324121899,banana,3626.57
78,85,132,28.02071826351854,60.33034883702504,8.118553708459798,855.9852405873318,maize,3926.76
88,39,123,26.209173385789413,46.70536682582802,4.555288816389979,464.65401658726296,maize,3643.17
31,32,29,21.402210655960594,85.2637138041292,6.68121280946303,829.2831183277159,rice,3081.71
39,25,25,18.0085110060763,53.11032790668846,6.192209577168059,603.8810010743339,rice,2434.67
62,23,28,17.46343167919352,44.92317507801356,6.600351381887917,1632.402202949095,mango,2968.42
145,83,129,33.936563083517214,41.42764242168836,6.713779327790796,1970.0616086569014,rice,5391.77
69,80,145,20.588195557537784,50.967595642716816,6.056125416270843,245.8845002535814,groundnut,4101.38
48,61,47,16.391820373849388,34.39093739353974,8.492791387544381,1442.0362471675073,chickpea,3241.84
58,46,102,34.93793516739715,32.13898899376316,8.406028761202503,675.1241005222759,cotton,3174.5
57,38,114,18.8515413215162,69.3342427921864,8.34698150681838,319.53555896473006,sugarcane,3351.28
103,76,109,30.62865229333385,70.24456384319735,8.416340189506352,225.83235725352833,cotton,4281.61
147,24,99,23.466081786196582,64.42323317148882,7.672049595077594,1785.817404582369,cotton,5070.97
145,56,53,18.162006417282736,79.54853769006209,8.454361916105327,836.4917037400392,tomato,4418.3
64,55,85,25.362024481358997,32.54478537801007,8.069440901100567,1990.1790057630874,rice,3596.0
71,61,88,15.370221528315628,90.83825203361539,6.163730548129685,996.2789017343821,groundnut,4398.87
99,28,82,36.026124562814005,36.17923301170893,7.639108433533631,537.6759531884738,tomato,2556.03
143,86,149,27.83744903354643,73.81149463558359,8.148271380502504,1598.8584233405825,tomato,5819.52
138,30,105,18.479000272699047,38.67077828115261,7.35042429434837,1867.6859894611375,chickpea,4820.99
27,73,98,20.924507959724618,87.1938531650065,6.191129362262416,1668.1178553958837,chickpea,4549.25
104,46,112,26.199379803463167,63.196363651427035,4.763160968065701,1541.35862124955,banana,3982.24
148,36,15,19.721734570388715,35.34908016616844,7.73878774824235,802.4594501345033,chickpea,4056.51
27,64,131,21.714979037527147,70.08706732550479,8.310971492505882,316.0826550110769,groundnut,3277.33
115,38,125,28.359639105881577,30.592146352343107,5.949853040919706,562.3388274081617,banana,3631.33
121,29,71,35.81522532595964,80.4414415986159,5.1076242039557584,1004.2584576453219,wheat,4095.78
24,34,145,25.045992142248018,72.28802413199801,5.806015357882223,1921.1597660259272,mango,3802.48
105,79,98,32.924381838838706,43.82060870862797,6.8304894327129855,1501.1375234156374,wheat,4411.71
53,72,105,36.917105336516215,54.358809551446086,5.767716013128945,1690.9094813028453,cotton,3611.61
74,45,135,20.40752350740405,30.50743514177787,6.942474920785416,699.1290144316567,tomato,3863.57
138,11,99,35.179799260054,75.08944797312833,8.367408928978522,1430.8814494163057,groundnut,4141.32
133,31,95,33.935054958275686,50.97342893813175,7.182937973230731,1752.3886580803935,banana,4287.56
45,25,147,23.923432448703373,67.15327949428675,5.950637465142487,1062.940726813852,wheat,3955.35
66,27,130,39.73799898752168,92.18729581444009,8.24301188588614,973.8053484153655,tomato,3384.51
132,78,85,21.564309285898926,49.46533634159302,6.762541074804576,1494.9281241772017,groundnut,4744.95
95,63,101,21.37008165079239,94.36546246567569,5.013489594130267,1207.8410352405433,sugarcane,4175.32
91,39,79,34.306479116329946,71.12734509049181,6.495924020775046,1987.7079497492791,sugarcane,4994.54
108,54,142,25.866432951277105,45.73576330855782,7.114545779640199,965.1850413114109,sugarcane,4628.89
65,28,32,23.26987486952608,58.39056239638175,7.853017463266954,516.6978991849759,mango,2556.8
52,96,146,19.466570133477575,78.12945295493333,8.24590714683059,1049.4830950153632,chickpea,3867.04
20,43,67,34.133310773363604,59.02106399940028,5.769664534865541,623.3689875759164,mango,2941.52
50,22,55,34.65804515340193,34.45299187720091,5.122049456316147,1210.256877430102,mango,2923.97
72,52,31,29.164100080753514,40.95923798986525,4.795314568775529,426.4345863883025,groundnut,2695.88
67,71,17,38.93284032978433,81.43435347595646,7.453418410833131,1909.9572923885348,groundnut,3949.34
88,31,132,22.954081760566357,72.14424992167399,7.680633010861728,1747.6811867722897,cotton,4312.03
124,61,29,20.490476136983432,67.03865602658868,6.137492507712667,480.01771479596675,banana,4247.6
109,61,87,31.936669223361548,40.89542809910108,6.0837016286945165,510.30726094461744,maize,4303.88
82,45,48,33.960216019992615,84.45423394777205,8.316948126618527,1122.3896140784295,sugarcane,4264.01
92,82,46,20.62264926379556,92.44810712310625,8.16672530032131,1591.1864966751052,rice,4239.73
108,28,84,16.91526910652783,32.65766133689352,5.433063607668172,594.342804201553,tomato,3421.11
32,47,127,35.2629121646593,35.07207159250059,7.6232305909992295,309.7490952071573,maize,3135.16
92,79,113,39.41254934115031,87.5070927154467,6.99080158493176,1181.9616978487072,rice,4432.26
96,88,40,31.11680715180711,83.01089651208834,5.11689095647856,1444.874805383618,groundnut,4196.46
87,66,132,21.946672503597355,70.16573960823409,5.9270841883462415,639.8578843268906,maize,4406.71
117,29,63,39.9168152138198,91.42273858409897,5.20989176522993,1531.5820179511486,cotton,4296.9
144,18,43,37.33166590667693,72.01798756948021,5.680624155287354,1911.1588129002955,sugarcane,4197.23
121,41,131,27.834516157007346,44.039042922417714,6.961204703093406,446.73399683385117,chickpea,3781.5
121,13,122,35.633032121045844,77.36175104159851,6.001061884173758,1119.8523175556516,tomato,4721.79
38,59,71,35.39551308157417,71.97117240846643,6.076238079343429,302.3155112268487,rice,3165.02
101,91,32,38.36997424183749,94.0734056306519,6.658589170468759,571.9898130152881,sugarcane,3834.27
42,14,55,36.0230960943365,43.90322286436147,4.848896555366891,361.6748362299319,cotton,2080.52
102,29,65,31.091980898929112,68.86252086356893,7.455189159397659,927.2119215443645,chickpea,4336.77
128,96,144,30.232592973912684,80.71088894463296,6.10683813365336,1677.4972226745638,tomato,5590.04
94,84,127,26.683932208290294,52.0339008069811,6.42158835280928,1238.8348109392064,chickpea,4489.98
148,46,140,30.662140999268935,54.67917290138545,8.397198915418526,600.6527068977754,banana,4409.0
107,31,122,34.88041466325957,87.71361949134084,5.877467553273016,272.1991647723016,cotton,4123.4
73,67,53,39.22594065756383,56.272667174577286,7.092875743895702,1196.1167515161553,cotton,3631.61
108,77,137,26.682183954553004,70.60763537321495,6.070017269183243,439.0340869830278,tomato,4860.26
84,53,117,29.341330074718925,87.80047893924366,8.077130874734713,816.921249254763,sugarcane,3925.61
95,43,26,26.120137376469543,43.63872790088649,7.887025067980158,1118.3460660444907,sugarcane,3699.64
79,86,68,31.7122155245851,93.82202426291937,5.466497087049538,1826.7185642351465,wheat,5219.29
112,51,147,30.74801260153149,75.62697970807118,7.266982850443602,347.28198875969053,sugarcane,4415.18
68,18,108,15.445844754840582,62.24791011919391,4.760687983588828,1403.493666080295,sugarcane,3249.04
54,16,93,28.52903897751646,58.00983668281485,8.352741558119561,225.34631390878135,banana,2712.33
121,77,54,17.212172392475352,92.0337000108478,5.89596043205663,1333.8353942485326,chickpea,4665.52
30,28,117,15.65959045013846,43.37211378942831,7.827371090339068,1192.7584807950684,banana,3269.42
118,40,71,34.77992905211745,50.259411694987485,5.77372546430924,1661.3599161621219,sugarcane,4377.51
129,44,68,21.466246553982515,50.006529110615105,7.031082964787489,1156.9924511560628,maize,4203.18
93,66,147,23.51637693218248,48.78541175774012,8.434363167937327,834.7098795070474,banana,3691.55
28,94,20,16.602114690101654,60.4549729390198,8.006999452526522,636.9515683908079,mango,2326.69
22,70,111,19.487506512358767,94.29665016240915,5.14146363961963,353.4495352077314,maize,3051.45
104,40,79,34.140120456444805,87.77113983655413,6.6899537325978855,1162.3028137335762,rice,4588.68
45,92,132,27.338270755815522,51.3167219408966,5.894127128458761,1798.9794679674233,groundnut,4612.62
91,62,43,37.01671156375371,57.48655752245895,6.237355406593167,1126.540089120241,wheat,3808.71
67,41,110,24.93105328667088,73.51624851508554,5.840732516875074,1530.3851434386063,rice,3800.06
136,75,113,21.717518393856707,31.114859245279916,5.843836992782053,737.1828887916361,groundnut,4435.23
31,68,49,23.689995361466273,83.30998781456711,6.670212975106446,1006.6355477745819,banana,3678.44
67,19,28,32.81929483792261,87.18687372527476,5.26785603649261,784.2857662026765,mango,3408.35
56,11,76,28.87514180836215,85.71802173109471,6.649581700933458,396.6790004388153,groundnut,3231.44
63,75,91,37.60478018881069,54.37853514755985,5.615861748793204,950.5794859103089,groundnut,4318.54
34,69,73,30.054219234722083,60.029967978673525,5.655931616967198,1575.7170173069894,rice,3967.21
62,97,92,27.32545521203758,30.80524092374413,7.454992116142491,910.9549991801309,sugarcane,3233.45
106,26,56,34.64381809716832,55.96069762283081,4.618374414239743,1370.3225999928811,wheat,3282.28
89,25,15,38.68834626833613,59.927743453829095,6.023783050695228,1565.5078712915483,chickpea,3314.5
65,25,25,23.896147781124263,88.95332904945111,6.13013752061458,780.9252089893808,mango,3680.02
127,55,48,21.24690525413694,88.10919879422107,6.440440558872691,1635.5262072898581,groundnut,4381.14
142,48,122,30.40543490735348,92.79630916571412,7.176044098918155,810.0662905454774,sugarcane,5066.86
40,40,149,27.471820528847026,87.53182403088383,5.978747130948346,660.9927088288209,chickpea,3621.63
126,97,147,39.729639371619584,30.533046112796963,5.352548417225821,600.403101967757,mango,4082.98
99,10,80,26.559044603693334,71.69495540159429,8.039491362185235,559.8274623047107,sugarcane,3508.59
66,20,119,16.858288784008646,34.43544940169765,8.424154506724847,1526.8233310641142,sugarcane,3313.21
136,94,64,39.4342265194409,47.71862861469905,4.580058772691731,1797.5166699024517,tomato,5034.03
143,13,138,36.0896736398385,67.58999591558772,6.685867404002792,615.1672535335206,cotton,3977.51
44,80,58,19.456253598949083,75.53989819649003,5.866809516436793,353.4325360330771,sugarcane,3027.07
55,35,30,37.61513132782173,72.55108168461119,5.6079583015488375,764.7805573191891,chickpea,2802.03
70,59,46,23.516670520543613,33.18879388156181,5.842825563479742,1384.1250300584456,wheat,3665.87
34,21,125,24.427799613361113,36.734251522020884,7.055511025704803,863.33616600687,cotton,2845.39
87,90,33,37.65978705905398,38.35814284053277,5.26286404091918,1188.5177705801939,mango,4075.51
40,84,64,28.25288912588288,35.94193449002992,8.1514428466318,1539.7489382153517,maize,3233.94
38,74,34,18.444073234962993,41.58523751250595,6.364458099757903,935.2613560790874,banana,3147.35
53,56,144,24.2264039835451,74.75170643525135,5.802307332597314,1999.4506964681507,mango,4891.86
97,62,136,33.05243615669702,84.00442132534494,7.562125326190396,736.3086684239045,sugarcane,3857.0
144,80,102,19.354604701700417,56.57290285477167,4.565386660944771,1960.8470333707107,chickpea,5142.66
136,11,103,29.75577993515897,75.03079791784234,6.227411462952148,565.4533974196052,groundnut,4217.67
71,33,80,32.38185332361042,43.001056982278726,5.921214404004919,399.6771378757216,rice,2822.68
46,13,131,23.596339388564484,93.26320985617153,5.852839639958938,1551.4951251698624,banana,3873.15
54,28,33,32.34701721770806,52.749838985745185,5.848285448362333,1464.1573819721564,mango,3292.47
125,35,20,37.10518379573297,84.98134890331428,4.62508551098907,1660.1048250364358,tomato,4054.76
21,84,82,26.802918605831024,91.44881422091015,5.108465612035359,818.4627591199488,rice,3465.61
96,49,21,24.57273320449464,86.20640758689464,5.067540637249658,1875.4537769353706,banana,3928.0
109,59,44,21.27896003395714,34.35939735011878,8.454442019278089,415.06657107154194,wheat,3196.67
108,52,32,30.105136996582605,72.26996522497164,4.588663023562447,254.49878239602708,groundnut,3713.86
113,84,92,36.9963012009679,37.80589592715083,5.168294625407993,741.0149932015487,tomato,4329.46
26,76,97,23.11653167962985,30.368095034176786,8.396698034634788,1635.1840341204509,banana,3593.6
114,21,89,24.90588811343259,33.36592385629938,7.013026375240017,1411.3681530925667,sugarcane,3912.9
127,76,106,25.165637938749597,89.54969776905872,6.302668482426926,985.1757756007216,banana,4922.47
93,36,149,29.02030854443793,89.0501284269256,4.8150437321854795,661.2565055498038,chickpea,4338.77
58,63,43,20.710224039185967,44.6785852046622,7.178644646531507,306.69101618235896,chickpea,3263.4
90,75,84,35.555278882692605,65.5589789619107,5.0512119507250715,807.5100412054505,chickpea,3967.06
75,58,137,22.390056937605532,92.07683704728521,7.184744488636726,1028.0355819585493,mango,4834.72
61,25,40,32.63406727241705,62.28589843028956,8.416705988800233,1436.6429085281695,groundnut,3398.85
55,11,139,27.8303935444888,55.582558309474265,6.627890634467811,1362.7495189035758,groundnut,3489.71
103,69,112,29.64744008381892,61.4111651129006,5.356338618010643,1905.2208252773803,mango,4608.18
137,63,24,19.49021847068257,81.36402450087637,7.001135003518392,380.7126542951499,groundnut,4184.68
26,39,66,33.37557995445427,61.02304611466029,6.551718751165131,805.4122211824455,chickpea,2488.04
73,93,84,19.715512976065778,80.91304928335401,6.632561054442585,1066.840547486417,chickpea,4196.63
148,47,43,17.836840940685978,58.060333966660636,6.412427784479988,1407.2524289371806,maize,4980.34
139,37,112,28.666987497219672,46.38036862873989,7.194962296974223,1091.8130445945312,banana,4833.01
125,34,84,32.73242842294163,51.220727438210346,6.7877814496280084,1842.9648175041295,groundnut,4668.33
66,19,38,16.25089591086892,35.05852520141578,8.447980309817492,1295.6102220796643,cotton,2976.5
142,69,25,16.734882873513552,62.32977438660296,7.803453684169275,271.39773744418744,chickpea,3851.5
138,51,86,35.06697906764798,39.6272101177865,5.558793510844026,404.58074431904174,banana,3759.34
137,49,46,35.2258174876833,82.75055541175763,7.403026087619894,1556.2920106650054,rice,4907.29
40,86,90,21.13261792647703,57.33838732019812,5.3572013975389385,1488.4178534233297,tomato,3632.23
45,51,133,30.38070507000509,79.72515105946201,7.629385632325565,476.29460328626925,cotton,3986.09
28,56,28,26.07950187861649,92.03992779001118,5.090230559909369,306.0355899181989,cotton,2908.53
34,46,111,30.817401035087826,85.21606673136034,6.394215334188953,1241.6921397917633,tomato,3921.72
29,89,145,36.57198210248063,91.84513918347828,7.662424793224298,1344.32989764812,mango,3883.4
141,31,86,16.996410614556414,66.91587424659747,5.620450809226261,443.53934752310283,groundnut,3433.42
140,66,50,34.44961064971136,40.74608820873522,7.848476500526653,1052.5147778734677,cotton,4322.99
144,93,70,27.325727613025983,90.80073702194053,7.076602836135888,750.4967524131433,rice,4869.69
91,36,35,29.103173594049913,86.4527853887901,6.090089316428863,1876.350162146398,banana,4591.41
68,50,80,31.348284000428006,86.18684441935035,6.193666837225088,594.5596461009283,mango,3455.38
110,89,112,38.065578728227685,75.0628377815667,8.203966135679421,1519.8693066259393,sugarcane,4687.6
56,43,79,16.417998838793448,70.61955704209515,5.371164000049517,1132.6410440198076,sugarcane,3850.03
87,41,116,15.736908803111191,30.957052970986545,7.273450460698841,220.7378216468781,tomato,3386.96
69,99,116,19.456544537219337,78.62351449072756,7.329176822966142,1130.597449782712,banana,4126.76
38,98,112,39.66119315066841,35.94978263638237,8.189798772734546,379.04986985510266,banana,3105.76
119,75,28,32.87690918444439,46.88381084666743,7.352657075029363,1386.311952485561,sugarcane,4773.21
79,21,77,30.366027976362545,65.8468691978369,6.8378696722335,1217.94235468683,cotton,3760.85
108,49,79,16.1759763353687,59.362618016942704,8.110090156065171,218.76900920025423,groundnut,3500.09
88,82,122,36.97775559732412,31.02533533514399,7.816528118593592,568.4470932493664,tomato,3987.57
68,85,66,35.318921332428985,83.5590287993613,7.367105819336905,1597.2050951696408,sugarcane,4435.81
127,99,70,31.62000109667712,87.12206227558522,4.6303135295686975,696.3907057436381,banana,5038.06
138,82,101,23.47827038711757,74.32174132728984,5.994081672961446,1098.7101220934956,mango,5260.21
56,19,39,16.762623889206434,65.16941081269346,7.027558688807417,761.5975059365308,rice,3244.32
30,57,136,29.500962197523062,92.44795952846565,6.58900209742706,1858.7483415155718,mango,4784.2
97,29,124,32.99236428652094,37.79715350363247,5.7772733059913755,1165.8386320101813,mango,3778.77
96,48,15,17.356008761931186,77.9641534882243,5.0776956620391065,1453.1123267408375,groundnut,3724.22
21,69,27,30.8441914949624,38.34343983818786,6.711986330755686,350.2569884547944,tomato,2062.05
83,75,19,22.159151697178963,54.81991193002202,5.643670303448852,272.60477755895386,sugarcane,3183.8
54,74,101,34.10610553049529,68.05649309611363,5.432001959235985,666.6107511208356,chickpea,3206.09
26,60,148,28.490396265045923,77.9106998827829,6.095832908219734,756.4417260565773,banana,3738.35
104,45,86,18.225919695260917,30.24154651767896,7.6419657328570745,1437.8249741238233,mango,3703.99
86,33,110,28.1629861933309,46.93886261416545,6.451414009465249,1224.4349048823942,mango,4209.02
61,36,93,24.893421584167967,64.98302544163832,5.36596884199468,874.2432924829735,tomato,3635.45
137,11,61,19.508899207041296,64.63678914549794,4.9676125691201936,1377.4114715204196,wheat,4025.34
144,40,40,36.03789310155308,71.44571827150716,6.495949055099199,494.4183452053169,banana,4501.95
43,66,119,15.275711212478406,49.75048275643446,7.677465593688938,314.2814506664706,rice,3161.8
65,87,102,22.80320692195265,65.13440132078082,7.111272094615762,1738.109166172761,chickpea,3883.33
38,75,62,15.314875954235669,42.336140533247466,5.4285955205729985,1215.1030308839795,sugarcane,2939.61
87,38,95,17.400173662653817,42.14669393622461,6.246826342757969,1368.3714925473582,maize,3673.43
121,24,11,22.427405479327028,67.47665762246945,7.920921453376275,753.0360513492334,maize,3540.22
61,21,95,16.35677963473434,74.55571802794717,5.210623631411355,869.5189239278595,banana,3233.19
51,37,142,29.91576330892853,37.82599783428372,6.628322282731588,348.26140487535633,sugarcane,2992.45
128,93,13,17.17157269965457,37.98134362377452,5.924926035043367,1742.5787380431923,wheat,4684.13
55,33,15,32.54284085165238,66.74467494492927,4.9967190193180775,1266.3910101420827,rice,3310.23
116,30,127,16.31605281567903,47.55622389843696,4.699615683643593,350.52979372389314,chickpea,3462.2
92,19,98,16.48272237002742,55.505941645672436,6.723485538583181,1648.1532795050011,wheat,3836.69
116,87,23,22.63314747583166,56.048649097092564,4.582995494961516,999.407665130554,chickpea,4354.9
142,27,65,37.41428812423194,41.60593585351957,4.913784466771739,1577.182430306024,maize,5029.54
89,97,90,31.034831218082914,30.08545117299072,5.890257124646965,222.71575176046642,cotton,3332.18
32,23,55,34.253282298222985,85.45486764798548,4.674080741423051,251.73145454982074,maize,2816.87
68,43,25,18.53880273692765,76.47512797834975,6.101780905807539,507.4093258078604,cotton,3202.02
79,67,129,35.85313583118115,74.88500627751176,5.021460096707564,579.6498010532237,sugarcane,4148.69
149,85,93,15.203656204855879,65.52283397736578,5.899492362800616,1575.1199545582479,banana,4999.83
24,31,17,20.326433768325153,75.56302754757783,7.664638748360273,1472.0494952298766,maize,2562.43
46,79,97,30.402308028749836,90.81974454059568,7.005457377906632,1308.9586144336909,tomato,3819.04
27,45,140,24.381160214851256,73.26879285490392,6.281604311150037,1792.74601367001,wheat,3811.06
69,54,28,39.604834792964084,47.23094112528425,4.867333231420641,644.8678105814593,tomato,2879.43
86,45,106,15.758481170457955,67.08640336315837,6.976598637258933,1827.928827028007,sugarcane,4718.88
63,31,75,39.96495419841358,58.751086218803664,5.154838610036201,1837.0479246773284,mango,3433.22
144,87,88,30.590695821532904,66.16724352228971,4.80634537544646,981.6675683363551,tomato,4571.11
77,89,95,28.967674864902413,63.64468103183363,7.155984069838431,369.895160756304,sugarcane,4458.15
22,70,133,16.487811064099358,85.82039353985022,8.14823959128403,1507.807834741145,mango,3869.88
105,65,55,21.83322191664727,72.36700671976936,6.342373747082089,806.4716107647424,cotton,4243.86
89,98,122,38.11656720728989,42.26930106571676,4.663983642432456,1630.8731313861151,tomato,4648.32
149,42,100,23.85615007973111,34.096090626899105,8.021190869674165,494.6425110268456,sugarcane,3826.95
21,54,42,31.541330011681275,57.58364626428755,4.767895064494296,1171.1272044338575,mango,2790.08
121,45,142,39.98740876046804,31.0146904467524,7.970052970806348,1114.5327145727797,cotton,4072.17
54,29,86,21.57674284583853,50.68933007916682,6.067277492891725,380.5660830253043,sugarcane,2917.36
117,27,130,29.402021975362345,53.92139551354967,5.961578154492359,853.9990862107852,sugarcane,4408.42
49,47,137,32.41094481755533,54.41327681064506,6.671189517825807,352.5595642041105,cotton,3546.13
135,76,87,19.11568116413538,93.65775158105302,8.328339269776876,1036.5325571220453,cotton,4158.91
27,32,76,18.71681409240455,49.75355700321043,8.094962180343913,1717.2282055048272,sugarcane,3376.27
63,25,124,26.407697791454332,47.239787199610376,6.381320353219069,686.368573947437,groundnut,3270.06
55,68,72,24.645313043982235,38.409760519390176,7.283292924095274,1576.7515769373874,chickpea,3737.42
96,78,122,32.85538592143284,63.21557431936983,6.82171700937365,530.1693481024214,groundnut,4112.71
50,77,103,16.737719286214656,39.988829903885346,7.273846316252669,1412.7228694831726,rice,3705.63
66,30,57,39.30416559351726,70.059156327501,7.817309840248388,1847.9673198748092,maize,4138.57
74,87,21,15.356924542145808,40.08538563099272,4.6379753154743755,783.0705468183857,chickpea,3302.91
125,87,49,30.032920608403778,67.48376565434808,5.80303941571159,1820.7409485595128,wheat,5300.92
140,79,94,29.065814896684707,83.7075005463507,8.337316432935468,1109.75766774751,tomato,4883.07
74,21,66,18.367893271743142,32.76410117874102,8.297345234099696,770.2492396981835,maize,2782.69
31,25,96,18.772899567838245,57.28355336968338,4.5448835599098505,1813.7148232007567,groundnut,3242.08
22,90,93,34.81693719486567,59.96818286922431,5.305760519689465,257.6670801855107,cotton,2617.54
49,96,130,37.18906146031708,81.4196893260773,8.475080169377451,250.43393229105882,sugarcane,2841.85
42,23,83,22.07542414709424,60.41451607646037,6.4713003035979435,1279.6932875713992,groundnut,3108.47
111,70,116,25.949099099064213,66.88982611966081,6.79146401586741,1634.1512911944217,wheat,5222.42
134,80,133,23.87487602595884,81.42827648322462,5.16568074208981,1552.7833533885912,rice,5729.69
123,55,109,16.8136753246663,66.3843020404039,8.077342435034119,343.04510603289,wheat,3459.06
137,41,52,31.830106150395235,53.289461878772855,5.425057198596452,1910.452148360404,wheat,4944.88
24,24,128,35.629823370142255,35.57974804533785,5.258590520078146,1465.514367747528,groundnut,2844.65
123,53,32,22.621983934780175,77.44451591831753,5.412489613281313,1908.40169670993,cotton,4197.6
127,26,46,39.75439484076796,86.62397976054008,8.178486810564035,792.3759661533837,chickpea,4290.42
84,50,143,16.896288932058873,93.05419490631067,7.311386828707397,1449.0904303690713,maize,4504.75
140,63,74,31.544767845363022,90.22899225015195,7.574385577961101,1747.8897441202735,cotton,5953.74
49,53,143,26.205700363152225,81.83216407416117,6.008145432737011,884.8356016777279,banana,3711.99
103,14,31,26.165047527666395,71.82567559597234,8.136708059722245,1936.7478537834263,groundnut,3861.22
51,36,114,26.441140400838506,80.79490947899149,7.657631809357559,676.9870241969738,tomato,3149.85
35,96,97,21.46704434503571,58.08544133538442,7.502389450029285,768.1045268381972,wheat,3532.52
57,87,134,32.88907068330581,68.66045396140427,8.383761134691806,1856.5914379286696,tomato,4621.46
55,88,88,33.039413152125675,52.665487594047036,5.964787323173395,1945.387543704866,maize,3703.98
133,52,99,22.059927752645677,51.23609897372488,6.943894587183525,713.3523469492695,wheat,4506.19
85,40,60,35.88266152146126,79.1849652629422,8.139718795908864,445.5020713571452,rice,3286.04
124,26,111,22.92112359125825,59.50563084973151,7.66355577274381,1566.2997374790757,rice,4196.4
104,92,115,33.12732809966356,43.7904820905169,6.75351583290246,1873.3974793408067,maize,4475.21
21,63,69,18.02499418780166,43.125980526221284,4.804854739120795,1281.2845586633744,wheat,3212.22
94,71,55,19.21754107009364,85.84620350204568,7.1108937582226925,1342.1341179312442,mango,4494.9
86,96,45,22.89489111270628,74.05443213357363,6.606222227471409,1573.2980015101405,banana,4361.64
74,41,20,29.846844191696537,65.49299476827753,5.236721845938506,475.5526739145348,mango,3253.05
25,49,21,31.137787136967482,56.061017839763366,8.02901249337039,1952.244013690531,chickpea,3263.33
105,22,48,24.908904299186872,58.003130401163176,5.872994379594973,855.7928925114705,chickpea,3850.23
79,93,148,16.94597882776285,33.73328762267135,6.049919574069188,1330.8327666960727,sugarcane,4859.42
120,44,45,24.340866302318105,59.569159416409775,7.189606195185642,1043.5088368999873,chickpea,4096.26
31,14,61,32.21918789897879,81.70456919043532,6.455194968164964,1042.725763576721,cotton,3700.4
68,82,40,31.7748865282579,55.21912120619595,4.8571243051165975,1464.9398698154985,sugarcane,4138.5
61,38,42,19.00491033013607,54.932781415311766,6.049766469420939,1990.392137970058,rice,3958.02
101,79,67,15.194599256724178,31.021577896253707,4.8778644717529325,1386.3077308927127,cotton,3431.68
54,34,137,33.82454043240292,59.759292066274455,5.263001612493525,1629.3064368309233,wheat,3864.63
86,31,40,17.65920415963109,31.646947441617847,4.528697753401815,249.70890307208623,maize,2699.53
99,75,64,17.058728599107138,67.07271282056948,5.225252325938649,1658.769264316673,maize,4481.57
26,54,19,15.067530420854087,62.940919802850416,5.821789415993443,739.9565871829349,banana,2703.71
33,78,139,25.81503314892318,84.60055243005993,6.652873734929178,428.06332106239677,rice,3945.92
92,98,24,27.58159752252036,67.81573971017187,8.17710884473093,404.0013538058705,banana,3870.34
85,81,12,30.941601153714764,51.02277809594399,6.6613074689682215,1423.7746655053281,mango,3424.27
110,10,52,22.401596017814647,63.55501561209942,7.322414165457366,1995.71030487299,groundnut,4576.5
149,93,76,32.7606179096695,75.48091312374473,5.930708365223097,1399.1511770712195,rice,4838.06
39,53,65,19.23329643517354,36.10764670167488,7.50652317426907,672.2266701201963,tomato,2641.44
29,96,72,35.799751327758685,70.3698157505782,6.981874984205909,565.9507478052915,chickpea,3124.12
44,84,24,29.29620822226114,89.58070832856865,6.339176053099445,1146.7227786824733,sugarcane,3548.52
44,48,118,29.597245584301213,49.443469216030884,5.275075179564903,317.07073883126594,mango,3297.19
73,63,125,20.244385344477703,70.73063116696679,5.714163631989196,918.795499268937,chickpea,4090.31
52,97,101,16.852718732509707,83.38641427276582,6.98378434950302,1399.2228272104173,sugarcane,4570.69
114,84,147,26.618120077016783,63.26741583351057,6.204225297458292,1941.7920964552716,maize,5523.81
33,38,56,30.39029879805897,76.66866971132501,8.057546226996207,966.1762060680894,cotton,2421.63
84,63,66,17.37616146654214,50.215672001801906,5.439361086142341,560.4030927331519,maize,3297.94
129,99,59,38.76336186320417,49.893799440134416,4.792290609013089,1671.2523260710118,mango,4937.98
99,25,80,39.51035900582017,73.39296141690645,6.857394306021938,1539.5591447491097,maize,4435.15
73,29,91,28.636417384812297,75.85157680827645,8.044203360760303,1747.466998768539,maize,3436.62
144,55,125,38.751728881835156,90.90563046828935,5.958956117759154,586.4937095772059,maize,5223.15
44,76,114,19.486130939521328,44.61450735666834,7.0908453394726605,928.6979525297032,rice,3712.68
136,74,97,15.635517129488122,60.43414374571799,5.425650488708595,1966.7979879014676,mango,4846.75
44,67,11,15.985238382259748,46.28337575565294,6.733887686690753,484.4761755974723,banana,2911.58
98,62,113,29.687811985669477,35.205990457215954,7.647168403450612,1408.611474479788,maize,4052.56
87,10,93,16.54104708592059,56.2099843165867,7.968126395106736,626.9320307850753,maize,3391.94
31,90,52,38.963640170602176,54.315248573733214,4.920476519409586,1100.2862113085798,sugarcane,2668.3
51,75,80,18.548330268984966,47.57821779884222,5.925498065172982,1640.9173624322384,cotton,3716.28
147,38,103,22.618070151324467,49.30466792406207,7.058577767743481,1079.4548946004743,maize,4886.2
115,93,51,35.562945049958714,53.42676741283307,4.638891472374609,1649.8670479614382,banana,4620.68
111,79,142,20.468508077602326,94.27444613070608,7.262460800603308,967.4028297926227,banana,5223.57
50,17,148,21.074211461364264,80.89225478787321,6.6121355312153085,1998.8352737660591,cotton,4197.46
97,38,74,31.057723894775457,34.64107807064895,5.654265116880106,984.4908215963782,cotton,3719.1
39,60,43,21.902152212231556,86.70685647163562,7.758617802376202,468.88306154808754,mango,3026.79
79,42,129,20.436190850192506,71.16471621591364,5.660202849183101,923.365128168648,cotton,3698.91
112,12,10,21.354442857641438,87.8885944079241,8.465660184815214,1536.6677323560143,tomato,3766.72
62,69,139,27.26618748351817,52.21112966346483,7.765480756453361,1726.2879639655314,mango,4622.65
149,44,70,39.15249681828705,60.19372621276172,7.33192200553235,1028.1859385172722,wheat,4820.94
79,78,97,35.80594853903071,88.25475872502705,4.745390231850584,1270.0583139051914,maize,4013.72
50,85,77,22.11525661400443,47.7172538343893,8.117241487949094,1720.8021220873225,banana,3634.78
24,93,136,24.084330212452443,89.507556955952,7.660221222950204,1664.3831239969757,wheat,3987.96
29,29,149,26.612806262601936,83.8524812893775,5.416100317167209,1383.9030296500391,maize,3746.75
108,82,31,39.47324117542476,93.73626615910408,6.068992725307556,1667.0487876515388,banana,5112.42
149,48,91,19.30976170839289,51.0767431560636,5.5745262064765715,1236.6393650635466,banana,5226.8
145,13,138,23.937077587297072,45.32395670031092,8.437664136724266,208.36670406550516,sugarcane,3372.54
30,28,39,33.23565234956787,51.50634830797233,7.916785779222238,274.2802119240018,mango,2476.19
75,54,135,39.09859335672358,92.05223673926778,8.22090121078041,1963.6551186287295,groundnut,4648.91
102,52,106,18.891880319105944,51.6497642434412,7.65509694550172,460.98567560486936,sugarcane,3633.58
118,22,33,20.684498854858646,66.73876829722047,6.32539296428099,928.129535882233,wheat,3581.67
92,22,23,20.642366859760756,56.239153368123425,5.32173699925874,1880.8602950179422,chickpea,4255.04
134,69,45,15.523300737301838,55.75430939131576,5.332320627638936,551.071072519489,mango,3554.27
26,66,33,30.102890624523738,42.56960964213859,5.106731393466708,1718.8244200397014,cotton,2934.19
99,95,104,31.767576853647345,64.91017015184335,6.686598201213588,1672.8816226872627,chickpea,5035.74
116,61,64,30.063147253131334,85.21127657286844,8.17986609145457,1975.3933781924115,wheat,4923.82
23,62,33,16.78307473532036,33.2165258810016,8.467192280183065,707.027300566703,maize,2701.64
23,95,35,16.730753143640793,87.7997285881224,5.649199200147059,767.5856396842627,rice,3080.97
122,52,89,20.2596638623531,73.25574273392446,7.289258161186917,1825.1804019040158,groundnut,5039.07
59,92,74,22.257362892472866,70.08797523736868,6.888392062441511,621.3423065641032,sugarcane,3748.41
36,81,84,34.66359139775118,70.68351514005948,6.455744467505244,1186.2217225767963,maize,3805.37
120,81,52,18.984756643723028,49.25753933704051,7.1630745752481655,1473.2209265439012,wheat,4339.85
122,51,38,16.102305409938303,56.984392751438705,5.985452075920276,689.3916414731942,mango,3947.92
143,99,90,24.84968769282638,81.95385038377395,8.277939100373798,1889.143301800566,wheat,5412.7
71,35,63,25.40980425354801,49.91476740085882,7.321795470825348,1398.2555865330567,chickpea,3415.13
71,32,48,26.272683454723854,60.55131362222529,7.51680436796978,284.8507548856851,rice,2785.86
143,52,51,35.67258860067422,31.276097640197467,5.469688380024296,444.3275562696451,chickpea,3879.13
82,86,38,17.45013537177354,77.68129294080794,5.174328013990477,543.4068261648144,mango,3312.4
135,37,140,32.59855206054905,57.15064148410937,6.077363172377292,640.9232551882094,banana,4386.87
81,18,147,23.44863927613227,64.14831995078424,7.566689941344616,1515.2192660529856,chickpea,3859.77
26,29,51,22.74950341088675,37.45480565769931,8.255183639011431,360.0834405598426,tomato,2053.44
111,65,103,38.313578152149496,94.4614248711834,6.209319303896031,831.0704100970421,banana,4650.49
33,92,41,21.21171311041855,49.66040875401499,7.596627169988664,1840.489981990403,cotton,3849.41
105,48,35,31.06329588348416,71.27432800376927,6.381630477867239,1202.0018354066074,maize,4312.69
149,60,124,21.8781939344023,67.78036241554025,5.680912998221855,677.8938149093642,mango,4869.43
81,21,138,27.67859706600963,81.03099325512437,7.457060602903391,1922.7013336645578,wheat,4509.92
98,88,65,34.65732231490695,49.09940211542744,7.692808535925309,639.7686055436284,cotton,3779.7
77,64,131,37.04306308790652,79.13527742482043,5.311363176322721,1829.1793182817569,chickpea,4555.84
139,87,115,35.96743100737626,54.86261249457273,5.720678008181323,1506.3854125062,maize,4599.56
84,20,139,29.554518403615994,56.72546278001269,6.479107373894649,1532.937866525815,banana,4413.71
32,35,90,21.220407883455554,73.72631422164005,5.246087319067507,1576.890773122909,tomato,3531.58
101,51,129,31.530834581546642,80.97857516313047,8.21533719501517,1111.8247617029765,banana,4733.51
71,36,61,32.7476261444902,73.34633134783634,6.865335650242994,1666.241706804804,sugarcane,3790.41
136,20,100,15.267299752837536,88.4921688371249,4.984813109486771,1705.1475759544826,mango,5180.33
45,47,146,25.980262773296865,48.53533691815437,5.236119458729848,848.8760990170107,banana,3308.66
53,52,31,36.08155107054411,88.54008758662671,8.317421381299377,920.6201327894755,rice,3108.15
71,28,43,27.239689906076187,38.50612918631961,7.452674342786473,1799.7620933702465,mango,3896.67
131,73,119,22.78438605408303,72.86947073694874,7.437620338019944,1144.5126687731436,sugarcane,5020.48
101,15,58,36.79494427561657,65.59599233971153,4.789994376020218,1760.4982926953642,mango,4403.01
61,55,138,18.897017438245143,62.151336127013316,8.081195350835788,1328.1850311640533,mango,3961.57
40,51,82,20.16113081040501,50.20928187604159,6.274941450234419,1268.4219621482764,tomato,3642.77
61,74,93,32.184309173403335,62.74262844503522,7.138869290559705,255.76571590015138,tomato,3757.09
132,81,62,23.810898538164373,40.51526816500571,8.338756876456056,700.2099161133495,wheat,3937.03
124,68,109,32.82542089334447,54.00586137375892,4.900049521426228,1103.7037644241727,banana,4532.74
36,61,133,18.942590531487298,36.41425963645203,6.429105837946315,1257.1709098424617,chickpea,3613.36
139,56,54,21.306727240021146,67.17002898611076,4.698450946647727,1334.7821522013214,chickpea,4704.56
148,16,146,18.916184459090836,36.22491260297575,6.498181693294862,1489.2010850209108,tomato,4420.97
149,20,114,38.82275783908774,40.422401853835765,5.509037641950284,1381.2201781285373,maize,4644.53
79,70,115,25.135099021273103,35.55534209668629,8.144262117095483,1727.4380733124408,maize,4331.77
67,77,52,23.430497747755652,54.78519159688506,6.093969977092348,731.8466171975241,maize,3328.01
48,34,143,15.355053904269118,84.72729953719265,7.035489784208316,1354.8259741986062,maize,3742.93
116,21,57,18.835439485272186,88.94826545619881,7.941149059258196,292.08712555328833,cotton,3166.87
29,35,135,25.528396406062488,34.67281454900087,8.434767433668707,1064.34213917965,chickpea,3515.22
77,21,16,16.712569814297353,71.24575915600576,6.515277481314184,682.4593387134065,maize,3003.89
40,52,25,27.768483237655424,74.48505259848477,6.323030811445824,885.5968669304528,sugarcane,3607.49
47,60,138,26.375385961611194,64.69504625808156,4.802958581185835,838.3929531769264,chickpea,3483.2
53,46,124,34.1792035086088,73.35401599552048,4.550955773348861,308.7752188747479,mango,3549.03
27,55,46,31.495067535007916,45.189896503801194,6.935208369993985,1039.962441352476,banana,3074.88
98,62,134,26.148682633014346,61.82687376823604,4.7618574085905845,1990.332718384796,mango,5325.36
106,97,90,20.616517502626785,55.406930187328854,6.0215157481538935,738.0849023056705,chickpea,4783.08
107,89,71,33.17158915044516,35.831016843576016,4.514425744425846,1525.0627490028512,wheat,4237.94
88,22,81,32.696552586355104,70.66116858196179,6.960909995862683,1186.019002856784,rice,3960.44
106,98,134,18.832404012884684,62.1889875236505,6.201660641761984,785.4055409566527,tomato,4899.58
120,63,75,37.86879578563507,47.88631174866791,5.008083079145152,361.2927087063581,chickpea,4559.11
27,66,39,16.610127900376078,60.789541926219144,5.685470427363288,588.5442213773823,groundnut,2847.31
96,13,29,16.375942722317905,80.39437119583769,6.7786427958876985,1607.3363710824392,maize,3579.01
106,84,91,19.683760441560676,82.10775458252415,7.126853472039908,702.2363193535616,rice,4550.58
62,58,116,37.73651995121928,72.21919836870899,6.349343518653788,459.74446834133573,tomato,3525.27
148,16,141,27.999953100923044,60.40360917101064,7.715836464363783,796.3370128292115,cotton,4492.21
128,20,46,34.698523016822506,67.42372654825013,4.949761646811943,1251.2773140098423,cotton,4338.69
36,63,141,20.696079701912517,55.02599913811511,4.838182890449631,1466.2336957219984,groundnut,3826.33
40,96,86,27.255549366343523,38.22616229462548,4.676977076071234,897.256706545244,sugarcane,3057.48
77,54,98,23.957236590597056,55.06533883009597,6.643311357797769,1096.6648827410281,mango,3862.62
129,32,97,35.695715176654815,64.47162914452622,7.324926816937832,1018.8500456602308,banana,3999.53
47,37,42,15.565110983980667,68.92421095228796,5.022085597690118,216.2060298621684,mango,3028.35
70,66,67,21.096068249152633,90.82706344355036,7.05578248742157,912.0808547405269,tomato,4230.13
24,35,37,18.81435560755947,80.52667392699004,6.407791064758139,1257.1756583097476,chickpea,2846.52
24,34,44,36.47972596803923,39.87951649390403,8.449378000604462,1225.90048954837,mango,3255.64
113,63,134,26.688596242344143,41.321843432440325,7.369894437065646,1549.5816050016442,wheat,4522.44
115,38,147,25.105501097330404,36.53215935058401,7.129893340766504,1406.6766387836096,mango,4481.83
27,92,74,26.237069052526998,77.98181226935966,6.781798939489378,698.2522348090768,maize,3415.42
83,45,51,39.29811376755838,75.89794810197071,8.489464726198815,660.1586088061326,mango,3527.67
57,23,94,36.2566848583981,94.11358861029727,8.42183668341831,1035.4552365141815,groundnut,3536.8
130,87,146,32.65921929625769,63.931522148182665,6.652460501978086,1519.3454018989787,cotton,4942.83
131,44,120,22.261973980581367,83.71697037517733,6.320733389337047,368.8891518367359,maize,4870.78
100,39,24,19.129324987961194,67.46859081178118,6.34845969080701,1906.9878494650923,tomato,3989.01
123,26,78,38.03584072561134,86.81563631428341,6.2133695612934625,1177.675622671577,wheat,4763.13
92,76,114,25.576888069912073,76.86636755467885,6.625593227985289,751.5351108803012,sugarcane,4338.03
68,89,73,21.96889498671573,71.78746097443144,5.594337071257483,1448.1042155865666,mango,4218.07
55,39,50,26.773020660440885,66.73297361389828,8.207155132457707,280.50646923758325,chickpea,2918.14
145,54,80,37.9461855705088,76.99308408879337,6.4609203258477415,1071.9144484095132,wheat,4913.21
87,88,65,24.67668283478233,57.27749977361568,7.868031247354437,1074.7453654348562,cotton,4201.09
97,98,34,29.066024931202485,36.27747774586817,6.40121469867048,491.5555128368306,maize,3499.27
124,60,114,35.07415752771417,32.599098371859654,7.373161095640972,1707.2980686953897,banana,4897.73
141,56,143,25.678313276209778,61.1365425545963,5.84752785790632,1634.2618136244575,groundnut,4876.47
138,62,128,20.838545048159208,68.95395284430919,6.999227430933042,474.91831001667623,wheat,4370.26
133,73,18,39.86314370957584,35.12518698709065,6.4934857818036775,854.8891284140796,sugarcane,4221.42
29,47,69,38.91427143630399,48.64873067928664,5.968457026134439,380.7732019355983,sugarcane,2981.01
110,73,134,36.08697922813785,50.932093388406656,8.026225044272003,1727.4957623105543,rice,4803.28
21,96,58,32.209346984648064,66.58170978853633,4.950846730995636,781.9761867475535,sugarcane,3582.09
137,98,60,22.371640701742425,48.10135964278129,6.447692593276441,990.769354143775,groundnut,4446.48
32,16,79,37.8353234541008,36.217158971140435,5.277476293064547,782.9695100370196,tomato,2127.69
114,31,46,21.88891675303072,40.71568816152576,7.944220364870366,758.0468296369118,tomato,3667.02
51,90,40,35.02023736692081,41.30660710427256,5.513877378862654,1545.1440567474604,maize,3606.41
51,91,71,37.956454198532654,84.7751713744795,7.033721360447286,1545.6192215236817,wheat,4477.35
143,50,102,30.075096010747785,48.48077965358895,5.162254060341416,1132.018706865025,tomato,4167.75
30,83,23,35.07640544727947,76.4549627044592,6.1196546778833465,1383.7105087873658,sugarcane,3405.39
29,19,88,34.79237748004367,66.90951851205487,8.097428782597458,1120.993755244322,wheat,3452.81
34,66,17,19.828943778024495,93.50751898506873,5.164257777607762,251.46057789148705,sugarcane,2821.14
36,16,45,31.698111839902115,47.733473477213145,7.152783301393359,318.81157963387847,sugarcane,2751.77
78,59,57,17.33669842261109,40.29424633439801,5.318041482223819,890.7330251230964,banana,3597.05
97,61,94,27.696253578437034,33.38245945014643,6.1629962101286635,1549.5434455311097,tomato,4094.41
143,42,37,19.055888703514437,45.66237804828323,6.662467537498397,1843.8072106418208,mango,5014.68
133,10,60,25.40873746991079,74.46460761700052,6.809225672758991,253.4749496241547,banana,3898.91
41,62,113,35.82455186746094,35.54178460139594,6.910045350212622,862.4540948362526,wheat,3282.2
51,69,110,39.679195990755105,45.9056199347278,7.060525661563689,602.8083850095396,rice,3366.42
132,43,38,22.948995791490443,85.59504393196079,5.5870747906951905,1667.3695060978314,wheat,4802.35
139,13,136,28.298892469579414,67.89194170869382,6.105469942868636,1722.742660378354,rice,4594.62
141,26,91,27.782450609262213,34.5189001164577,4.649274654300258,571.5359618454115,mango,3978.05
51,13,19,38.86003774577665,33.09940437623462,7.5750279061255,1479.48905618277,wheat,2852.91
138,52,115,26.96459331081934,33.972986896174845,7.848398007155609,1517.1608671425715,banana,4371.7
58,99,10,32.477655134992446,91.22187825957143,5.296947053942182,518.7038542086266,groundnut,3148.57
31,13,48,38.04473082771315,85.24164285646856,5.305775858518727,980.6526506148243,wheat,2804.41
37,10,30,24.334463988421,84.92110273122036,4.668145608761683,1316.6080497988391,mango,2981.79
145,80,74,37.55305595613469,90.07408954583047,8.38153529116995,246.91989247867798,banana,4538.76
65,59,24,37.93640554727534,62.841600366309166,7.728746272468916,928.265299482589,wheat,3325.18
123,82,141,38.26656259917827,46.07740362431736,5.942812811624128,478.9248193057172,chickpea,4655.8
105,70,70,21.761154636785662,56.08762027550368,6.427633085879301,1175.4137020175972,sugarcane,3962.52
108,44,147,25.00888985674896,76.7261647374477,5.667867842603474,1717.2516502297185,maize,4864.44
41,17,96,36.759897705642544,86.94213664888224,6.888975873288338,1144.557089526867,banana,3580.71
111,33,114,23.97904560701047,58.28091023546908,7.369233649334033,264.77047317563114,rice,3889.02
48,92,43,30.006325823337626,64.79976209983397,6.289473911967488,253.3830420742241,cotton,3539.76
32,45,133,17.951362681501298,90.56589456295646,7.994376773166493,1289.9056626274687,cotton,3674.41
21,59,119,16.406874702781018,36.98741141211289,6.56810344887524,790.3668053461025,tomato,3089.83
48,52,42,25.299849737304314,86.04944910331805,5.077013076311243,1230.7997062494067,sugarcane,3241.98
46,36,107,29.472913314817937,40.35498634637584,6.989165503350566,494.54679604877765,cotton,3068.92
69,41,70,24.817477833973534,61.450987768890315,6.34892386363121,1598.3522351050012,rice,3635.89
114,87,19,29.44339425402105,44.197503363098875,8.242687452326903,1749.295470320422,chickpea,4386.34
107,27,93,27.877109404294625,69.19159599488927,6.067575683743653,1800.6060837528087,tomato,4846.7
63,37,74,32.142680732151895,66.3072724110373,6.111462956600416,747.3342598964323,maize,3540.94
41,38,86,31.238310776634744,54.70047867564887,7.103093559126441,1389.323661724517,tomato,3762.19
116,25,10,25.6061425801645,86.11472846493308,6.607944873305712,702.2762968344683,wheat,3702.05
22,56,142,25.62488101049658,72.8878658187239,5.997799510153739,1572.9622774608413,sugarcane,3502.42
137,68,89,18.5194585003058,76.87833312252633,8.459097662720358,416.9450040073824,banana,4267.86
38,40,24,27.83096430241148,39.79288298349846,5.708742039997667,1572.9766600180901,tomato,2777.52
42,13,37,29.67947820339242,87.40576906841514,5.610115167940114,991.5115477943625,banana,2881.3
49,46,32,26.912234933845657,40.8576106353012,7.957710514088413,1739.9890827839506,maize,2509.37
58,26,118,23.142683377174976,44.481022673647416,4.5134917742022225,1530.0755479750637,mango,3458.56
127,48,116,33.0412136062934,38.323584002297224,5.30501264361963,877.7353532536729,groundnut,4137.31
130,57,122,16.866541116130602,58.623348517973014,6.861786753047904,1826.3705336488144,mango,5324.07
44,55,107,37.861009243851186,87.70110006390013,5.149802111378659,710.0068506955586,cotton,3698.41
147,99,148,15.516085988644832,46.40908877464087,8.443215690894352,1940.5795365846618,wheat,5386.3
130,57,37,39.05875333595695,54.29397232749196,6.356782489686524,1580.9660911202318,sugarcane,4786.8
125,48,51,26.55889002336656,84.99431730490244,6.8894562998422035,1983.2147322881406,sugarcane,5188.13
91,13,108,25.31674860008853,70.1579931843278,5.1414938604207725,297.0283095172596,cotton,3236.22
148,39,70,21.4111004365797,78.855065587008,5.657512403487711,693.2648825788355,chickpea,4505.64
127,39,132,15.251778370807079,43.910003213347466,6.958499130717662,1534.2756617260518,banana,5086.61
24,31,73,21.869756610544993,76.5718411166174,6.698213493145591,1860.0494622506756,sugarcane,3664.97
22,84,40,17.73499813650835,44.79468761171521,7.637455781764665,251.7874708150153,mango,2292.57
123,75,90,31.495521067334867,94.17540884369296,5.576932714297264,200.01673275605253,chickpea,4092.56
83,21,19,22.976874308018154,66.39260014823793,7.1141685868261355,661.2367326612459,chickpea,2720.02
125,45,17,34.17948321009154,75.21655177280391,5.663902022995462,1735.0016179368104,banana,3824.93
117,27,68,20.172904683652924,37.69610296919768,6.8470104789844815,1580.875583857805,cotton,3930.12
29,99,39,37.50587143580274,46.29263870270202,6.920123870740834,812.4994319039427,tomato,3088.79
147,62,29,28.074537877645817,39.08314287168303,4.987356445417955,203.62027582178433,groundnut,3377.85
65,80,57,17.862654911724537,55.361096492662,6.694532442745064,1198.4703337167089,sugarcane,3623.4
85,10,139,25.021130891336973,48.46883117335091,4.54775319981673,628.3198486117116,rice,3014.79
131,67,46,20.169013101744042,77.639946875987,6.504843005498766,1542.0960712997185,mango,4410.74
32,99,138,19.992135654204482,37.06608367582983,7.2900875544323,1003.4293958887268,maize,3568.9
105,96,141,27.65924344130522,78.88385894927393,4.791330915959955,1421.4834614858007,groundnut,5176.89
109,99,109,31.797300390909314,32.97081360150818,8.254843265668109,1734.1558937989225,banana,4425.57
77,15,63,37.79045513758571,43.13115942595551,6.335022127957817,1164.367639133306,wheat,3688.58
73,79,131,27.554050269091334,81.47772447769918,8.253665102496248,804.7199733109262,sugarcane,4163.03
31,53,34,39.145969376458254,78.28048167201317,4.92959369476453,1585.178382827448,chickpea,3573.74
33,81,140,38.540871301834216,60.96119740472612,8.299610377678139,677.3370315881202,cotton,3431.85
140,33,18,36.626563249609006,33.24887648004087,4.936788397701386,1804.7338689915814,sugarcane,4235.73
140,95,43,27.499431624060463,69.64309320850445,6.345983193805344,328.5697641192844,rice,4069.34
39,28,52,18.52259859219959,56.4370667583164,8.251968266907463,1703.8435539953805,cotton,3358.24
94,27,83,20.447611745384624,50.57432976286803,5.430832801555486,364.8003090877119,chickpea,3288.72
89,39,103,31.19175006779939,71.62669139372473,4.639139923434936,301.04656473766835,tomato,3812.04
75,51,31,25.543874507104903,58.37994654311221,7.672442700112883,853.8624872266896,chickpea,3222.19
120,42,79,18.67004079384991,36.00737152945661,6.883534550676039,1921.7888380546904,tomato,4956.95
130,83,139,26.97484834098276,89.53678058330237,6.555684771605763,1970.274897544884,tomato,5951.27
144,21,103,15.435763637551148,80.60205146446964,4.6373735374128735,563.7269017390868,cotton,3947.91
39,36,41,33.34738427248983,33.66458243388591,7.1129250752273805,467.5476001917191,groundnut,2777.92
43,48,115,16.83953236224227,64.12915156239521,5.18649340753826,835.3159967985997,sugarcane,3019.57
56,18,10,30.727840497802973,35.41954158841084,8.22478672081878,806.7563135859327,rice,2030.72
73,30,81,34.82525769063999,84.42384083880152,7.242907804302728,1567.2671889283542,banana,4424.07
122,85,59,18.316096861349138,69.84590746837816,7.328135552135346,999.198237344107,chickpea,4613.47
57,38,24,27.965967266650313,41.20919368224945,5.430321090445122,1603.790454322124,sugarcane,3183.25
23,42,62,34.476687858986736,31.34818728240305,8.023015352226874,1547.6835746450824,tomato,2629.69
76,71,17,21.515836368925036,32.05276578951734,6.650930283132804,1240.958774226662,tomato,3732.88
39,24,83,19.072914825040478,62.97875568421393,7.928336711256922,1700.3217795349792,chickpea,3259.17
36,11,55,23.420477774186423,77.73427611399029,5.583789899329104,552.1659437948729,tomato,2771.49
138,61,78,28.867479414582895,37.85462933670735,7.521846852392985,491.25889218892394,wheat,3666.73
90,53,123,29.381989871368752,44.38346428447224,6.79826761464019,1551.1704653048027,banana,4276.38
23,63,132,18.271908336442173,51.2718964360196,4.693677223242327,640.6347118795319,sugarcane,3054.66
33,27,148,26.439221191849292,44.174990833974945,6.121369295093148,205.02989087669238,maize,2999.76
22,12,126,21.707054888487196,55.43687657466531,5.2356418604938595,1841.5283035601685,maize,3376.81
99,16,52,36.05060545162377,66.37497537472996,5.936694351515024,1321.2867044595132,cotton,3715.83
74,52,29,22.839378301600767,74.5208886356851,6.033406537060889,1000.8878564142933,chickpea,3710.08
139,91,30,35.96761311334649,92.64538684346985,6.399713412113539,1506.3257180162682,tomato,5504.79
43,47,91,25.714115315044804,90.50483852940764,6.901161770913852,799.9971196075145,cotton,3146.64
101,46,66,33.16464414566133,67.05825336387944,6.783910609992796,1916.598902771752,mango,4446.65
79,67,83,27.751505713603592,77.71975366966305,4.65596561881998,323.5165201053396,maize,3623.97
68,42,107,30.549065603274414,91.80669330065281,7.502756873954887,1353.7067431922499,groundnut,3854.83
82,68,119,24.88391277153458,35.42567639519132,8.296735537891074,1599.1210691502924,cotton,4286.22
129,20,124,34.20516919518727,30.366259390992894,5.894725155939867,1044.426634208317,groundnut,4242.93
128,77,51,25.62973458934146,31.936984642422914,5.218987605353034,1558.9430391188646,tomato,4613.13
95,91,77,26.436541164645547,66.61770855424265,6.660006252461541,1868.4387161814248,mango,5477.3
49,77,79,27.94196670577393,79.58417264466472,7.319651712976576,1539.1890212227122,tomato,4140.53
77,97,87,35.795602959649585,53.85987179842725,7.215619578110653,756.86036084536,mango,3859.74
136,31,99,31.484473215036623,65.4405463572952,6.948438310003433,1211.3234744945644,mango,4849.37
119,75,120,23.729009664143746,63.563810705654895,5.084929008512834,1840.8863321473218,mango,4795.43
38,53,121,31.75799084953857,36.16010795348127,7.847299577611993,1008.3759058684869,wheat,3287.93
113,15,112,31.060664325214432,50.90323717456318,6.202486249675261,1427.0572908482868,mango,4524.98
132,51,28,38.27548189699261,31.263285086849628,5.3858743321274805,1037.9265052319706,wheat,4046.13
82,34,79,36.03541090063375,37.19586977242321,4.845064564252386,418.4194824926519,tomato,3406.13
135,66,72,31.186173093781203,82.77078448913556,6.166876459892196,305.47574457729536,wheat,4356.51
132,94,84,23.53767776710109,83.91187732114074,6.97189218738923,1914.0931273316369,sugarcane,5694.1
66,64,113,34.48941122153174,82.12651080292953,7.1615108366060305,1302.5751921579722,groundnut,4270.17
76,25,84,29.380207326570023,77.24321166189537,8.350947645589027,386.8668436204848,mango,3296.2
137,23,137,39.63174970252254,81.56533501599361,5.11259233465503,1743.3894052457085,rice,5068.22
64,48,65,21.187653214245103,73.6138521825187,8.443094660790209,1140.8476457194638,banana,3653.77
23,37,31,16.991396023272173,73.53916702305875,7.118703522288912,1589.4778020317717,cotton,3154.3
66,60,98,16.747295297198693,73.37851683696752,6.316916230828806,428.1611521257471,tomato,3256.27
66,58,28,31.00075970879201,63.41278132908327,8.052776903392637,1832.438777293255,chickpea,3759.7
97,18,35,38.4815057227881,53.61757017521489,7.277918967813571,1262.9637914276461,groundnut,3642.5
143,67,32,15.04829785728763,77.46269230050106,5.894868859428061,1528.8692253482739,groundnut,4847.73
94,54,56,33.144276173944434,49.4119908831382,8.036342786305847,256.48343843033535,chickpea,3362.56
122,31,22,31.426629563323637,65.28863854604525,7.166461827278139,767.5488203582057,cotton,3721.65
109,41,75,33.30760480548665,58.168115314162286,7.295349423176878,681.401745911741,groundnut,3732.74
88,78,82,23.885135169058387,47.98044801109057,8.085559552344105,1909.2709915181674,wheat,4703.93
80,96,86,35.51241111644637,93.35484482941011,6.293664831876221,533.609423984605,sugarcane,5004.51
69,78,40,16.11767328547155,46.818856938118266,7.127616423839026,1472.6931080853667,maize,4026.28
22,51,94,33.885777515550686,50.10404914199695,7.478756086551122,276.95636794872746,wheat,2462.34
126,62,68,21.676798533727194,40.50318761427444,6.315760232523126,555.8313542496294,mango,4070.81
132,68,50,26.92094437145179,83.49374064542889,4.833808462951174,809.475237657835,groundnut,4412.76
113,83,121,35.56590678893051,68.12831103604181,7.5857590763774425,1630.110526174535,wheat,5159.69
137,48,105,21.783975879778424,69.84755167070506,4.691265410973447,1621.9578441112408,maize,4847.59
100,24,131,19.630187791097338,83.33649176694135,7.3716576068909525,1914.6833511376913,sugarcane,4891.47
128,80,114,32.032829633697105,52.289777810942155,8.143500834098212,1850.1815048003925,tomato,5483.98
70,38,83,28.334872287670112,42.586172649713895,5.887875993480074,346.72627108102944,sugarcane,2513.4
54,12,141,27.86009671865461,42.89634865960376,4.908247140551307,1693.7618998604526,rice,3334.2
65,92,108,21.419237888447828,77.62028839504686,5.431455959163364,1012.1124431720302,wheat,4465.8
88,19,135,15.872007645500691,69.91748504005909,6.74912625650157,1758.59496331352,chickpea,4410.84
112,38,147,25.25672845829292,43.412027107835776,8.270638972424345,360.71525275603506,mango,3909.71
83,88,84,17.6639870116942,39.429250651627534,6.549130919544467,1680.984382713204,sugarcane,4290.47
68,44,23,37.649728766230055,37.84467483552823,4.9509491527867855,487.35653420139374,cotton,3140.82
93,15,47,16.03125808679326,70.80691210069745,7.011132694865352,800.914934124816,wheat,3851.24
24,21,149,25.791271354609535,30.00771191920525,7.431379747151766,251.927120522039,tomato,2576.94
119,47,54,16.306139592520697,31.190757269230343,6.073134679971163,422.7105587368494,mango,4035.5
89,86,84,17.388596864119158,55.32095381569619,7.386056257381658,1002.3065937422888,chickpea,4190.35
109,28,38,31.47166667305055,74.93774117795056,5.799291260556759,1673.0090041420467,chickpea,4222.65
23,76,27,31.177781524352362,75.17755947233125,7.656360606385654,1592.6055884570897,banana,3834.67
145,17,29,15.826304871985995,57.95768778449989,5.864288638280276,623.5359711973638,tomato,3397.23
58,17,23,15.028286878021754,74.91978442929702,5.524428366402503,473.04280832470573,rice,2836.74
148,93,63,16.9704519310696,63.871251672708155,8.0167256235663,900.6742333671862,cotton,4802.49
43,56,40,34.074972442798554,93.5005420918255,6.693893684701585,1789.8830249831924,sugarcane,3898.08
76,13,67,29.61441181878768,40.55991389939415,5.640625154966739,364.5651334934057,sugarcane,2586.32
119,60,113,15.952956129712291,69.04337240086437,8.240347558588269,1177.2452186198304,rice,4469.43
89,94,137,27.202425396820683,61.930520436815236,7.2634047018641965,359.8534629254754,wheat,3736.63
60,76,34,32.80073392636129,42.64031240275014,5.382801598622269,1046.38181809563,maize,3746.04
79,54,28,36.72378486502016,78.74937808921072,6.958569418371122,428.2247218897681,chickpea,3933.84
127,17,145,38.35091226647526,47.90802129557969,7.981435325156099,344.6064829988566,sugarcane,3836.16
76,96,12,23.186014073851666,54.8111382410802,7.284612570160229,543.5287995144525,wheat,3348.89
50,25,95,18.39581071033164,54.36398702318945,5.479036603040521,659.4608348637792,banana,2552.11
103,86,18,20.923148018286188,45.87329075721667,7.095393314778059,697.2776824365646,rice,3535.93
55,76,103,34.404287301005596,57.99584656039634,6.976637490880803,1361.4823050451992,rice,4417.07
127,18,148,39.28710537605777,60.76748226029519,7.783374654314755,298.96737612118625,groundnut,3975.09
125,69,29,26.659840434009514,78.37440873260499,5.212530387986799,345.45630782965543,rice,3806.22
105,87,44,22.633830338694743,79.72945733450742,7.29853866800544,539.6710906626809,cotton,4137.3
33,86,62,25.729764549000862,40.30613793895803,4.609482768534808,1769.7135245265595,groundnut,3236.52
139,80,119,22.62032861612831,68.53019945628958,7.28470120254307,1331.488866913819,rice,4663.38
99,24,145,21.412188080178858,88.25285688816071,8.341749215754227,1514.66538653832,mango,4376.67
125,80,13,29.84376881017949,37.07112957749645,5.19755306499847,866.6518800037865,cotton,3500.15
89,50,111,15.393399509338611,60.73941289471901,5.745199091276035,583.7966283260016,mango,3937.47
63,31,56,21.488806216624702,78.77295295654227,6.831486288114204,268.33044973324303,mango,3434.65
92,33,103,31.534551946124726,69.74693673485231,7.429580183429023,1079.364115949406,groundnut,3767.09
64,53,57,15.801567407670126,36.53806767878055,5.877485561618137,1233.7057356091632,chickpea,3424.26
126,10,100,17.080045412723376,55.779398147813204,7.15703590856055,1814.6050298798812,rice,4453.86
103,19,93,22.33490361964462,62.97056738409616,8.097115170145333,1787.7673617481892,sugarcane,3915.93
101,89,77,36.94511996522462,94.72996411155773,7.406235148897048,964.4332852500589,wheat,3919.3
126,81,148,34.122154004132405,41.60951410603743,7.3440908704089765,962.4402722062318,tomato,4363.31
40,65,134,15.553915735406088,93.8575448654073,6.027882633666463,490.02121408850064,tomato,3549.94
26,98,82,27.542820417212297,54.44973597491385,8.145717235352803,663.4081781166635,groundnut,3178.33
89,59,13,21.86718734968542,43.02083159479839,5.6092917678443115,1866.1944373776046,cotton,3907.66
146,21,85,31.216141476551574,56.91709033805974,5.321121426478802,453.86481968336386,mango,4336.73
139,98,82,33.03884706483653,69.90968306226311,5.956895734906015,1943.6591841385728,chickpea,5141.45
147,90,86,36.571564428232065,43.877330604214734,7.100624882953976,1108.5293903873535,cotton,4570.99
76,69,57,26.885405927600356,48.943540414638306,7.946711944778027,1021.892194580296,groundnut,3338.93
77,35,111,39.86125221363962,85.54552261279383,5.028315129389268,514.3490852354381,maize,3593.73
40,87,115,39.49965268217773,94.9356150084764,7.755208709040652,1390.7742508684655,wheat,4273.33
101,50,86,37.05416811177583,50.681224947397716,7.7512935786759805,1027.721933052046,chickpea,4004.03
88,45,48,29.37173737895177,39.67569225674612,6.847677426360344,867.1935222437983,cotton,2869.5
106,32,67,24.950160937595378,81.5561032996127,7.542591758312103,676.1291934535254,tomato,4218.74
68,52,28,24.109657753494623,69.02961967288444,5.227522792606349,319.6762454267696,chickpea,3172.13
134,15,97,15.30311875219362,36.52607431941407,5.178344003282854,1134.7906097919724,mango,4212.22
108,78,122,21.22936243105916,91.54014629334137,7.951200136514908,763.2349995055462,sugarcane,3892.67
104,52,86,32.970205873729114,35.07321934599298,6.492593748938267,1474.1573654049898,rice,4430.27
147,34,86,30.090802497326663,70.64816610618666,5.483748857011396,1502.3402421484743,sugarcane,4472.69
136,27,37,37.91055472918834,57.55592163308279,7.254921430425295,797.7926207680335,groundnut,3759.0
146,71,75,16.250556672913948,66.18055468559584,8.067500667736883,1404.4172304201697,maize,5254.09
90,22,19,18.881915079433266,43.85892271790939,7.029290583777,665.6154325030898,banana,3240.28
105,52,135,34.73109473380325,74.72717595129237,5.8893801717600684,1508.9127072358754,maize,4558.13
52,87,67,23.962690779883346,92.38177979366708,6.432951061172059,228.93886198139958,mango,3922.09
100,37,134,17.958633342946946,59.79768181291952,7.509077843781358,472.895780573563,maize,3957.3
80,27,121,39.911262627502225,63.99228804193477,4.77000491548955,641.0155914333852,wheat,3359.72
80,68,93,34.681257566734075,45.58775858697729,5.3686580638257695,1591.2838765757115,banana,4193.55
117,69,105,25.218525918953063,87.97141894382028,6.350332746597789,319.47725555193534,groundnut,4384.55
47,72,42,35.5836869236535,93.12633633409729,6.916963856388395,538.5028586879557,rice,3604.05
62,66,56,32.015096752978835,81.10929753059352,5.856662364169297,845.5233899093494,cotton,3801.61
105,60,121,34.74936898924584,65.28027764038725,5.693563687479523,216.51498947523962,sugarcane,4136.12
36,65,52,35.380159439141245,92.19179359306099,4.665536782798885,1571.8177556739354,wheat,4221.96
117,36,17,17.11821708225795,40.000253598872995,4.63040708820579,1208.1892694098422,rice,3784.24
117,41,12,30.57432219220239,61.1019058931892,5.614779417211302,1821.222896636031,wheat,4480.84
84,18,134,15.169638824420689,64.94437093721685,6.622024400358172,255.85585858090178,mango,3423.0
93,93,21,16.086406157529265,61.97456728390449,6.725485985781646,688.5032307793765,maize,3439.96
104,77,93,37.59950022639602,82.15718866661571,6.4761099714674755,1516.252983386064,rice,4848.81
24,55,25,28.189093033920138,73.57618791606367,6.139522736011337,1415.268955008154,chickpea,3096.41
21,76,87,33.39754964671312,38.23280028468701,5.509166357045283,637.5033930884742,chickpea,3027.34
41,35,68,35.96252476107865,52.519334977298925,6.102777726371128,1272.237922942512,sugarcane,3154.43
131,17,72,38.73966918911462,52.039995145147614,5.055039861542054,1628.7637755939566,maize,4583.91
76,15,58,36.7338211980699,66.76609253154035,4.961036916104147,260.0852660023065,rice,2367.11
85,89,60,27.08278621743235,48.944797147763296,5.699773027255166,1491.7311143649467,sugarcane,4063.48
93,33,42,23.399257684512786,37.62266502100419,8.481395185708879,653.774717205156,tomato,3107.74
117,57,39,18.862330905150955,72.4893732677138,5.805987790065593,1906.1323193614382,cotton,4336.19
131,54,85,25.008037062181998,85.31740100477646,8.245825561420421,1168.7963984499952,mango,4876.22
144,22,24,24.162339479029086,90.55452620528506,6.069048583070776,260.09512873630604,sugarcane,4256.66
105,78,91,28.989371048896835,93.21759714786593,6.256039964798438,926.1751138085995,tomato,4568.3
95,34,101,31.637735218930334,80.7725950035859,7.688251532808918,1939.3613447950743,maize,5310.84
107,29,32,39.45813691112619,39.080657838973636,4.874553309789826,1514.6713878395844,cotton,3244.98
57,91,103,33.20965465251831,85.4522685753871,5.229253294374558,740.862206635632,mango,3557.43
78,91,54,31.09371331107308,55.99740476986081,8.395361059900859,1235.4811297649592,banana,3685.14
118,75,71,23.377310856708565,77.44423539650364,6.523669359842779,1278.382440115273,wheat,4838.17
82,83,24,15.86259691245815,64.53242032245433,4.677238728834521,242.0266894097784,banana,2776.95
68,54,55,22.203128221367294,83.85939868717094,4.689522932224202,521.9000502485997,maize,3536.75
51,56,73,34.21119751149044,57.65787263457976,8.128962735109571,1193.1984889620103,wheat,4091.92
40,72,84,20.131798520095042,34.01659769810135,7.99346035823487,924.9546052832402,sugarcane,2636.72
39,85,61,32.80470484185286,66.1935412073606,6.3335964277804,542.0680661362894,tomato,3419.93
146,86,97,29.494496064235395,41.133886053398754,5.152888343778395,1590.8037227555058,tomato,5217.06
87,64,66,19.29642174376162,92.75864610293996,7.821138425449918,1080.1907852217728,banana,4385.22
129,84,92,21.54062015729575,64.25259927865696,5.798400429118602,757.9516562603285,rice,5243.78
135,28,75,27.407590087161914,65.98132159942193,6.176233594652381,491.01922354834267,cotton,3934.95
139,44,29,25.45936762769619,88.97227133296315,7.229905516197272,1300.0940530249356,rice,5191.08
98,62,42,34.46409618866899,70.59804093482637,5.913593413630618,1399.2703447904676,rice,4181.58
135,35,81,33.360116063581174,49.677409517330965,7.0146797067931725,1405.2749898387715,sugarcane,4274.14
111,23,34,29.36436258682543,49.246150099369125,8.041130841770338,596.5172485196649,groundnut,3809.29
33,54,55,35.55686778682313,62.60261224391965,7.68949307509791,1271.6091330002337,rice,3076.09
144,53,82,29.066738517107716,86.32953488039533,6.026444295468641,1829.7316367451695,groundnut,5590.47
77,97,107,39.1097314164315,81.65740714785811,5.651746218814939,835.7376813733775,sugarcane,4194.4
47,74,66,20.430602478777036,92.57813809369492,5.642041794958236,579.3804787553194,cotton,3190.56
45,60,96,32.85329984005382,34.67259798539324,5.894364601506332,1589.8691288373716,tomato,3169.44
132,52,142,24.248603301361698,47.44119448268201,6.474067946899089,518.3892922870125,sugarcane,4651.4
85,95,64,21.974154860504846,35.21350100789219,6.166389922775773,656.7476967108055,banana,3411.29
63,32,70,19.509686899192822,78.82014760365836,5.032016083950632,381.1599097615325,mango,3057.56
116,65,98,28.8125869065386,39.154189794774936,5.153823433335633,682.1737689344047,maize,3737.84
61,28,17,20.38673581873028,36.49261066984444,5.871718437592733,938.6031191869611,groundnut,2517.35
25,91,25,20.00877128621015,66.50869346147124,6.748256400235429,315.484151497384,wheat,2711.53
42,85,125,39.76329762709545,56.746506287745305,6.870655800533979,1769.0760396151409,maize,4267.58
108,64,70,35.04368542114402,76.48158701956035,6.4448282595865205,1124.6146259900343,rice,3583.47
142,69,24,33.70692050635938,61.656000460517745,7.455103524830058,1258.5865373993547,cotton,4731.81
70,68,140,34.85151564706887,57.646748736129425,7.448995155026946,868.3143615802179,banana,3563.79
30,42,111,39.223071842968565,57.65752916855311,6.210509886749554,1405.7034131970413,wheat,3136.78
31,28,63,29.331917218830085,86.67196472592555,4.997763243043777,977.2071245318554,sugarcane,2607.79
93,37,23,20.506096935071515,55.689667296960316,6.620699079068492,1570.364794170641,tomato,3931.73
27,61,45,36.555241018830976,51.67081330502617,6.02587625597533,1678.523858327733,sugarcane,3761.02
60,58,114,33.56826823635225,52.004780006477404,5.051691959054813,1409.328401395741,sugarcane,3720.77
104,46,91,25.357707808354327,42.77905179296787,8.427268839859357,1084.4041145136148,mango,3882.97
91,35,76,26.839237464366157,85.94477528730931,5.979021557120409,1608.08483108401,banana,4499.0
74,49,19,25.28130996197173,39.531002976792806,7.003191358484924,1089.7135605287285,banana,3462.05
66,89,58,38.248554005725104,89.05969795697435,6.460515445346386,400.71782786522374,rice,3577.96
123,47,120,23.588290287457355,48.42540192421541,5.071313116867064,409.4124018393911,rice,4404.69
61,86,74,39.08710696640431,88.46274344130003,4.722174493490282,1907.4496513394022,maize,4261.49
79,96,66,37.756794281348746,81.40334269294752,7.003077660327836,584.413415224177,banana,4161.1
31,63,36,30.763028556204333,67.8291888617733,5.488087481391542,1668.6649838395574,tomato,3371.85
149,31,122,29.495544327501868,73.51555025470894,5.47461599845486,644.0697330950513,rice,4415.74
26,25,142,24.25223200174927,51.179865903620296,8.327904758841242,975.4041689422695,cotton,3229.19
99,37,80,15.458459725266247,67.32485993129805,6.347093217245165,1378.9066017766593,mango,4414.3
128,44,92,18.190579655943832,49.00618854723531,4.617704266002757,485.9609112126274,maize,3142.85
22,69,66,33.855783083738714,56.14773290288001,5.859370860599228,1527.0436790549795,wheat,3500.65
46,54,129,26.78850316470413,79.70306608990091,6.837966169008906,1441.8433506017689,groundnut,4725.54
133,55,102,18.745953354699203,45.85561664766405,5.814269674068483,1177.5492003904092,tomato,4546.19
126,81,24,21.599021353296774,84.52499102943995,4.607407816136569,1218.6015608763782,wheat,4297.41
59,64,120,38.695922496174994,54.432385488224774,6.2772450618669415,390.3892283388627,cotton,3411.07
148,95,110,24.178320882756626,64.59104745565176,4.923625344699111,984.7084707832202,mango,4819.23
27,94,128,37.69204863047884,91.22743169158676,6.976640098650817,355.82851164372426,mango,3389.99
120,35,85,22.615895807339417,74.28161596214687,6.978348400890752,754.1539238603191,tomato,4137.74
143,94,29,28.58050235917902,71.96426733490078,4.651036558393603,1820.5618539631403,sugarcane,4908.81
126,34,140,15.511927084054948,76.2545022943269,5.662665046397509,1234.1601209986256,chickpea,4918.07
120,74,82,28.046877759339424,89.67723701943649,6.154745054956015,1536.8661886748268,mango,4898.67
23,15,131,30.923550265265757,46.153391099398206,6.701056391436712,1232.9945612766062,banana,3702.15
129,32,50,20.857627483429447,69.860678376957,5.68425371883278,549.6261644119684,chickpea,3624.05
38,73,139,29.473429405133928,56.025600534937396,5.650986050205592,1270.6549684038046,banana,3847.41
51,96,32,31.179194301274638,30.770594058665854,8.432060625001037,1559.698539149945,sugarcane,3113.47
31,52,32,32.17215195954391,38.1445582663971,4.6674511828836,449.1290051606495,sugarcane,2117.53
65,32,18,34.41008305055258,51.124473192133244,8.456181656364608,1670.4320781702527,sugarcane,3095.2
138,39,22,22.783481073235414,66.72499812682452,4.691007764313586,1199.7059221609325,rice,4134.9
35,86,60,29.194423910796957,87.29586048525766,5.653365711178743,207.69536390380634,groundnut,3498.68
148,27,73,39.53947574411486,81.42241768309357,6.4747634198774,1135.6012754083586,sugarcane,4595.55
82,96,61,37.45360426662893,65.96668870748007,5.0731933720573,912.2086858462933,banana,3509.7
128,88,47,38.816635702459166,34.8015771639854,5.039385450074896,733.6037203219776,banana,4381.62
138,30,109,24.653409963214287,48.583908875673615,5.525250853043783,1588.2629958521754,maize,4281.62
40,66,60,34.673202647416545,53.836062112995855,8.394028734294277,1819.0997905859317,groundnut,3397.86
32,32,146,30.497448794008694,70.41161703824977,6.020467435498256,1572.7755608211985,tomato,3805.12
23,54,64,17.068377076556025,34.22003549368967,6.763979353076767,1724.1906468635718,tomato,3162.04
121,53,118,35.599509728926634,64.46258104253076,7.317165609526585,1835.8056977801118,groundnut,4482.38
78,91,53,31.927531908934114,88.59519744940596,7.468887342096842,1842.73276047766,wheat,4849.6
147,97,119,19.97293398788167,75.85312522033118,7.252163865381419,406.3486573941634,rice,4138.4
46,56,137,16.993463935736532,81.80999242657916,5.847712772766899,1021.4938799968907,chickpea,4209.94
88,49,114,35.92555326620827,74.30891714333978,4.94691130942425,200.51565390723854,tomato,3975.29
44,60,19,16.972545737280026,43.4282922912185,5.6268659013328435,1111.6326524666106,sugarcane,3233.09
116,51,109,17.283846634160916,37.18144830429121,5.3411809070780265,1863.6390818188236,tomato,4383.54
44,16,118,25.68520719760788,83.91689374531909,5.045109219477267,558.3841227167121,sugarcane,3184.95
145,59,117,18.369945710486927,75.20778834100935,4.597986927006475,1351.6159317798433,banana,4738.8
28,57,149,37.84173993606798,67.37900132306393,8.242903396233658,1359.8822835522087,sugarcane,3649.9
135,93,103,26.757098406580916,42.30338622293599,8.184137546181352,488.6371724379913,sugarcane,4482.48
79,15,72,29.22877451636429,69.21742274526397,4.701668022520677,629.3493907714286,rice,2836.59
140,18,93,38.20265223695219,32.03591603944039,5.192338291281607,1031.639211128434,maize,3888.74
127,66,34,28.256580640958717,37.72454373560736,5.058001885851175,538.7768776178218,sugarcane,3509.17
127,40,21,23.839778648932963,50.27285973728759,5.624891737686069,1252.9891613441164,chickpea,4298.82
95,30,34,34.9288776453958,58.84298803172568,5.316275481914964,1072.1751158400843,wheat,3214.64
49,99,20,26.071254936880266,37.836692228430024,8.28341414959142,1134.5567213222716,rice,3345.98
40,49,73,22.961735640057636,37.79611195073983,4.836681746240815,442.04159507699944,maize,2570.66
53,54,135,33.080736465138365,77.1830879379363,5.346683308018013,1131.0532857895582,wheat,3870.08
60,86,59,35.040141915326075,67.03176142467657,4.822893218331657,289.0607438974507,mango,3463.11
70,58,98,34.79290418960679,64.69322875054823,8.421541394577746,1786.7635364210269,banana,3930.89
101,96,108,39.44186035321769,59.40824218264075,8.17365403638802,817.8494434500664,cotton,4302.94
77,29,125,34.66667372187406,93.47530191239665,7.366526359061644,1741.4071847042735,banana,4789.81
94,26,105,34.24833589871716,33.23701838813449,6.203892128879653,1462.981463740719,mango,3647.35
42,37,23,36.437131343405504,41.740766450502534,5.26071254209597,1579.110660734926,wheat,3017.36
147,50,10,15.00462988238607,72.08800423108042,5.38595890008057,766.1800901700609,groundnut,4415.27
36,75,34,24.060785279694265,38.86376750033069,6.272160034224045,609.9390917012993,banana,3001.51
88,34,81,33.44007740086055,68.3097609705963,7.572890685345927,932.1329969140068,tomato,4105.59
127,67,78,29.992975277756933,66.9044796562702,5.558917983995835,243.6065523430388,chickpea,4063.73
113,50,142,19.43930006579044,93.11533693657672,5.743167650138586,1853.760218363029,mango,5411.94
34,15,114,22.593327227213635,87.42012165818645,6.899777165617882,896.6256787390241,chickpea,3691.36
110,84,32,23.41981527705267,91.46096734488441,5.450917449113014,1979.401888718417,rice,4391.47
52,47,18,29.1957027793079,37.384154015808676,6.836874485171214,1570.6089574533432,mango,3076.58
144,15,127,35.78995741102691,86.42964842152227,6.048523573089138,344.92701763875885,sugarcane,4565.76
35,54,103,38.312294494442,38.39089301233989,4.637472823605393,1388.3389001166368,groundnut,3441.88
85,84,42,33.75231032134097,71.14059160535928,6.1108051449278555,687.5104967083191,maize,3971.84
66,23,139,36.073759754420244,76.80508044407014,8.17810111807658,638.6935620464842,maize,3925.68
143,75,23,26.752398961287902,40.45547737970358,5.672447516533842,661.8128058257831,cotton,3882.08
20,49,10,24.744382990557185,71.12285943542008,5.791329557745875,1848.9350876470705,cotton,2840.93
106,12,99,24.817713303605423,33.40993203927961,4.7637635522371475,1099.9643169284748,sugarcane,3725.05
147,33,98,30.40096320849893,49.06229557328396,6.960189794277177,1405.0476178608906,chickpea,4608.22
86,28,99,18.105917638895225,89.87530210571758,7.8969694571933555,705.7060864394612,rice,3541.72
23,27,23,29.48735456975653,41.1625255886215,5.911691572372407,1141.3180193332128,tomato,3013.56
66,73,120,31.62832150459314,34.242549509271285,5.460982230079954,830.1802487801416,cotton,3801.73
57,97,92,25.97271850515597,58.83908297760486,8.326447416655434,778.0502727135213,mango,3818.79
40,44,81,38.829179419279185,85.29018355427266,7.480290458365953,644.543926346382,banana,3743.11
76,71,139,30.20533180948938,34.98370482793885,6.768654237133058,936.212417288121,wheat,3836.52
136,10,36,20.49998680591563,53.109798739976554,5.722124665379536,1388.0541991340413,groundnut,4424.48
65,34,83,26.980406435837907,88.4853642463562,5.3831920719056034,599.6787969207962,mango,3609.73
58,54,108,31.88511092838235,37.68011074638953,7.362976156001869,1937.7991763792302,banana,3707.36
118,58,81,23.090728114511975,50.193452884276525,6.587155268549377,424.3010176346,chickpea,3983.91
96,98,32,16.99104015722558,80.59733974982075,6.582399267211924,1064.3729738985853,chickpea,4477.78
134,25,77,29.585890867772125,65.30871416402229,4.794839274688975,353.05078943962894,rice,4100.65
110,28,126,38.696754215492,84.1016541411829,6.548777907038424,240.79757792421796,sugarcane,3723.1
117,32,115,27.126799639079344,37.25370054817189,7.790976124157975,1860.8191754570541,chickpea,3819.76
139,92,102,37.652727016175945,89.83602113968198,8.287197111183037,1658.6926291111415,maize,5137.36
65,34,74,35.87558970929235,90.76926664348858,4.926729589926941,1449.479671626005,groundnut,3798.12
57,25,77,18.685319590849584,40.09534630953591,7.024660842796283,1757.3434636699005,maize,3684.26
119,63,137,32.70424804588927,32.20190518643875,6.773389003192987,1645.1271613455115,wheat,4583.22
91,82,72,25.88663812679946,94.33968982711197,8.061249963792568,1365.027897775506,rice,4624.87
54,10,122,21.25615813157342,61.34635349965759,7.504976120739486,1725.2161863830645,wheat,4144.27
49,51,99,32.17345889166758,67.18490126230304,8.361047476661252,903.4409962281894,chickpea,2825.63
97,28,90,33.56651796641053,70.03380768832746,8.340130150327985,1194.953299823227,sugarcane,3818.98
103,43,112,19.497407968370972,81.32845008073268,5.402740373380883,1597.3591753615622,cotton,5313.22
132,89,125,37.86111705140521,82.77921798798465,7.401403487601689,352.63642924342395,banana,4576.68
44,64,22,33.77868109878602,42.605139580785305,6.622092365459578,1745.561840892471,banana,3185.45
107,27,133,38.33438747854922,45.38138814117923,5.358407980861221,482.29482025388904,rice,3845.04
33,43,97,22.926830469092273,86.99414688151418,5.2794763288696025,1756.1742552155704,mango,3631.02
121,98,20,38.483375393574676,83.26864430878811,4.824337365065146,760.3991689392686,mango,4620.27
102,54,24,24.212941445959522,70.1452598010071,7.682181105674756,788.2091227445933,maize,4436.76
129,15,19,16.349244035684794,94.65544534311523,5.798019122480039,333.1076417654623,maize,3793.23
38,30,50,34.07423471772559,77.78695633083603,7.9278753413158665,1794.619323012349,banana,4228.31
47,79,82,32.58770360220852,44.02938992846617,6.933261464092858,514.1187243035652,groundnut,3102.48
90,57,61,29.94777480658331,85.03186418162409,7.194533419353843,1334.0898236666276,wheat,4203.89
82,48,137,27.24734360960435,56.9576213640591,5.666694998440787,1359.1416786563402,maize,3889.2
92,40,37,15.804131758065784,32.3499229351838,6.329177117582734,706.0727061463626,sugarcane,3124.88
143,19,74,30.61493128800386,50.89238305775859,6.149270312332499,1974.1897234222479,banana,4609.8
138,39,26,25.420865380569843,79.63083021386004,5.442754655698405,315.49919259995283,groundnut,4017.67
140,27,104,29.005235068523625,92.41340346712076,7.83004867410717,1294.169619784733,wheat,4413.89
38,69,147,25.733033549190907,47.9488670597076,6.9883380232264845,1063.1790694229403,mango,3525.56
139,97,72,39.151403319129976,46.023561086631474,4.649727909812281,641.8713928650943,banana,4159.97
80,82,47,30.102722528771178,66.6350780638895,7.779668077514754,494.3930803813036,tomato,3840.66
49,24,79,33.73090826506168,82.75945347805904,4.924151024114366,1526.7518446861757,groundnut,3564.59
28,13,113,38.40867368677708,78.52416934046153,6.114785734130237,1849.3667740661356,rice,3692.19
83,72,62,29.789983072918492,66.39732866658308,6.785027606521512,393.5832715185003,maize,3724.99
139,49,128,15.301562945560018,71.04032930494111,4.530604982644872,549.1643817908098,cotton,3866.19
71,18,83,15.85729195776356,45.73643222621236,7.111632421771745,1975.2855451320177,maize,4246.45
108,18,63,32.558460852546546,58.11732722521779,7.138811758241028,227.0408136281743,wheat,3076.39
72,35,29,21.97712840378209,46.5987657238195,7.110105268530587,1114.853545375262,banana,3487.92
97,13,88,29.484493183698717,87.48716836490145,5.1538717524251085,1129.0031301472657,mango,3877.9
60,90,40,20.056929527266725,37.316042978758524,5.522929307094198,673.690745262393,groundnut,3020.01
87,25,144,21.756221876542853,74.1831362606641,5.489503278130961,1393.4519847985894,cotton,4564.09
27,24,67,27.616026398701884,46.918407815726525,8.340267932718548,1900.8936315686246,maize,2636.49
21,61,114,39.38923658390205,60.91253163170032,4.770112748903509,1010.3850757218388,chickpea,2832.11
124,78,19,30.406762230229788,49.46183071603113,6.215046030814015,1548.9551097221429,tomato,4480.6
144,14,19,38.40370261282558,51.010945608865654,7.985015623280777,1362.9264666886247,chickpea,3959.99
129,29,48,38.984496359673685,46.92554588471643,7.577863977790864,1051.2953543750868,tomato,4099.07
105,88,46,20.202749910512686,78.9315398777035,7.789768498595707,289.66213964576843,mango,4149.65
139,27,128,22.77984006172361,53.77153071663806,8.389174336489333,1535.1496489230956,sugarcane,4525.11
146,11,76,34.24980703046761,77.21320615141536,6.049047249092755,853.8526048186333,tomato,4382.76
35,22,52,36.6691000572836,59.64454545676083,5.738621097521845,604.0904391243577,cotton,2596.7
81,13,61,27.98066860473819,65.57099273651868,4.622637960600789,1906.8835696187068,tomato,4133.9
132,51,110,39.83065168201373,65.31368592137667,5.100077447159448,1592.3049851848916,groundnut,4486.69
31,83,65,15.289304968881757,93.43038515733326,6.748058618172097,1932.0836270184857,maize,4233.63
54,70,85,22.48981638963039,53.85905962121183,5.13064238021336,661.1904778980621,maize,3527.64
30,17,77,30.579043843614496,43.49946620084384,7.445220063923642,1704.427989640197,mango,3359.42
83,76,146,26.732247773437074,89.26647612382914,4.64893041966375,1293.8985276715446,chickpea,4395.63
69,72,115,17.915074160720017,41.36455380551226,5.537952092951528,1966.7066407457953,chickpea,3940.53
88,18,134,24.19467713701409,84.2374849798824,7.2818124935539545,1903.3705021045832,sugarcane,4174.36
67,20,101,15.636178582375976,39.763968205350174,5.522011296956255,1951.3424808968643,chickpea,3592.73
39,51,32,31.068651151881987,72.81708172478142,7.415041856897856,1913.1817130118955,mango,3659.76
120,22,118,37.31856357490888,39.78515286219484,8.483455501722808,213.7895604027902,tomato,3271.57
87,45,70,37.12185309458647,90.00057825056291,7.688335821796414,1533.953738271241,sugarcane,4452.49
54,22,53,32.48861184413866,66.72553837243403,5.8673418350440105,689.4822101773552,mango,2986.43
84,21,25,26.644254887448188,51.40279954410569,8.102367602513045,1469.0487719945506,rice,3492.05
27,46,31,27.800790467287243,39.12098037263367,4.704718942672837,1965.1001622570357,wheat,2995.62
64,83,66,18.422970599891574,54.12749534948961,7.400027297789249,270.8469032577659,chickpea,2798.12
106,82,71,23.525427327980076,75.82630226647277,4.5932893262507,1220.5780983908307,cotton,4020.59
95,61,116,19.69320188745684,55.021807455355564,5.19822198142786,1522.9156846101848,maize,4671.54
95,80,80,35.53000508374886,45.99611884620386,8.450342966154299,656.0458079866523,wheat,3394.35
66,11,99,37.86884753344899,67.53161413909811,5.943539649977228,605.2194867208564,chickpea,3525.04
34,65,81,28.423081535502924,57.158420434412776,7.781997512656956,308.6219097233858,banana,2904.47
124,69,79,33.1941010128236,40.777405341969,6.004346851342408,369.05574290253605,mango,3657.59
45,32,39,18.036619272678188,40.00921936803469,7.860113803191263,1382.1498395270507,groundnut,3103.04
71,49,112,30.21336608193096,75.98502936442055,8.361758240507097,1109.3791142575114,tomato,3695.97
112,73,41,32.56977553444615,93.35367320855667,6.242144973676666,254.13000946750267,mango,4200.39
40,94,95,26.31920323778502,45.151114606033666,6.737396767393117,1945.3911657549786,cotton,4032.64
70,32,66,21.081827111767467,80.25465905404684,7.014557959854271,1380.8825650798492,sugarcane,3030.55
57,38,118,36.934363013534785,35.69443565928024,8.239339208700942,1127.843424228815,rice,3440.09
39,87,18,33.57271799884306,54.80243473839181,5.526976349738232,690.903625927562,mango,3231.68
74,99,40,37.49643204622987,62.934729932536705,6.944997491334907,1384.5779926535058,mango,3986.67
111,60,80,35.46006618744559,47.46855144383494,5.79888091289257,855.502153188883,mango,4201.98
47,78,146,39.75936073947156,64.42259707342627,5.367732720729678,1464.489492792481,wheat,3863.1
23,98,22,19.804318330361223,87.36993779815054,4.839681356092857,1428.6294565521755,tomato,3253.56
95,40,140,17.168694195099352,91.38846755307458,6.982843454943795,366.93883122343277,tomato,4256.81
86,59,44,23.42506978343146,36.53620203424821,8.028341915486273,1836.669274959785,tomato,3569.6
105,29,30,18.225104375581473,47.66998570897315,5.90557155537805,1076.5536528830262,banana,3529.06
110,64,73,28.078252822655607,93.64370463865212,6.710674144771909,907.300890139797,wheat,4273.78
124,90,104,30.825722635193564,47.57719667614584,7.068535181176463,1919.8318585318013,groundnut,4693.03
20,11,43,29.457215379335093,75.02597782432366,6.158600711180815,988.7767060001809,sugarcane,2798.75
91,34,130,21.481003384756754,46.47449010157371,8.113391401464233,1498.197650425516,banana,4050.95
106,22,24,37.72060077421992,53.163763565867484,5.951020644804706,1379.245659049705,wheat,3712.68
25,79,129,15.52930909338446,42.43313421329833,5.000043280359375,497.25217654950194,rice,2937.78
80,76,105,23.700333844087325,85.65951259031443,5.076081432206799,1984.0569927376466,mango,4516.96
31,67,15,32.97481188495152,87.37216964826776,8.063430458030851,1034.487780123596,tomato,2815.1
25,91,118,34.17322315872899,49.299313014503056,8.452032171391838,910.6086303511553,mango,2937.37
46,84,106,25.402963610796498,83.53333857109095,5.655751402286867,1855.3042869558142,wheat,4209.19
143,93,41,15.422745331409176,53.28570725240397,5.074410902618846,1152.629005838798,maize,4866.72
125,73,92,30.451091978093434,36.43626248818529,6.428849127024838,1469.1385314727622,cotton,4701.56
112,78,127,16.577367029580394,79.27496582398477,7.338112254306392,1723.2428850716196,banana,5239.73
128,92,88,17.696394403837864,68.7690061784249,6.949611632411888,623.8899123041331,groundnut,4267.48
118,95,87,31.25626799115475,47.83485883859878,8.30443272833045,505.0398533501531,tomato,4126.92
54,68,116,22.81220815357137,46.44498313327006,7.771111535886512,323.3122500638108,rice,3308.56
103,69,135,23.70075381770632,93.41551908135088,7.975888660256008,1814.8399386429176,banana,5558.95
75,92,24,27.170176924581085,86.06256765805094,6.666668635396281,560.6607705376678,sugarcane,3866.32
68,71,143,39.46445987148435,82.6368914092947,5.809100773325801,753.957279315909,groundnut,4080.58
65,25,82,39.13605551846776,38.321151061708264,7.306944041842316,714.452466942112,sugarcane,2779.48
132,97,110,25.406524984001877,79.08717282613694,6.25621215980558,748.2583775403108,tomato,5056.36
62,77,107,21.637480430457053,43.945114378213624,5.651016962249298,1402.5100282916933,sugarcane,3849.89
143,24,35,22.564803816602893,93.53028130853565,5.10908274268919,1917.4044057329688,wheat,5105.1
116,98,101,21.719532454040102,33.38579721754675,6.61149683155825,793.0161847235727,cotton,4665.24
109,64,134,28.30614517854452,52.889001431415835,6.877014268799675,933.7648783856542,sugarcane,4130.7
58,44,82,30.171495195023212,57.86210965061649,6.7751427306167,1588.0645713955,maize,3782.72
104,64,132,27.21948470574165,83.57318925154654,4.966193453734216,978.2082995378346,groundnut,5249.01
81,23,62,25.199859056203806,79.804483170263,6.779949278154973,1866.8769822668853,maize,3715.75
125,58,87,20.282125939248445,54.374489421528324,5.173656427220564,1105.79249134139,cotton,4240.66
126,92,101,27.062639784552836,66.76141907477265,7.154856661805876,825.9227403745077,rice,4961.1
73,16,97,23.52756784506145,84.31368563450246,6.217535986662133,1948.8304707216853,cotton,4192.9
145,39,22,28.539886569958576,31.182973489818426,7.895154350956622,966.4073769155239,chickpea,3651.15
28,92,52,31.8797353877906,82.1415764690907,7.613062979175115,616.1147681384766,banana,3153.63
107,58,85,30.832804360915265,91.54824164723274,7.397528206066535,519.8614666211593,maize,3894.62
56,98,60,26.562255260139835,32.08419389647113,7.302948397337209,1991.3263864909861,wheat,3901.35
68,25,28,28.901310606999026,32.96276416008187,6.741952157912408,1555.3778476319285,rice,3534.83
60,60,131,22.12140327401899,52.393410361791304,4.744454304513377,935.5876354193254,chickpea,3201.85
36,81,33,15.606006475559742,35.70502164489884,7.121958494132004,1687.454017133942,cotton,3432.49
107,91,35,30.625486354202604,61.15294521910273,6.3676887102548605,1184.251033126073,tomato,4694.51
40,89,129,21.314213978442176,77.36619453083561,6.378218855974132,771.3012325398904,banana,3971.85
70,92,91,31.72384275170686,66.84845027706815,6.016088781865079,1538.094455724727,sugarcane,4269.58
78,51,109,33.67521248992398,42.768074089728124,8.216283659366843,1542.6105299896733,mango,4032.84
60,26,26,37.89819365259453,72.56273450197325,5.497805067809729,1100.3046125314431,groundnut,2913.37
58,72,77,38.95306988699032,74.51554114662953,5.766377813639119,281.28501263989347,tomato,3559.32
30,54,53,15.263151157742536,90.60898711952595,8.35216313094249,338.64047583260174,maize,2804.62
96,86,70,39.75935523386593,39.54179832950819,7.7406149411067915,1619.7490622022883,rice,4227.99
146,16,132,32.07545796235402,75.00185071913202,4.5563456486514795,1682.2574767787837,rice,5342.56
65,36,102,31.08810400935473,89.2427692254546,8.124430399447496,1420.9215474389282,mango,4284.08
64,19,83,15.380327379883886,62.601669965841225,5.406589195332281,1710.3234357518293,rice,4096.63
20,43,76,36.53083529716844,53.51697919109867,7.323730156664254,1495.0774466437017,wheat,2877.76
127,45,120,18.63728618119566,41.098717124375284,6.712292429468862,1814.4823169160488,maize,4463.86
38,34,11,35.933253848326025,86.34114762183424,6.647247534411136,470.71689070390454,cotton,2999.71
95,15,98,15.3890636564679,55.626014364638635,7.371685293570877,897.9347509883722,rice,3721.68
91,33,35,31.149106562479034,90.1173588124,5.328725887577759,1035.3994290034746,rice,3181.24
128,27,108,25.870038344245692,85.10428937850045,5.136100523065706,735.7948305647844,cotton,4407.65
31,96,36,20.01916822648338,54.48159036681773,7.107650426931808,1505.6596066689992,cotton,4140.69
64,15,98,17.689034794260852,67.30443008150706,5.662316915618649,1842.3898628404522,chickpea,4415.7
109,38,10,26.003192413658162,31.766312359104894,8.395800830631043,942.4679586846974,banana,2956.62
122,34,112,18.08264513303562,47.10939118636375,6.306047356298693,1894.7755362763398,banana,4898.7
27,64,140,27.161165292276188,76.16773515700123,4.946388080027861,1130.184032859302,banana,3363.02
110,90,50,30.630426466321307,74.06421148000734,7.2432606646881785,1140.528128268892,mango,4460.65
106,55,60,35.68460484018395,52.96901487021381,5.7246371698645255,1280.3951732199616,rice,3819.51
103,33,24,31.966235929571667,82.55952207411468,5.094349710485609,682.9959172147857,mango,3225.54
101,84,17,16.629994167653763,45.329343373491625,6.191293451559684,890.0489344430666,tomato,4086.0
87,35,47,22.68581331369593,59.98258465489766,8.356889112349112,1195.8274151938904,banana,3564.15
146,37,123,22.19946519831251,60.714491295208546,6.14572230554852,1895.5691940318711,rice,5298.02
101,12,92,37.875810586777106,52.153089976551115,5.889335062924253,1356.8466412193932,chickpea,4066.26
103,84,65,36.69455110981909,92.05329657313587,6.2780358482772165,799.6098041996771,mango,4579.22
132,47,112,24.253697958760423,75.28446217848159,4.5484628223985935,218.84343196970474,cotton,3778.25
95,70,147,16.778881397064527,65.0479567962746,5.032406154394456,1966.9981698738302,mango,4911.96
141,87,111,37.35268294511833,63.183481070262154,7.898698472538431,1087.3722040731118,rice,4843.36
60,60,87,37.20474882410468,40.354246010621274,8.412137648378055,1889.2912849953877,mango,3638.95
21,99,92,36.36865330076813,54.192148309426386,5.1317659424147255,1188.8214209030953,groundnut,3152.0
48,57,39,36.12704094338754,73.73026545739198,6.642071273547634,1289.8367484001196,cotton,3136.05
124,30,14,27.006350027153868,90.09706427963769,8.365333735222574,1481.4420606271499,sugarcane,3989.72
70,63,128,19.435791306239956,83.0701638604695,5.126325504715855,777.75632059593,chickpea,4161.14
94,65,40,26.937201261560695,49.52533725739812,5.2452384700098005,1458.1711292150621,tomato,3863.3
29,68,32,27.36494426673662,58.20718066984567,8.207265415713593,1148.2254377324907,cotton,3487.05
70,81,57,27.24829383112152,35.38963884633165,7.32275058580953,1410.463909248512,banana,3689.06
137,60,118,28.469314652877905,36.64120099731275,5.107866747368643,1704.499869637712,wheat,4782.32
140,29,49,21.441425574778876,60.56497515491648,6.073970684474439,531.6124344895711,maize,3969.54
58,95,15,24.156029528340376,64.46426144311151,4.725079776858842,1304.3916386043675,rice,3242.81
47,68,47,25.854664799086738,47.16176122029941,6.230686135670776,293.80039149770585,groundnut,2914.68
22,80,109,18.278030237912496,71.78087479708618,7.611605977948148,383.8071601082664,maize,2871.47
103,18,36,26.384103364037514,75.71974456270895,6.715888218344508,1414.2696243240566,banana,3971.4
136,10,78,35.26174042673982,49.44254855477725,7.089768487264813,327.687773254975,tomato,3143.82
21,38,66,35.701488568321906,79.29760717099022,5.8072805288008364,1271.644003665153,cotton,3190.05
112,72,26,25.289094297525757,43.36431973754367,5.145583670979172,596.0226775724939,mango,3622.91
113,81,80,27.97020780210884,65.3763395229123,4.552466703093938,747.3526913211464,cotton,4205.35
59,65,56,15.841258303376415,82.27827108154126,7.785249377317381,433.3457038653675,cotton,2924.31
21,77,88,31.86081391171492,64.9055905693661,7.046618237383152,647.6014751111107,banana,3343.08
100,44,119,25.115147073671576,89.01757670386829,5.4172849651507535,1678.3252126747902,banana,4911.64
31,12,22,26.136942077083646,33.802580136851326,6.173735840309179,1349.9811300917495,sugarcane,2254.63
84,16,148,36.84181817949412,68.24039995694567,7.705773074912457,1909.5676304831386,wheat,4627.93
74,36,133,26.54586086401521,66.51410441538536,6.654800744365543,287.7407396367595,maize,3683.4
64,10,118,15.529806155696319,72.9229663552745,5.700639505783913,1626.3415949313235,mango,3842.43
120,89,99,20.68727227172656,84.17144451422,5.568738068682742,1458.3389299029643,mango,5248.55
81,80,95,26.890515357706477,77.18045048199568,5.370456097795302,669.6061493555649,sugarcane,4510.61
68,53,101,25.609907318713393,81.36837779923471,7.794919520536679,1512.500065059052,banana,4078.46
146,96,33,36.50925343201202,48.7730871716454,6.82744140273865,1489.7873898463165,chickpea,4720.31
42,50,82,28.553437732654167,55.1873296069827,7.3366286628058575,1026.8213655057389,wheat,3877.98
57,84,13,32.240893547878024,70.74050331300498,7.940481765589654,1439.551313936676,sugarcane,3580.23
47,51,122,26.733082426086753,65.9749956751208,8.447446810120866,1000.2456254271175,mango,3559.75
40,42,55,25.991393351479125,92.47175187308487,5.497934346123127,803.9820729041699,cotton,3215.4
126,59,27,26.157166711858782,42.14424249573726,5.223609949831651,1039.6837286064492,wheat,3386.71
118,72,52,25.273039242345973,52.83309420932421,6.347993371175794,1811.2330666870243,chickpea,4570.89
138,46,102,28.464584646355085,67.22909016351556,4.6402851179141305,892.2508271483927,banana,4706.81
92,68,112,21.26108504384009,86.41764504584988,7.666871526254113,926.6387194219949,sugarcane,4117.52
141,90,133,37.27637984604552,90.40765410491446,8.035039995337529,1295.1258097196903,banana,5793.87
49,57,19,23.327138702346822,51.84236150379391,7.244158794992114,1555.3990557805184,sugarcane,3552.59
127,14,82,18.68809585443367,34.36204999921286,5.571980098254437,1522.3175485600816,mango,3710.29
117,57,40,17.413761964943628,57.40528036494203,4.992621895955162,235.63771421268305,chickpea,3164.44
51,12,69,15.335572878003191,55.632369310177964,6.028576751679553,1437.3475994339358,sugarcane,2887.63
98,56,140,25.571401964171535,94.12165941542982,7.833342482021013,1010.9972865780684,mango,4448.11
60,71,127,19.690274713635617,58.01898087890131,5.891311215144459,1143.3619415980233,sugarcane,3656.69
82,23,23,15.541197564681198,49.87199495470991,4.63701829450656,1210.9940064973625,banana,3473.71
42,72,11,28.000488657238094,53.74952934477071,5.597121504900528,1517.0953107948776,cotton,2940.54
123,70,33,31.999463716269037,55.8002082405479,8.459782440302893,1696.3993704949635,mango,4045.72
94,40,73,17.143776272777608,83.40012484278003,7.206675022663533,1363.269700338025,groundnut,4678.29
67,26,109,26.52301932299149,35.26596803403217,8.103419319908511,1215.0329974508022,groundnut,3197.63
76,33,123,33.59071696501867,50.57295817687674,7.5994610700044305,872.7846586628633,wheat,3694.64
137,32,33,39.64517052521063,92.81070197396147,6.658822061306523,448.18079461750557,wheat,4332.73
119,91,100,31.67975861606402,39.951662811922,5.094755489579921,1925.4398269607552,cotton,4371.12
143,59,35,21.120988770238014,78.26908589961835,5.894577913422871,1031.3161261855537,rice,4811.37
53,87,74,32.91384099447499,53.165577577888875,6.834960901096888,1219.182040095308,groundnut,3976.99
26,88,129,29.948235670495748,67.81605920264414,7.982529394927968,1551.931650985551,rice,4088.5
75,88,13,20.294982214538692,36.47062250307734,5.574700183459599,323.1388729636925,cotton,2852.88
84,79,10,36.27777064618887,49.91675837800652,4.9849074773609185,1739.0198162067168,chickpea,3917.5
66,36,59,25.685110680690023,62.556221207957734,6.735329270219269,1634.6463380163334,groundnut,3730.7
38,24,119,39.04944136835314,45.0605427814308,5.206004890072222,1593.971447437714,banana,3324.43
145,59,148,33.072525186194454,65.22154629845488,6.941447077287627,239.5688721219351,cotton,4424.62
68,45,83,31.114078865795552,44.28435541407656,5.554085769934928,1147.7339325387456,mango,3408.75
132,17,71,33.20882093691405,72.256535922286,5.423852017202499,297.6830673183863,tomato,4078.06
57,88,90,26.952425470455537,88.78303211627042,6.096723059955565,1191.5706419251242,banana,3683.33
83,12,65,27.63066194504185,35.556761427852145,6.872767030231783,1493.2069872599404,sugarcane,3353.47
88,71,120,36.2801846361186,44.08004232544561,6.681270691797252,419.3304504651612,groundnut,4038.9
135,56,30,32.02321341608757,84.88749677192145,5.478937908939923,1450.7895898591196,sugarcane,4312.75
84,86,18,37.43108312979105,71.05097655372724,8.064466697813504,1009.1591227735529,groundnut,3886.53
50,97,148,37.270668839356716,35.11607961426674,4.939527878940805,1660.7952752200758,rice,4204.2
132,70,79,39.41225085110623,61.612757482117196,4.657870252297341,1160.4600908845418,cotton,4413.09
128,41,138,32.50536647113336,43.63430347573678,6.91082507762479,805.0187645023677,mango,4421.6
88,22,127,27.557542941543552,42.94126561455453,4.993628672261906,797.5848141626755,cotton,3957.84
139,10,65,19.157792505227057,91.14194731843403,6.519563257115845,1815.4757360136512,maize,4687.51
107,43,40,32.63451399118543,79.50020062494708,8.30709313763853,1015.1688522532381,groundnut,3443.17
86,71,46,22.28944291899827,75.25498857906933,7.294321085811161,930.3570149175578,maize,3801.24
94,88,100,22.07368920093328,45.53037311006081,6.969826321591041,271.77252013624803,wheat,3554.37
64,87,123,20.9571944112017,37.70727314766178,6.799220899489123,855.784289207723,chickpea,3954.59
23,91,137,36.878051433786254,86.60412038354775,5.2181570087983715,1729.3286988999646,cotton,4090.78
126,80,131,36.69911116705396,30.38217200725931,6.230591298512417,1569.7777817586964,rice,5039.23
70,40,78,30.774261121751454,55.22626754056627,5.87009402946705,597.6437650338796,mango,3393.95
69,73,45,26.8245245342684,48.04481269248668,8.312297288888251,943.5019217843059,groundnut,3111.79
25,34,41,31.802861502469977,67.07445302267354,5.4692809254829005,553.843416947148,mango,2293.28
78,47,73,30.180736257459767,46.283048332579256,6.386065485584206,1917.5902703024724,wheat,3663.62
144,23,57,25.393356208084683,50.22834835634002,8.252317453105,1276.6121813639643,sugarcane,4390.16
49,17,90,24.490771687140857,85.25259057455759,7.65672260975726,1557.8386265873876,mango,3789.27
141,63,69,24.569857703633755,69.20727352129371,8.358060957137692,1484.8555694182023,groundnut,4573.55
144,11,10,29.728335078900955,39.469364276408946,6.9333210205879645,1772.6408541021503,maize,4263.89
56,90,74,31.191733903020648,77.22065032722905,5.835147418983736,1908.7900013818269,rice,4057.56
143,87,42,26.293543837886048,43.484848096192096,7.806599101856236,258.403112796304,mango,3727.6
120,98,47,39.21728625532607,58.14532045731121,5.665825085493482,1955.5421238199142,rice,4600.67
54,65,34,17.096142950112025,72.02947039455407,5.159091207647544,1766.9764335905832,sugarcane,3823.63
106,93,68,23.676175648844428,47.675419934736674,7.325155256156029,889.3053356565733,rice,3972.24
37,94,110,25.476867078136024,54.96694295392649,7.055822654137438,1706.7246366027268,sugarcane,3629.44
132,70,136,15.423033586623578,77.7197238247698,8.01579561038158,1525.804368195709,sugarcane,5164.13
48,31,50,24.123929691705627,90.96421197258232,8.347699031264202,1627.605878041445,chickpea,3692.2
96,44,66,21.842747929321064,64.40092870236575,7.928790348898216,597.2438591102996,chickpea,3521.53
78,25,57,27.650906755687018,30.64811315118048,4.7400871903530835,1367.4146634841977,tomato,3489.13
145,59,81,23.410263679581732,52.00014383071898,7.158053731929073,246.66660973872348,rice,4402.46
128,52,65,33.15455337366153,55.91123176495974,7.638929651456182,1726.8124385951278,mango,4864.28
41,26,74,27.748312385191213,52.04628530014587,8.427714897400707,1911.8773504564203,rice,3492.38
87,89,21,18.24405583740661,58.35747597251158,5.998645198050535,1391.8221931435182,sugarcane,4136.04
88,67,78,33.75153310360868,71.12330649819597,5.1795263490845915,1122.8053757168038,chickpea,3683.41
68,11,143,17.480722402066917,37.873321754853954,7.911732247188885,1506.3159608535282,banana,3435.29
128,13,98,35.976229201983934,47.72098307638785,5.769866974530221,787.4503188043105,maize,3737.69
105,94,34,38.285554852155485,62.9971255911456,6.892807583175435,1327.4980324625685,rice,4150.25
72,48,10,23.06113225462135,50.51226503169838,6.059579056852,1494.1512907515996,cotton,3311.69
142,15,140,38.153565831573275,94.42054697879836,6.109305027034645,456.8254066661376,cotton,4198.68
106,90,58,34.825203978063456,58.04304535743674,7.429857916709807,452.12240989386623,tomato,4214.2
61,98,69,38.06089027509425,86.53694498349407,5.945900501359755,1489.0487198857525,groundnut,4070.11
117,78,11,31.656753423021193,88.27313931490119,7.272300451881948,977.2084894978927,rice,4582.47
128,78,82,20.891100985535545,84.34045498195275,4.557313821809208,1800.56269722962,rice,5420.31
70,29,119,37.363080922774316,33.04838566143591,5.798589560015504,761.4899878823077,wheat,3043.17
104,73,70,19.606626904268595,91.60353755486784,5.776176125414651,276.3753270475602,sugarcane,3961.3
146,25,26,20.326513775438386,38.3682665386565,7.495341143586868,1369.7768526167354,groundnut,4150.83
40,60,58,21.776574753509095,32.236235801429146,5.758228464102512,1431.630607884645,sugarcane,3045.97
63,46,85,22.606157787164616,56.93402451392624,7.0333085294603315,1196.4648961616786,sugarcane,3396.64
122,82,140,27.861991053275766,42.65121212926064,7.25409760843146,1429.9987622502763,mango,4980.68
87,78,52,32.8364340108511,41.972774428110355,7.133702176788461,1142.757820053911,maize,3601.86
148,51,66,38.155204360017095,48.70827486944979,6.913174724194658,1446.7390689782821,rice,5303.8
111,66,59,17.21093968338756,46.14636434104557,6.154467397397578,279.0873317993501,groundnut,3872.69
43,75,46,38.8592340557059,74.51170113975995,5.993219910735242,863.1152663978387,mango,3647.45
144,18,55,38.03307417742033,42.14052493134456,6.758336233503559,579.4704523166323,chickpea,3792.45
130,95,24,16.349982304525973,65.30268983782182,4.754812409937305,378.78704950092913,banana,4579.54
117,73,89,24.008028442289067,94.11772549932944,8.003279368206105,621.3667450989294,sugarcane,4236.58
36,95,148,35.32858475748341,58.104857362158775,7.801260572121373,544.3591124572188,tomato,3818.24
118,31,33,30.289413636985028,71.72175207170338,5.885538868148759,1951.6364990508748,cotton,4028.41
101,43,134,34.47734858454426,93.00915905244179,6.767276493542525,715.7826518932329,groundnut,5161.98
123,64,127,32.97583346974719,38.94653487268867,8.228910792737853,615.7261462648871,wheat,4306.96
38,38,89,27.41925282817909,57.20945560404821,5.586547189648387,1702.774111284187,rice,3209.5
104,47,103,16.030451148792487,85.26250601269152,7.469821070779414,954.4091910839102,cotton,4481.07
27,27,74,29.606705051612526,90.5998693784172,4.83092722928402,958.6378072087564,mango,3363.78
47,80,97,16.2141663264824,69.08034376732883,6.593488589883885,998.4628394842732,cotton,3596.8
24,74,97,30.093167938378272,39.32233916511452,8.035876517789191,949.7621110171062,rice,2864.63
120,10,135,35.010271562341956,88.59565295659758,6.7068371365962935,787.8178189259271,cotton,4145.79
137,97,98,29.624793717547966,41.33902680241127,6.965011307348405,715.4109965986216,chickpea,4755.0
83,13,70,39.92554511404243,52.93706014158771,8.130557173238177,1787.5274176737942,wheat,3683.19
110,13,24,26.39666250451083,54.40801855454701,7.361442560199212,491.0732230436412,tomato,3213.82
136,91,103,33.72068659009969,59.07395009172082,7.283478720897062,525.9122352612907,groundnut,4369.52
117,36,60,31.680332293547686,81.36077803551171,6.845536088371594,1229.0943807650763,rice,4306.25
30,52,36,39.785792288952194,82.1393845766615,7.0319544567696735,818.5854433929231,cotton,2892.18
73,68,83,32.830475126927624,76.77757976307743,7.714821696066469,958.752856724649,wheat,4045.34
66,41,70,19.100768286484737,31.438363837402804,8.416932333188978,1651.7838942032295,rice,3006.88
24,42,40,38.88794266043102,66.71493164411484,7.681301416032752,1826.5359086787896,wheat,2987.54
39,37,21,31.694430661144033,78.587042132291,7.330147326507985,1622.9966232017848,cotton,3586.44
65,64,55,16.483455770159747,58.90064060400029,5.04217953444606,622.8708739233527,sugarcane,3116.8
31,69,41,31.439207644615312,91.42084294875076,7.768321549766773,1963.9483212962905,groundnut,4363.21
89,79,70,37.077985166869375,83.54768392222282,7.443977469594812,853.7177014689726,maize,4229.56
36,71,55,29.426046549750627,71.48007925664399,7.5817287816049355,504.3207100963034,maize,2535.73
134,89,94,23.85049095080028,34.05763693936337,5.424385912973248,1099.094069842472,groundnut,4121.49
67,43,89,35.522740851765406,72.40250609290399,8.113774786163711,1505.514385342905,sugarcane,3650.63
127,96,144,34.562800205145734,89.25267408139423,4.889125473387448,349.88758635453325,rice,5060.65
71,97,13,28.60455385578252,54.66395014726184,5.514448222767786,1341.716446317886,wheat,3955.01
115,65,61,18.85904424739751,84.47861416434847,7.152093753297606,1744.5402621678734,sugarcane,4679.15
89,22,121,21.274662138079535,50.355474286041634,7.194857855324061,671.2066688457578,maize,3953.64
121,65,45,33.46209930465264,67.05671395057468,5.753298265203299,1447.6217819180733,rice,4577.99
94,27,63,35.15205413487318,72.14758719410085,7.306079108447259,919.8355339287931,mango,3623.74
101,63,128,21.981631951024745,74.06967744132817,6.051722150619488,945.443257651247,sugarcane,4854.11
111,86,136,24.199626929669666,87.36570544018264,4.500702063431693,705.4652561760431,maize,4384.27
23,52,26,16.940797131244878,45.25044735540833,5.150424529149534,1323.9088335918116,tomato,2900.56
128,48,84,32.8365487091625,47.05402304378336,8.030473100872698,849.7986554542782,cotton,4203.02
67,70,114,15.089438615000784,75.7626645651979,5.390776046917676,1695.625406230841,wheat,4558.59
92,51,126,16.1635380304767,41.51759781146248,4.951641355435504,1933.2297614891556,chickpea,4244.86
91,90,52,15.108601694602248,60.17757632265742,7.228802423732779,1883.157824073664,rice,4767.32
135,88,121,31.13298958344042,31.302234965018982,6.262825769638944,493.6310713873794,tomato,5005.74
100,27,124,25.434678192513665,39.16365690435742,7.686363745590578,225.54253999055095,cotton,3315.87
100,32,36,22.438669033583256,74.12501502687599,7.945779738263153,989.2430140198838,chickpea,3675.26
132,63,46,37.81752525892776,78.585004226314,7.883955509548926,1511.990673809936,tomato,4929.79
115,39,55,19.820069866915166,37.49573716046199,5.752036876787573,1959.4194830029298,sugarcane,4129.76
91,67,122,24.734200259535015,44.80112077672781,6.522183751872657,1610.16014282979,cotton,4399.86
82,77,44,38.50779502319379,36.42878902490832,7.100566938587857,1244.9887793606717,cotton,3368.67
57,76,141,25.67766407092606,58.17183485513259,5.787932349136495,247.4352420131853,maize,3078.38
86,80,89,28.867342141176444,38.197544598401166,4.664397261412073,1685.9732447132383,banana,3726.18
88,27,89,17.00842166423719,58.42424111584785,6.4826575291876765,518.86106107258,cotton,3816.89
32,16,130,34.754159672336556,77.58638662707355,4.551273333862374,300.0917255362227,maize,2487.29
50,49,131,25.568969427205953,74.42026115432213,8.302582498903789,1730.6459252376758,mango,4132.08
133,79,90,35.012878114962085,48.22993164536994,7.686734584292106,1219.2515621696125,tomato,5037.52
41,95,128,21.344941063899803,73.7945657010506,5.268039106094378,431.3928761488088,chickpea,3708.44
112,74,67,25.56196876403525,90.30128850847251,5.650286995567713,895.776793713346,wheat,4229.73
86,77,72,34.663723409125254,52.58908516051951,8.431354192077753,353.975001006014,chickpea,3381.49
73,58,109,39.34694417609099,51.392744990344426,5.994194216565218,1348.4194524700436,rice,4111.21
61,61,75,16.490638109681722,67.14351234633114,7.634889429735569,708.3690794168147,rice,3565.88
83,38,94,35.31140443547261,45.95761771678567,6.287261873677018,1758.9694364576744,cotton,4112.27
145,30,146,22.517226690677756,72.35263031871638,7.95638369640244,844.0328518754455,cotton,4826.59
40,99,132,28.768582022276803,84.09701509371126,7.315014032646036,1090.340953435852,cotton,4495.77
54,87,11,22.252306623768696,59.85570283141108,4.591640239564637,314.3421155107552,mango,2724.53
49,18,115,30.336136814199754,74.16797612034486,5.677559543756949,696.0667099591458,groundnut,3694.77
76,56,117,23.84507076609939,72.3725525523947,6.73196925957381,1418.1810890430752,wheat,4441.9
66,85,81,23.34037227444204,32.513261520093316,8.204696176279015,1525.2729819997521,groundnut,3041.46
38,51,135,15.948457823398389,41.922059186425464,4.9081195785659615,637.0793390202206,maize,2981.62
133,60,66,18.67401014759529,88.07945011817844,6.904650150844268,1106.8761776972742,maize,4727.47
27,65,90,37.926954971636974,91.02798957872625,5.70870692565063,1671.5559893681093,chickpea,4245.41
45,60,28,39.95693572183116,80.72857659422652,8.05731112807776,883.8382896011996,wheat,3001.23
132,79,16,34.51301439674016,89.88112964130015,7.560678438634053,440.7882812422206,chickpea,4300.85
90,29,146,22.17031561933717,49.89966230970737,5.978810888037142,977.3667013024447,wheat,3525.76
49,97,63,25.061128461089815,46.10121316563806,5.168412655634455,1281.1315977776562,maize,3331.77
86,36,113,33.48758637265207,54.9795121914338,4.545991889589191,213.31735074628313,cotton,3487.45
84,47,95,39.21283892207995,33.597229905779436,6.984537802687795,827.421512025312,cotton,3169.6
55,81,91,26.38677926823419,82.64165523768631,6.124495230524975,1293.3844776112965,wheat,4469.57
44,74,70,35.73806038220937,93.97140653248002,5.7590259714430765,1913.4415100804065,mango,4597.28
56,63,96,39.37672306496792,83.56190400837964,8.442009166547342,935.3877184561965,groundnut,4040.42
20,33,11,36.83682927640011,66.07339676541562,6.36456854224126,493.3500778627874,sugarcane,2909.69
56,56,40,20.678743669283172,49.19332808139174,7.499357134581697,1161.5943763403359,groundnut,3475.38
147,80,42,15.200796596890573,42.85036275533274,5.2096496690049445,714.3542499794247,banana,4333.77
146,92,89,27.30204263471038,53.66408666678289,4.553821030967255,586.6029187666111,sugarcane,4656.91
20,95,20,28.28402079238167,73.35301942063342,6.170250477792064,1262.7258662505117,cotton,3436.82
54,72,137,20.031259113779242,59.05900111015353,7.162659339770647,1848.5903618055306,chickpea,4212.41
123,66,144,22.11685979867044,90.7138883054916,6.526394784733838,1703.4035678107145,sugarcane,5709.91
42,64,137,34.128829021213676,85.52432229277261,8.061865030497565,528.1265699643665,cotton,3720.75
28,69,40,26.758681467828346,36.65604003758843,6.235917404748659,1578.5830250297415,sugarcane,3468.33
53,71,135,22.933852090006415,38.54913955257115,5.744011252612365,613.7635418720647,cotton,3395.4
147,39,56,30.565650684047988,73.9555470445072,8.164194704830575,723.2622692477946,banana,4171.39
23,31,116,31.318993899403132,44.99994534872303,6.127209114537523,1856.0927123902798,banana,3489.57
121,84,28,34.23489442102006,81.41694200576383,5.5785914465584465,1839.890271284788,rice,4821.91
94,93,90,18.917732394072978,68.43827925121295,4.890644307240322,503.53537618129224,wheat,4869.29
118,38,132,33.537931308174755,44.93898430266775,7.673239092863284,315.54534066226654,cotton,4391.51
91,50,143,29.985709802760464,61.11464183623843,7.800365843191372,727.6125858265077,maize,3988.19
22,51,116,16.439296632569928,56.39495900385717,4.633191134260688,1247.1951075999834,sugarcane,3120.26
53,74,58,34.43614070633528,86.7553583473113,5.9345823936060995,1778.405020069387,banana,4323.75
64,40,82,24.57700703332963,32.09056087350827,7.499505818391839,413.907300020884,maize,2747.1
80,39,59,23.25952335824094,88.22985288034135,8.285527389952215,946.9253039645353,mango,3521.05
102,27,90,26.201878789540856,72.38537438718332,6.01127313537962,689.1496160969461,chickpea,3897.99
142,26,104,23.65437693265323,77.93998219064463,7.988213725517975,226.8721410248318,groundnut,3990.19
121,47,21,23.457139805247728,30.16948512052119,6.07488162612878,1619.2032694273971,banana,4035.66
35,23,32,35.20194169251564,70.83556321242011,5.217978508970592,1663.911583701819,maize,3223.04
85,96,63,18.112631359142306,68.2516006412167,4.513784575107479,598.2123111955696,sugarcane,2832.01
138,98,127,39.265001696436464,64.91836116510949,5.820724092611519,472.2324500726624,cotton,4280.49
143,88,68,28.873291109358583,81.08134568588252,6.013900202909486,460.2095365199549,banana,4473.69
121,65,12,19.573099960532822,66.13162126577285,8.280470115549345,1035.1049415757175,rice,4027.7
85,31,67,18.28038707329216,85.71131732139074,5.324281009682491,643.6920573843856,wheat,3374.39
32,76,66,29.787738303374564,45.121046616626494,6.028922832070019,1120.4401564793018,tomato,3955.8
130,65,99,30.8249860961732,82.38886828316049,4.600616519292453,892.7331268733116,banana,4828.74
53,28,64,16.32564427574527,41.655330233612375,7.554158940365546,579.6025488217842,sugarcane,3315.71
58,66,54,21.075047853219644,82.85265647798369,8.160564945019946,1552.1452212031656,cotton,4119.57
139,53,10,34.88654803053669,91.1301287238569,5.4512825891059675,470.65500260448096,groundnut,3656.17
145,44,30,16.240615693588136,51.82011925017497,6.215980442560658,1638.024166676787,sugarcane,4186.94
74,10,30,36.3772165976509,64.44261040871227,4.988450485463976,1210.6034906425261,wheat,2987.58
46,61,61,31.454061913158338,72.7913864900046,6.327341721251563,1697.6668568175994,sugarcane,3537.05
137,94,91,25.86058148408012,35.16565828054215,5.033369854576382,208.56627212582904,cotton,4411.31
72,79,76,23.660821224272897,62.11524668326781,6.593393977676609,1548.5393342638693,rice,4209.86
58,46,122,15.481224096222348,53.43802347823603,7.438488161728932,292.7280678520076,rice,3275.5
84,74,53,35.63037364379608,86.70961603133503,6.713371099256673,1910.1776942680774,chickpea,5068.15
32,60,19,18.568046349213454,86.98416871604121,5.480878313549503,1464.931079102963,cotton,3986.46
40,10,73,22.738549796552203,75.55067007057039,5.91518394187562,776.3101231184444,rice,2899.52
72,30,78,29.227674509070095,72.62209084851239,7.05429095082253,775.7308871223494,groundnut,3115.57
38,62,77,21.149815001781356,77.68974985293069,6.859021671157301,1750.6862834935253,rice,3578.91
76,25,37,27.428511593805034,53.78914856518246,5.047099152485334,1825.1122312147857,banana,3874.33
44,70,125,35.23357071846756,56.29375103879065,7.879797894264411,1804.8319058697389,mango,4051.07
50,63,60,26.763448369756873,65.99080698776584,6.400755648988062,1655.7325266193895,wheat,3609.88
100,49,13,38.724433602989905,90.97182827869038,5.149476898105572,1674.2576375054714,chickpea,4413.65
42,35,88,36.18751550940854,77.05999181777156,4.991306170298917,1230.9822251796072,sugarcane,3060.92
51,89,26,23.325980884084856,65.81430089225452,8.362207098580521,250.81589530832264,wheat,2426.5
93,74,117,24.999053114598446,80.07684596828645,5.626140444694184,356.1919077061909,sugarcane,3538.47
29,83,83,25.58316817556318,54.107870295497634,8.134374351665503,1369.19584893116,tomato,2973.73
73,73,32,30.65448632311287,77.4803355743841,6.142341195075756,922.0972885886486,chickpea,4149.4
71,52,27,22.169893229713495,56.693956138375526,6.043685721812761,1221.157335514855,chickpea,3451.3
133,26,138,39.23122847056271,48.177991455974094,7.303715878597728,615.9397207198317,mango,4153.05
33,68,44,30.217105515087525,69.63206308894901,4.539533151101846,1368.9509125577456,banana,3302.82
129,32,73,24.985041468528337,74.64704137726198,5.852358086521562,637.0931795480133,cotton,3833.72
72,16,68,31.125245387289183,59.854081476671674,5.710582848767236,1029.463036355637,sugarcane,3182.96
98,53,10,24.885125263242692,66.75754753810759,7.9723923771361855,1061.6958192641277,sugarcane,3512.54
41,62,140,35.44489202448547,75.11429486563719,6.616494156083133,519.8028137104866,tomato,3402.28
49,80,76,29.196024013793032,79.90115335123812,5.958280628897008,1777.1739074977513,maize,4068.59
23,88,46,16.049262585151673,88.21214614039995,5.564317241198872,1146.477901291616,chickpea,3488.51
78,43,38,19.41892168558652,53.04537340718133,6.862039235242516,1760.2108002890227,chickpea,3751.89
27,55,98,36.62484932573837,91.84602143541858,5.106692562173459,672.5642518926633,mango,3429.7
31,77,109,29.07249565891975,71.4231876580007,5.484819074035126,510.20470184265304,mango,3204.37
138,87,131,38.758586912847626,81.2006223754316,5.674448660258999,232.4299657162334,cotton,5274.84
53,87,99,16.81055782151712,75.48498782629349,6.931635790427764,368.9563875077131,sugarcane,3391.76
101,25,141,22.381515752149348,43.36216214764643,5.993019836065901,465.44708879590144,chickpea,3548.21
117,80,23,19.838584330989313,34.64349489557384,6.523133200480197,341.9400122803452,tomato,3791.14
146,28,140,28.846007305718405,77.20862016117782,7.101753055066347,1814.3827312559374,chickpea,5450.3
94,11,94,24.569820776997734,63.218423406647474,8.325086403230749,1840.588954295175,tomato,3602.87
124,19,30,18.931838351909832,75.64386894654109,7.55934958841101,1887.252810095079,banana,4300.34
68,59,35,31.068797848988673,60.994782254504884,6.121027122288431,1927.7495058362038,banana,4219.84
98,90,50,28.40745914492966,50.29524382707276,7.493101497589027,1085.3030090358889,maize,3561.86
112,21,131,21.868406282407523,48.52616410187194,8.29877672367685,1154.0443462849105,mango,3933.12
37,79,47,26.994283944559445,77.48458850654963,6.4975221826165,435.4947714323944,cotton,2857.14
115,31,97,33.643457876029736,47.990705295275355,6.141987732491559,446.69366795370456,rice,3518.67
57,41,20,20.131791863766463,76.45399661015236,4.812074796002946,1590.9615895809216,rice,3444.5
106,93,38,22.322643667543225,54.95740821062961,8.069481482603448,1740.3123514551335,sugarcane,4325.11
107,10,69,23.65277467735288,80.10839628072216,5.485737123174623,1612.4859751359659,chickpea,3822.01
69,63,70,33.66816093002579,39.282645175873526,4.755831587276559,1702.2365569909155,sugarcane,4030.74
27,67,31,36.17306498877268,43.323696308282464,6.648813946364332,697.8265677709396,wheat,2674.73
88,79,87,24.40971241104027,74.58425437181063,7.8835985838461005,1038.918411773724,chickpea,4345.73
140,92,122,22.415521545847955,66.41502281288706,6.12654022249221,1026.5588901116967,rice,5597.94
83,27,132,37.23616895879193,43.25209227040395,7.6322698806360645,1991.5101256551143,rice,3927.51
140,15,53,39.98412330481697,88.68375576224341,7.845584029135983,1908.5204362083784,maize,4888.94
84,54,106,31.758840991544975,47.93636958182201,6.317614235279455,1277.274991566811,rice,4185.19
126,32,86,39.74951537472952,57.3696408825862,6.863820263761895,448.35163965324807,mango,3524.44
119,32,149,31.499156945047748,43.14871622171496,6.635649194155761,665.4728695352189,cotton,4535.05
101,35,64,33.33650680019562,55.22179519219843,8.256783446538005,854.7707989671244,chickpea,3558.37
70,86,60,24.716400038587842,61.957038757245826,7.402022740367045,1771.7809874481734,sugarcane,4038.31
102,16,111,25.824188674976337,49.19105854333974,8.201371243080452,507.1384227140797,chickpea,2911.39
131,88,38,18.603391599734877,79.99108875777142,5.380039912247888,595.5444499305892,chickpea,4013.41
75,53,78,35.56875036912808,55.60564361200606,5.740947407330681,828.8924450056886,rice,3538.09
79,36,89,38.27647577218001,77.41814999731986,4.78365389272027,1868.4383395760904,rice,3730.59
139,35,40,30.585953342352802,43.45969140036582,6.499631826783231,1106.8617633974968,wheat,4325.8
42,88,121,23.591182711134962,54.507307291556614,7.995694717543643,1364.3048658755622,tomato,3702.16
32,45,55,18.850408134359157,30.523788778209784,5.807386788522862,897.0019491263212,maize,2200.42
120,64,106,21.628905742632874,79.31144295439125,5.0131284277973265,539.3397999952401,chickpea,4122.87
43,73,61,21.385260521296082,70.68263188148147,4.773785019716212,601.0409673352642,wheat,2834.55
127,66,147,30.338197104089325,83.15851611982964,6.290001090094618,1644.8081965685826,chickpea,5042.25
30,78,83,38.62593663409011,59.61470122667636,5.156086978515053,1808.2676689757088,mango,3033.15
36,70,50,16.206797173949536,81.98314184133454,5.884416115540414,1087.5361806076608,rice,3543.11
44,11,86,15.0255574898612,72.09286537761359,7.779919232329748,842.5901494266617,wheat,2710.09
113,64,140,30.00454860785814,30.234840614725513,6.0361895310300975,1654.1032457490721,groundnut,5190.81
40,89,123,22.101511551992882,46.49012918075327,6.939483673025423,1411.57059514567,mango,4209.54
103,96,61,37.01370855847392,62.10293789340612,6.508640223291259,273.5731594741397,sugarcane,4554.96
56,47,96,23.181257697645425,70.21467773127813,7.374133171880145,831.3336179890592,wheat,3729.36
61,89,118,22.243440013222234,34.26340620320141,5.1246598359502755,1427.9113608248754,banana,3708.9
120,87,78,21.73776553045743,75.83019533194647,8.181764145934475,1232.623676523759,sugarcane,4745.57
67,38,129,18.621320681706102,65.32984634707189,7.074531190200141,1960.5211559232007,groundnut,4209.55
122,35,76,29.538261856927765,64.17565494318856,5.583814926320429,1759.0076808055228,maize,4610.02
47,44,70,19.20534005835525,48.98296127636448,4.993014832552236,307.5291303162698,cotton,2950.93
60,88,80,25.61577899475727,68.6635014668875,5.098902256584761,1506.3842282102491,rice,4232.9
118,76,39,26.524301306391223,31.78703782606535,7.630651707584432,805.3879021948602,cotton,3772.47
66,96,105,15.512301171949362,34.20552148275925,6.852440213251832,1427.7488655547036,rice,4107.81
124,38,65,15.420181995528562,77.7015556688347,6.023033162872734,1311.0042549645134,cotton,4543.85
143,43,62,28.00531721892073,50.922937264707656,5.83160338474752,1105.490466464314,maize,4663.47
32,50,16,32.40086830572831,52.55285991559145,7.923032017602121,1735.309197811199,groundnut,2896.83
119,50,106,38.55356205701011,43.545038211669365,7.999050095125844,1475.6417482577021,groundnut,4228.8
50,32,122,19.47798210392388,58.965344986495595,6.825048153677171,1801.1992061036117,banana,3755.25
149,80,134,17.581470235902064,33.37957304173452,6.598176262660145,706.8867483854888,mango,4811.7
35,12,141,16.302197673178775,49.52360953212239,7.765792168306286,826.6295442702836,banana,3130.69
92,67,130,25.901039572823755,64.26305491555034,7.497340719177501,1319.512429658844,rice,4532.68
73,41,47,30.57868418339892,60.266074901343906,6.101300733311154,1939.6359872511246,wheat,3934.37
119,40,131,36.0138339187816,94.9785268029972,4.8309547390034275,868.8477788069262,groundnut,4858.68
128,91,35,32.066122057328286,55.26970238759915,7.574000429451111,258.12857012148413,rice,3721.4
106,52,138,20.209019726871432,55.154938851530076,5.174804115760975,1002.598319759522,banana,3782.13
27,16,13,26.544259159906975,62.73281553193992,4.565507625913913,1179.0732125522418,groundnut,2540.16
26,10,48,37.75865865771638,42.36970216762994,7.873210700815964,1641.7773356591779,rice,2658.53
55,70,63,23.16852656193428,86.95978749234527,6.813015381346874,1511.48086399395,tomato,4063.25
37,23,42,27.46825912729829,67.19740627618916,8.066664142143033,1936.392825293005,maize,2847.33
22,61,29,38.96413336609242,42.486996547962455,6.438352332790473,1608.8289690016393,groundnut,3176.62
47,15,25,33.367700139342446,81.57370343918859,8.205924402845612,737.5311867221887,tomato,3276.14
89,19,136,33.6935096410423,32.23159112428546,5.915886991915455,1354.4845597643055,banana,3412.48
47,80,96,21.30835011033069,93.86667303805277,7.3980880093371715,1410.0341481137941,sugarcane,4145.84
73,99,91,25.367452957628203,86.23470676013915,5.7039460370471335,1996.4369266769413,rice,4886.81
84,39,71,17.058554077418044,67.67656460971129,4.504654657311914,449.7282402081996,tomato,3144.15
119,30,40,30.16314667626334,37.23421807920932,6.018978138195827,544.3859048428221,maize,3489.7
40,69,51,17.593254113562352,43.99273026382864,7.451062052436955,479.9245592156401,cotton,2690.12
32,90,21,35.897739555148874,48.1632860703816,5.100096717786055,1260.3082054987349,cotton,3156.88
76,83,74,35.36384467549992,45.667062963734715,6.519208132829572,443.5419300212362,chickpea,3545.09
68,72,82,28.34012752805774,62.33880067947397,5.34928593940286,1380.813876028164,maize,3781.84
137,51,140,18.529150829925744,91.3964240673646,4.798496485676411,1646.793291555594,chickpea,5211.01
73,60,124,15.639474579879204,58.87121800990768,6.969807927777265,979.0272635723488,chickpea,4128.13
72,73,146,34.91771668856431,73.00169693127135,8.307870489213613,1209.2331474010357,chickpea,3774.21
63,85,115,30.00351208033567,74.7579083886235,5.742816874871668,1842.8997499243235,wheat,4774.62
66,65,25,32.773240918697084,86.65274714154137,6.822583201439802,1225.2186516395022,groundnut,3650.02
72,89,87,22.59517814340919,32.19838369214875,8.314413471003178,575.4899936627613,groundnut,3534.09
93,50,134,27.737068446097865,56.28145385759024,7.1019333999787495,817.7488371980513,cotton,3866.46
65,41,140,33.67935426349126,81.00778241559645,7.192453209239817,1153.7224460110433,rice,4305.07
32,24,139,26.56408270784499,82.966355972754,5.215714046243344,478.8158338812529,mango,3132.74
121,71,121,30.03460556921827,90.27661998631072,6.470438715411307,1302.5357036423648,maize,4895.78
43,36,136,34.74320654519906,75.68163338817016,5.968330988348987,1998.6429653912462,mango,4028.75
21,37,30,20.38051613165947,45.93500649680833,6.38382740956412,1374.562936893736,banana,3185.31
100,90,98,16.64822223393706,62.86827330048458,7.703306305767509,870.3400592259942,rice,4308.91
119,73,56,28.295587770270128,32.102443714728345,6.342795950984393,797.1436850259125,chickpea,3850.61
130,68,94,16.55314426800239,72.05034217138603,4.75140271303134,1876.8859806930952,tomato,5312.82
121,67,137,34.16393235916883,66.02918874806919,8.122166644603452,1768.7257230415805,wheat,5230.88
36,11,81,32.980286190844716,73.34435824948406,6.6792635498078825,1050.245516357781,tomato,2904.61
31,45,51,37.04281678663243,90.4591359701937,8.197977434121167,836.1462161005115,tomato,2993.62
135,80,18,30.989052450849016,74.67297976182806,6.789418048110498,1478.8357104736147,mango,4263.98
43,22,34,16.679939268809346,50.82924547435948,4.778545263900242,766.104455997709,sugarcane,2756.71
48,24,11,21.328803137240435,42.91788315156019,6.711477574103085,414.9258180545728,wheat,2429.14
141,98,28,35.198296114067986,85.55135344321256,6.802955729970723,758.2739821427474,banana,5006.26
109,96,29,19.178310432839694,42.63158931279444,5.357359517371902,981.7327678109634,wheat,3387.15
84,69,79,32.46201169537218,40.50462273869866,6.384116336417507,659.7404767688747,chickpea,3588.28
103,31,26,34.50648327301195,43.42978524426343,6.337766047494606,590.2647065079013,chickpea,3369.37
138,72,133,23.25279494638103,63.07465512848294,6.9915045960824145,211.05229279645593,chickpea,3924.07
35,99,98,23.057436835072714,38.072183805364695,5.5384563946956815,1335.517006527284,rice,3803.15
123,84,103,28.94506703022867,90.97769148878564,6.826993671792775,1306.008096169014,sugarcane,5079.69
111,83,93,36.532158318869094,92.80649097060584,5.463808170547772,538.4454279873107,rice,3976.44
46,34,140,20.597655047837016,93.29712046339492,6.285781088815627,1898.5701292601316,chickpea,4219.77
52,57,96,38.531454901060066,32.54311231328179,4.990822797349228,937.2276232485646,banana,3264.67
74,52,60,29.977967120502704,91.50283922120207,4.649202191445912,245.86298043735178,chickpea,3090.41
26,47,91,39.8031617838069,94.83197062013264,5.782349223966936,595.5894510767184,rice,3267.77
76,50,17,17.240343099883066,91.25789210745666,5.5982870025989655,1445.7214716881504,wheat,3767.24
145,54,130,18.164053412668977,73.6110288745759,6.127743648125387,562.9158178590715,tomato,4185.5
31,97,13,35.66604509283707,75.57995990655255,8.34793048000136,297.042425976901,wheat,3027.28
35,49,95,36.61889739009623,37.9464410917741,6.588917179081314,1311.8711985104112,chickpea,3551.38
62,26,137,26.13646720927335,86.82931000987256,6.712706824547026,1133.0386230695294,cotton,4384.53
136,97,119,32.851779403558375,33.876573000870145,8.266404155149496,1570.2785049772162,wheat,4864.65
130,66,108,36.68893218613846,50.652485530146585,8.184588550367332,1590.7364993794552,groundnut,4822.59
70,11,46,16.078194705470718,94.42485693463216,8.036447815601672,1927.8834568179118,tomato,3351.51
94,71,80,29.348760574831466,57.45131214169469,4.891978968118853,302.63157923336973,groundnut,3652.66
27,97,42,36.33701666316224,38.525154557741814,7.037189642081321,270.180955672811,tomato,2654.38
64,18,40,24.953873614619376,93.0041530331902,7.732395921974048,1976.9546864497893,sugarcane,3822.57
78,77,134,22.55959015281067,93.96907705771284,7.842298758308379,1360.7261798545169,groundnut,4305.51
123,90,21,34.89266712737094,42.157774540516435,6.811628570007585,1487.6669714016284,wheat,4756.47
117,26,20,23.394664587570905,86.21224756811111,4.569982189944676,373.66763552330326,tomato,2976.16
98,59,97,15.07935745461258,55.37751620260296,8.39485160656694,325.66284352700654,sugarcane,3646.98
143,49,81,38.989314690726644,54.788950191636445,6.388786811032485,488.4564690843878,mango,4013.18
23,67,41,29.803080908775463,47.075346073298604,6.074383581094393,968.9520850354453,cotton,3543.97
109,84,66,35.48794796775178,32.90616784606827,6.079794854709052,398.31712891935626,maize,3983.8
123,94,95,35.632539058567865,47.420583939539526,6.196603520233066,1003.4007327934903,sugarcane,4624.85
138,30,28,16.66026050931832,33.49549884664838,5.468722872691012,1210.764625582406,wheat,3513.27
75,27,125,19.271504984661618,90.08418301339762,5.809334502999319,200.5993421931943,wheat,3905.55
115,64,23,22.778017018991186,73.01184370552735,8.441430439098957,405.64213542555945,cotton,2669.33
94,38,42,23.017482126033073,87.63047225106544,5.972672001024376,875.3513451821817,cotton,3992.13
51,33,19,31.469652942022822,76.62389429558709,6.6069000658951555,295.9936268542403,sugarcane,3022.31
47,83,89,30.57832301881712,38.533646620371556,7.893177063900874,440.35215196185214,chickpea,3205.06
41,26,73,27.364744450245343,91.13779988779436,6.609711244435454,617.2335028207181,cotton,3519.89
36,27,77,20.2815933077192,88.49304848612985,5.79781368647267,973.2825455017645,chickpea,3129.75
78,51,101,24.549586742257585,52.62494506356732,6.595003907674121,1486.7069562860765,mango,4269.15
109,93,134,28.589849211629236,37.24966712285897,4.95634524175639,438.8395012865226,wheat,3881.37
125,54,89,26.69963415259855,75.7700588012768,5.020027820931079,1528.325429436798,sugarcane,4427.75
45,91,68,18.18231332737696,77.34348467788696,7.276430128922676,1739.1093134909975,cotton,3824.82
44,26,106,31.237762337548094,88.29388791464596,8.169842629038982,1372.66178039342,mango,3509.2
64,82,28,16.826294420266514,33.42262436432019,7.402712533954073,278.70625177003603,sugarcane,3235.54
102,23,31,24.454867077027007,39.21074947177917,4.798452962629429,993.1766364693945,tomato,3710.99
30,58,18,32.750733691880725,68.88617153714685,6.111582444124023,1388.1188029402997,maize,3157.53
123,38,18,15.500588362992662,70.24355080655536,4.510214353072255,1961.3236422931623,tomato,4061.14
87,13,36,29.249570476132902,32.18462805047541,6.5448269733025315,1913.2550985246364,rice,3998.58
114,91,26,23.363024353582432,55.8005833190078,5.272817939527405,912.2656779918537,chickpea,4186.09
84,29,54,15.220796085568361,67.97051253294319,7.972586594914627,1308.6759300051667,rice,3631.87
68,56,17,19.759581776524296,77.9642366548627,4.917340211476329,1803.4672652508532,banana,3461.24
71,18,134,38.523654831766365,50.54979496559136,4.505733594588122,1695.8832452771537,mango,4149.81
121,86,132,28.02872263762726,61.453727046419694,6.3045841724550415,1062.9593014029497,chickpea,4944.81
76,88,42,39.93068011572829,82.9135667002806,5.121733215702957,670.2343956049222,mango,3783.56
66,36,10,28.12041875911853,92.00317915335313,7.451945529100646,446.77990423789936,tomato,3293.13
45,24,15,28.598410307256707,44.97045390033996,8.17973892712558,1078.3642791498664,groundnut,2550.5
133,28,50,24.79607532332131,46.447743378293254,4.667752057210269,1501.1225756179206,chickpea,4452.59
24,99,14,22.751010468285358,91.08818218320191,6.082328447664387,1945.5854837892787,wheat,4274.56
103,61,89,21.28863882832362,55.734224799574434,8.4872599042838,1751.26682868156,mango,4135.49
71,35,27,23.585515403266847,76.69264109384827,7.430687880002674,567.633719446691,wheat,3204.21
124,98,91,26.496277022510803,69.79723986744196,8.312750574823228,1495.6006282804458,groundnut,4725.23
73,35,74,19.79979875576975,48.56319918661366,5.156333140864622,720.3822569451748,cotton,3737.08
34,35,92,20.621877295142397,72.48154442727161,5.385474237967815,1430.2506699804735,mango,3203.9
80,55,145,21.788619216710977,72.61178356220327,5.119244962387304,1398.4498288293908,rice,4307.52
141,58,140,26.23149729827098,68.50880705158995,5.709476135103753,690.3750852659746,mango,4876.88
40,91,34,31.320334170356077,36.47795361521834,7.3975362733162076,621.8995163911156,cotton,3070.81
65,62,78,36.40365375715718,94.68616845431245,5.159786643032753,387.0879726600665,tomato,3807.75
57,12,91,22.178295929678583,56.02706997610378,6.5969361515331535,290.9713462483281,sugarcane,3166.51
81,75,126,19.593208508535934,71.48631405080428,5.576839676457592,1745.2119059416477,rice,4858.85
105,51,104,24.471186621263875,87.57451011732024,7.816783116547661,289.72891034307503,rice,3881.2
97,28,42,37.35957690929639,57.51375174728936,4.526369621355756,359.7340997452054,groundnut,2893.05
65,26,120,15.246518208428487,80.30512869236065,5.392459834154668,629.9336636627597,tomato,3551.36
22,42,134,31.946715401443633,93.16858760416139,6.920963030288728,1797.784991232097,rice,3871.92
25,85,25,26.929001160289538,53.33075941644814,4.88684200789537,799.2926487599444,maize,2598.66
112,58,89,19.026155374017,56.34252206512788,6.365248863783958,545.2392034218659,wheat,3942.25
27,65,47,23.025538156861668,88.86244383477697,6.244829185929479,1487.9998924311712,chickpea,4303.99
127,72,144,20.623751096925847,40.3767864079869,7.910092027287055,774.3255587636343,maize,4862.56
94,12,87,36.945804197253054,31.85866449336375,7.001588772667253,800.0599485371533,sugarcane,3230.62
96,58,72,27.046834598624756,89.07778531519227,7.05880824863641,1530.157872689365,mango,3928.08
69,64,121,29.07735694681232,83.40345231764272,8.307230407156663,652.9750680949505,tomato,3657.35
30,35,98,29.842190483425515,93.21789711583659,8.4294415012935,1814.168085870126,banana,3943.85
114,81,47,30.990428115058904,33.785455876194085,7.113578928611354,1210.5590203970214,banana,3632.44
89,61,61,27.388892259398247,40.151526478664174,6.588005800608217,1168.0970801103454,maize,4014.52
35,16,38,15.446838270907895,36.84531634083758,6.931680233859519,676.5540231191773,rice,2541.89
87,55,85,23.368067172866297,74.4220485990911,6.029774820216641,1703.1698122338662,mango,4439.47
118,55,73,19.59683101802478,69.39065479356431,8.44982646784031,1230.9491915687024,tomato,4226.63
67,25,100,32.00357107279193,53.35678796017188,7.320085037987435,479.9297862294067,cotton,2883.15
83,33,98,16.417616284251167,33.73252616114593,5.664027177516658,571.3368270405726,mango,3456.64
109,70,22,29.095084777791108,71.57802896302516,4.731065195888274,1042.8606358771585,chickpea,4042.84
95,63,81,20.265793056857525,67.05783153247867,4.678887716607871,1603.3552803494995,groundnut,4103.9
120,71,14,38.72114596167653,37.338708718940026,5.319651922106157,1890.7314925105284,tomato,3984.2
108,10,21,23.388523554663387,89.07913079079142,5.431652217012447,1394.2975346785042,mango,3550.66
37,58,12,23.130529784365855,42.93173112867939,6.1601819758156005,1111.0578492049367,tomato,3013.33
38,34,42,38.08461669976809,78.32809488935067,5.359384046545015,651.3175595216444,cotton,2815.17
74,19,130,25.43369800760353,87.52993106529163,7.023641723446978,1411.1623288203493,rice,4135.49
121,89,59,39.07155835464356,67.66587439509105,5.345018923242327,1968.0315605363132,sugarcane,4478.07
137,25,146,15.604258803337586,46.045178844386335,5.251506155764584,1057.200455970623,groundnut,4047.23
23,67,38,22.658614380053656,50.10115364563419,6.38494797120148,491.85538200181173,groundnut,2370.5
127,81,48,31.65482400666078,87.5735896917241,8.054674397295276,386.01304661752147,rice,4478.17
134,38,100,37.27142411319096,49.386715164471504,6.373221949514537,684.6611286781665,chickpea,4280.69
48,15,109,21.410139825207096,78.50238141562478,6.155394978288668,1224.9956342382382,banana,3501.94
78,25,26,38.26193979909171,94.36073879660134,6.812379629838835,1904.249541964392,sugarcane,4446.54
144,29,65,29.853036662479703,94.98808675857406,5.5288547150065135,738.497149515464,maize,4747.7
117,89,55,35.0252060799479,64.67618363750654,5.913746217961737,749.704108468888,maize,4656.31
36,80,76,24.930182607672428,83.72612679109636,5.355341022668522,1066.1233864019464,sugarcane,3578.01
126,87,76,20.304509564171834,94.36624141487796,6.787239978430735,1853.3762031785398,chickpea,4990.95
62,52,32,37.780885386192324,54.35373783972884,7.289550246276861,954.2990910603605,chickpea,3734.2
99,35,103,38.32839671015547,46.406623029569886,7.1947945639622874,601.8129053496797,cotton,3801.02
27,99,63,27.43937860385339,37.425168129741905,5.519271271859047,493.63564696718845,wheat,3068.44
125,87,147,15.162375399981412,39.1584764747532,7.618592822991868,1022.627664690467,mango,4868.87
27,80,86,17.74457384176011,85.48116363534311,5.5238146609997205,1641.2193843142693,chickpea,4752.04
115,42,25,29.325699005793044,68.26700086995982,5.101246205071051,724.4343285039013,maize,3645.94
113,35,50,15.594417557547155,86.79109640051158,5.899234994748777,1122.5407506151573,rice,4656.01
84,54,107,24.922798099667382,81.31458078709095,6.890976356683532,1285.4148903605883,maize,4116.42
58,93,137,22.584248639300313,73.79340095312116,5.068007275217592,1010.8467409842152,wheat,4398.13
100,72,70,32.85870688505511,69.60529247394595,7.092348448433825,545.0424344359209,sugarcane,4540.75
103,76,95,16.38946682369838,33.142028771576044,7.952271985013963,1859.1422202827398,wheat,4348.06
107,61,127,27.218281724432188,86.6978877402075,5.672562041032283,1217.8086234220712,tomato,4183.09
105,77,109,29.477856746890133,57.15973400918143,6.300826464460478,1512.441891044994,mango,4889.05
112,35,58,30.43227690131544,66.38614570964049,5.413241702500713,1344.8774097882792,tomato,4022.21
105,84,11,25.128941800423522,31.426977622006348,5.94504691628158,1996.4864391096326,cotton,4469.55
63,11,129,22.609194585738773,90.84477762108116,4.58788228321003,1021.3582419895807,chickpea,3481.39
93,23,132,32.062325843428724,88.6781299709801,8.31507758485131,964.9502719383681,cotton,4773.27
55,39,95,36.189226202562374,65.31307194467686,6.16356085284878,848.2517589620113,wheat,3505.72
120,58,86,32.34044094457197,67.52525615594323,7.655480439272321,850.9312268124728,tomato,4498.72
123,21,145,38.30255913643054,75.82611880622676,5.070573749426039,696.3863792910261,rice,3961.13
85,99,68,32.93158813394818,47.20516826834975,7.749420176401595,1965.1342252637846,mango,4066.69
74,53,21,34.11546835034046,44.42451547636467,7.9405892438488035,1767.4076617434414,rice,3139.8
110,42,13,19.197579915052223,73.81149152910612,7.361908514750716,770.0114089229891,rice,3327.79
41,22,126,25.488491113167797,36.78745900032903,8.112833299933621,749.412280369704,rice,3002.19
120,87,104,27.12638327389913,59.51403030701975,5.168788517872546,386.36117693309865,sugarcane,4063.74
140,97,134,21.40732905736519,62.02942755994085,6.40592731515448,1778.6555489170871,chickpea,5240.5
112,35,50,28.2134965089072,54.786903499485916,6.980438128064629,869.178891487891,chickpea,3575.39
127,30,132,22.26979860554619,42.042431420352756,6.884771882789949,1230.7077058612301,tomato,4613.15
29,37,16,32.1875523201104,53.09555718114805,7.944163738105193,1820.679911985676,rice,3152.28
28,57,78,26.757211917579397,51.94122148142925,5.362765471891542,934.5811672535702,groundnut,3297.19
53,49,78,26.470173856725893,62.45226885216877,5.202575330155465,1652.3624781611152,mango,3589.63
148,75,90,39.59106327582029,73.85425470260375,5.513514379431806,974.5141272477628,groundnut,5502.96
108,82,39,24.811121213564263,92.93528302920109,8.066200197651483,1461.6936902319549,cotton,4896.87
112,96,82,24.057385814739206,39.37061191133134,8.264108330630298,976.131932945926,tomato,3786.91
90,88,15,22.965109282066358,86.74611214617032,6.778520417079989,906.9664421984467,mango,4381.81
86,86,98,37.36873052439495,48.47157002536706,6.5054877382820795,1983.2766312114345,wheat,4691.26
136,32,75,27.418095652454454,68.43923005009137,6.921542432050625,1302.229715606435,tomato,4485.75
113,90,19,30.00036193701589,65.53790161895142,6.965230599386777,861.3041269213626,cotton,4190.2
118,57,46,19.520461975059874,66.2016472108371,5.181218819773983,664.0750587562721,cotton,3698.45
132,11,86,28.52355900012317,77.01830976172283,7.245643526492521,271.5794664133095,cotton,4198.83
122,93,86,21.86620482171221,54.809739873684734,6.309404409393702,1471.8194124477086,groundnut,4719.95
110,29,41,33.26592303157194,50.74149761039561,6.569527835392181,869.8833707514716,chickpea,3520.88
109,68,56,35.81320871980955,85.43424725705603,4.621266417340622,1678.2574948017766,mango,4771.72
36,55,119,32.870267303281935,44.30617761782757,7.558226530124122,854.9632291201737,wheat,3829.95
37,12,129,33.256104156756436,41.7159924252243,7.8417118450715275,871.9925463650545,banana,2687.82
135,64,19,27.811867602987924,31.01448338259196,6.977686215738187,1602.525811532161,banana,3892.8
112,21,106,32.80295140835338,43.68755583189714,7.4948945411866505,1081.0399821547767,rice,4212.11
110,49,14,25.567173387704006,63.704543165586045,6.590824012688408,1792.8105870825073,sugarcane,4360.34
101,75,86,31.287228838240324,65.00307674591738,6.973413515914222,1262.2443620681936,tomato,4602.85
87,87,10,21.475980253012867,46.53733192770973,6.078286793852954,633.1606643258776,sugarcane,3519.0
133,25,140,16.743925307800254,34.69782105267799,7.66749706025005,1222.8893377400602,banana,4457.38
20,92,76,25.336831603049212,78.4016517624384,6.37308372105797,207.20301668246364,banana,3333.75
77,43,24,26.54445389451225,79.26839765654948,7.22085161767553,762.3152744936946,maize,3296.68
128,53,102,21.41017895471725,94.8593657589515,6.985717514478019,574.3142128960592,wheat,4844.06
135,15,39,33.19273796018094,88.50192208475664,7.309258073542999,1377.5381400852825,maize,4537.43
106,86,112,16.838761974406978,90.19403419364676,7.640863500500894,444.86945029964903,rice,4361.89
29,73,91,20.568708109479715,81.88324867335622,6.55085392637198,722.1754041706515,maize,3507.39
78,31,84,33.71411796134067,70.00768546986245,7.752263797022675,796.3553977821116,tomato,3278.65
60,27,69,25.92810684350031,38.35548724429318,6.4890289490864355,205.9278119549927,groundnut,2904.44
124,21,49,32.63209060098281,70.45036433463204,8.326537291455747,284.17982285510055,rice,3615.46
141,61,83,29.187146944589905,33.63713092695073,7.510686994459177,760.0270303595408,groundnut,4148.16
41,60,130,38.767818749934065,87.5444422326275,5.184566598984256,600.241615745442,rice,3258.63
117,80,12,29.944895818070826,61.318386801922834,7.818337885453725,410.43212950728,maize,3117.89
87,57,45,15.371724358637993,75.33573407842701,6.7063506432265365,477.49098143712433,banana,3616.73
75,28,52,23.82193376260835,33.39583814023766,8.437843831895462,1703.9665304841553,groundnut,3350.25
118,15,124,18.57651705511769,64.72614748998365,7.375276174694109,1429.9752359228646,mango,4580.36
95,93,118,38.115841939942584,49.582120860468564,4.837562986280764,1071.4115558029696,rice,4596.0
45,36,99,17.60031135712701,48.52293727292097,6.079841710441395,1835.9745972264786,sugarcane,3556.06
134,62,93,24.692666578277187,55.327634455706864,6.569101610693066,253.1950236949134,chickpea,3763.88
128,57,86,20.652479840667304,30.041564955934767,7.856054412639208,820.8828846988752,mango,3775.35
66,16,14,36.16804975991833,60.33295731181128,7.417382137319091,1682.0906915073058,mango,3951.75
90,68,87,22.714162439722923,61.62683443451599,5.977440282446556,1330.9201902535785,cotton,4755.61
59,78,100,39.79733707856613,86.10350952953917,7.113730750010516,1967.0373820855764,cotton,4712.92
42,20,96,15.965415140306272,59.15416451236136,6.807643631593518,1900.1268619187767,cotton,3509.98
125,24,23,18.206919311564146,53.63115910139874,5.004210435809627,505.89648393497066,wheat,3344.51
103,73,113,20.61596941072773,94.65855833856011,5.439434771994402,1949.576594952209,banana,5661.7
135,12,92,35.27765100500399,67.12886609916225,5.8644892508572575,1901.9626147533304,sugarcane,4765.94
128,78,63,36.96293022660039,60.71985856121907,5.281933625454012,872.4997011326284,chickpea,4221.59
60,32,141,16.786284515235558,62.23582924564466,5.100535383320102,1969.184525040115,tomato,4475.91
131,62,104,15.81150354405691,82.59678433807233,4.732791080521148,264.51947418420934,groundnut,3696.84
131,46,18,33.613921427614486,52.14396398306046,7.992410262435721,1389.3509988439366,mango,3720.89
122,18,62,18.333800168840337,55.29543007458646,5.655773671859414,679.0660476759358,wheat,3442.37
65,24,86,18.32496467686598,79.13176835693525,5.661282415734265,433.0335738715753,groundnut,3584.51
87,12,69,15.559163362360731,34.743943074895014,5.324912549720622,1239.5628648989239,wheat,3107.72
141,79,55,16.245196939585547,86.23599527931182,6.4015894874555315,751.4305547333498,maize,4290.41
34,26,63,21.591886464887228,57.96317527041805,6.55696787168949,1400.2856188600717,wheat,2994.57
148,35,83,16.62513723527016,67.78404340786714,5.33312543450032,1171.9658938059565,maize,4418.51
130,30,121,24.221977291481892,79.23595035188929,6.934281351454603,906.660921635587,maize,4565.3
43,81,104,35.81937578068373,47.293374958557415,7.391999838374996,527.2798903668163,tomato,3325.24
46,30,32,23.158006433039816,87.87042354084232,5.995360343861808,1282.250355449918,chickpea,3686.44
59,20,36,33.195854064484294,93.6496231966797,6.841806787429755,1692.615133055993,tomato,3685.92
43,47,79,17.347749120775752,62.1278334913981,6.509207620657785,1280.0080433167063,wheat,3372.07
43,81,118,31.484379685487323,90.90092872712377,5.282193593424409,1298.9406003926345,banana,4143.82
23,97,86,22.918679581435875,30.07336046425388,7.420043955098311,1121.307255465983,maize,3278.18
86,44,59,33.74382196742595,88.12545892630934,7.70581211129619,898.832211190925,chickpea,3648.4
53,23,133,18.40630035140955,50.217945783834864,7.09517246234867,1023.4244749403831,wheat,2898.71
135,23,28,37.44708444411205,50.24720260729413,5.795584111084205,1981.1751628161478,mango,4184.43
42,19,10,21.064430072448417,44.82577621004606,8.207169977637205,1549.4033037895222,chickpea,2915.11
128,21,49,23.82844483202941,50.60590357480862,6.321433551980498,975.00703516399,mango,3892.13
88,47,31,38.754517770451045,43.876497940411284,5.563513941540391,1023.1335199181368,maize,3770.01
114,43,121,29.462058993271473,88.88149191014816,6.132938483287826,1099.337613949536,groundnut,4851.19
81,50,49,24.14428797407555,88.43654226886882,7.26830036763284,1386.7655498818633,sugarcane,3921.13
76,19,47,38.74005367584079,36.643735469840465,7.883727142636997,1038.7248215879265,maize,3417.95
73,26,57,23.2269354222508,39.28579787632201,5.926301997131491,1435.122413190638,cotton,3132.65
89,26,84,17.371767816879494,86.03121153569333,5.430497784037499,792.5380519661261,cotton,3289.61
120,76,116,39.921222196485495,55.93095510672849,7.00597252734082,939.1513376380232,banana,4684.21
76,71,17,21.696123013972844,41.002659027053085,8.184860400425142,1755.295624466925,chickpea,3364.78
122,10,95,36.281446217490185,63.19351115837687,5.233173454237686,792.0301784627768,sugarcane,3839.92
104,21,77,19.13851987057718,57.08342324480617,7.712077529197466,1935.986119715003,mango,3836.42
80,13,84,33.28384929443445,44.245500992967735,6.406428725949937,510.5089045728073,rice,3169.04
22,51,146,28.111234861806302,76.84889418804623,7.6980500158483665,635.0236682729108,cotton,3453.73
147,22,99,39.52266395725324,71.03380530162751,6.522164599093164,1034.623551358834,sugarcane,4849.1
105,94,139,28.82075890230999,36.47800488110364,6.009311097208878,1635.3357068996654,banana,4474.36
66,95,89,15.625378797271352,90.15013643114726,7.286964000838603,1516.8358597310005,wheat,4132.64
95,13,104,30.0969497406022,66.3005477724545,8.10250917837959,514.0388317059015,sugarcane,3562.89
57,91,79,18.63291140841565,46.26329165913022,5.781006921480724,626.0330467421064,wheat,3360.93
106,78,99,34.963522882052175,43.408967979703625,6.342992539977487,1235.4733802915075,chickpea,4252.25
77,28,68,36.41420491224747,38.836618789193096,5.41760250678609,731.2965415376653,tomato,3044.38
69,11,37,27.052337969867857,57.6014314153728,5.2336378544694035,960.1855840632862,wheat,2916.03
49,21,81,34.58053642630746,38.81016585090439,7.6115605695687005,1075.869515876652,chickpea,3032.49
120,90,23,18.627768387040128,57.0280668186897,5.30265646675377,1269.6428096307284,maize,4446.75
44,83,33,27.30195466339115,39.67007783521765,7.6732726853378,651.8923839906777,chickpea,3198.82
131,15,121,24.848606617264615,72.6924888990528,6.216868207361058,493.6522583989272,mango,4150.81
145,17,53,30.282934676327034,81.04073140961329,8.480194893630863,917.4140980292476,sugarcane,4411.82
142,60,65,16.111929720079,65.71897858897931,5.2893656727651575,347.64720474008016,groundnut,4334.67
66,20,129,33.803070956215684,74.20369686556833,4.871911970051304,1148.177307963642,tomato,3930.82
137,72,41,16.978232236867093,90.99461791046396,4.801732278413983,1711.2892866229536,wheat,4603.82
58,66,34,31.411787938254122,71.4941494220895,7.841672018896803,414.15618697889346,tomato,3083.85
35,21,125,15.461430638498605,53.670282881952375,6.251105244233374,402.9149578331522,sugarcane,3482.4
41,82,75,35.79720159391824,59.21621031386951,4.5124973985894865,344.3920379612339,sugarcane,2577.88
73,11,51,19.36749075559453,85.9341396946824,7.999085450013344,1726.1503215714235,wheat,4254.01
35,17,85,27.887436899424763,38.496820731756266,8.007684027641218,345.2688108706934,banana,2836.64
78,20,146,21.537322593190485,51.172906459278124,7.725666696075164,1970.231663691925,groundnut,4358.58
50,62,47,33.066180051526715,67.52320448308146,5.49327393209937,844.9963292830123,wheat,2873.7
51,19,70,23.03377750474303,73.96532201154824,5.991010880268693,791.7718864564583,rice,3108.22
28,94,98,33.11522983970793,79.62743990306083,7.479704900781934,364.93715377468857,tomato,3647.56
29,93,27,22.121780170886915,50.68344173974566,6.4574125016303405,1254.1541827491503,rice,2956.78
36,17,79,33.811827273394,39.48084371059477,5.11530630689421,1254.587982235025,tomato,2980.27
87,45,91,15.765137408422605,92.06454862897638,5.471193058110689,1088.850489122257,maize,4202.15
67,85,125,22.08278338434621,34.965494113582565,8.390358147006229,759.8362649885908,tomato,3384.32
130,23,89,27.465837661006972,36.227348126147554,5.104052469708424,863.4456021177583,sugarcane,3437.84
142,63,24,16.12648954799314,62.17126522362798,7.404323026712754,776.9061086127284,chickpea,4640.23
120,94,22,19.650851534281966,83.25261682933389,6.412073226638156,967.0635349049033,rice,4837.9
121,95,128,38.363424541030085,80.34276691309624,7.494406638208639,815.2185898662067,rice,4864.39
84,30,52,39.420856629504726,90.95045230261597,7.144452964577573,1415.93117575745,cotton,4039.25
70,59,66,33.49374868476214,39.20416741484425,6.256668762217304,732.4156502250855,tomato,3283.4
55,48,26,21.30500126542282,54.42227170905834,5.9156432987322685,831.5088166900175,groundnut,2504.01
100,29,41,21.512936135899224,48.339238366911154,7.517437017424502,983.8277926204665,mango,3846.24
146,97,64,31.144758944876823,85.95655803105367,5.792564825039306,207.13130168762044,rice,4770.67
107,96,22,17.939990414967543,61.74305031827802,7.651085920354274,1085.7486335976055,tomato,4435.96
123,16,56,38.70773451075917,31.745115737018313,7.219372265329808,660.4756457472823,sugarcane,3287.51
34,18,96,20.620322487754613,76.01768644449578,6.8106766809326755,301.07081724413223,mango,2923.75
115,10,71,39.99089063563609,55.26537635872917,5.97520353960919,1839.8383377766309,banana,4304.83
142,35,38,27.39334488256151,64.5245396191158,5.3203254310655,780.3537209964776,chickpea,4341.82
20,47,31,34.285749724823404,88.09618275564986,7.341679204962656,966.9534746108677,tomato,3547.09
141,47,74,15.054602362638931,46.68795535113276,4.865396908682324,1689.2176850088351,maize,4399.67
145,70,38,37.21866011879105,45.61720391479152,8.382169024623039,500.22014735669563,mango,3809.67
76,53,57,21.75005111951451,47.10751277170581,8.41499165846195,1730.5558572464138,banana,3596.39
100,95,14,31.698418613701634,51.97701943188068,5.020890463832554,634.9483065392799,tomato,3466.49
92,53,110,35.15888201983974,36.97800835199648,4.9157412918892085,1260.2682049075709,tomato,4634.21
89,83,80,19.103693513975053,75.31927795255831,6.15086690833212,1434.221084299121,mango,4045.46
25,71,147,26.062737033230725,43.480916658893875,8.354733089042009,1829.0251025619957,mango,4480.03
103,15,75,27.345898516298085,90.19947357258808,6.101243596924451,1293.7483904314374,mango,4411.66
71,26,81,22.802986633480113,44.019610404141595,5.955208433729339,1015.8172422500005,wheat,3306.61
22,60,34,27.04389574322454,46.61673190507038,7.314340235995084,1230.0848342151994,chickpea,2621.77
100,47,69,22.938641441383453,49.30631487270306,5.214924946380908,563.748432932367,rice,3491.04
82,33,49,24.01869362638023,79.95497630574204,5.953293934295006,1440.333801469731,mango,3761.59
68,60,16,31.733279467568472,57.79442168373194,5.665229785097951,536.3852816909994,mango,3511.03
95,19,55,30.814831707624926,83.2567505619902,6.906138490522505,1203.0457017408626,wheat,4129.48
131,81,95,20.806643144938132,81.01549130312625,5.151011544856655,1365.6865904488802,sugarcane,5486.92
